well_id,easting,northing,depth_tvd_m,porosity_pct,gamma_ray_api,bulk_density_gcc,formation_top_tvd,formation_base_tvd,formation_thickness_m,distance_to_usp_km,flag,flag_reason
JUT-01,134098.0,451726.0,1655.2728,,43.6703,,1655.2728,1781.0247,125.8,7.748433712693166,tvd_corrected,AH 1659.5-1787.0m → TVD 1655.3-1781.0m (correction: 4.2m)
JUT-01,134098.0,451726.0,1655.7659447058822,,42.8041,,1655.2728,1781.0247,125.8,7.748433712693166,tvd_corrected,AH 1659.5-1787.0m → TVD 1655.3-1781.0m (correction: 4.2m)
JUT-01,134098.0,451726.0,1656.2590894117648,,42.7589,,1655.2728,1781.0247,125.8,7.748433712693166,tvd_corrected,AH 1659.5-1787.0m → TVD 1655.3-1781.0m (correction: 4.2m)
JUT-01,134098.0,451726.0,1656.752234117647,,43.2326,,1655.2728,1781.0247,125.8,7.748433712693166,tvd_corrected,AH 1659.5-1787.0m → TVD 1655.3-1781.0m (correction: 4.2m)
JUT-01,134098.0,451726.0,1657.2453788235293,,44.7248,,1655.2728,1781.0247,125.8,7.748433712693166,tvd_corrected,AH 1659.5-1787.0m → TVD 1655.3-1781.0m (correction: 4.2m)
JUT-01,134098.0,451726.0,1657.7385235294116,,46.8832,,1655.2728,1781.0247,125.8,7.748433712693166,tvd_corrected,AH 1659.5-1787.0m → TVD 1655.3-1781.0m (correction: 4.2m)
JUT-01,134098.0,451726.0,1658.2316682352941,,49.04,,1655.2728,1781.0247,125.8,7.748433712693166,tvd_corrected,AH 1659.5-1787.0m → TVD 1655.3-1781.0m (correction: 4.2m)
JUT-01,134098.0,451726.0,1658.7248129411764,,49.9183,,1655.2728,1781.0247,125.8,7.748433712693166,tvd_corrected,AH 1659.5-1787.0m → TVD 1655.3-1781.0m (correction: 4.2m)
JUT-01,134098.0,451726.0,1659.2179576470587,,47.5234,,1655.2728,1781.0247,125.8,7.748433712693166,tvd_corrected,AH 1659.5-1787.0m → TVD 1655.3-1781.0m (correction: 4.2m)
JUT-01,134098.0,451726.0,1659.7111023529412,,45.3009,,1655.2728,1781.0247,125.8,7.748433712693166,tvd_corrected,AH 1659.5-1787.0m → TVD 1655.3-1781.0m (correction: 4.2m)
JUT-01,134098.0,451726.0,1660.2042470588235,,45.6296,,1655.2728,1781.0247,125.8,7.748433712693166,tvd_corrected,AH 1659.5-1787.0m → TVD 1655.3-1781.0m (correction: 4.2m)
JUT-01,134098.0,451726.0,1660.6973917647058,,46.7707,,1655.2728,1781.0247,125.8,7.748433712693166,tvd_corrected,AH 1659.5-1787.0m → TVD 1655.3-1781.0m (correction: 4.2m)
JUT-01,134098.0,451726.0,1661.190536470588,,46.9099,,1655.2728,1781.0247,125.8,7.748433712693166,tvd_corrected,AH 1659.5-1787.0m → TVD 1655.3-1781.0m (correction: 4.2m)
JUT-01,134098.0,451726.0,1661.6836811764706,,45.8537,,1655.2728,1781.0247,125.8,7.748433712693166,tvd_corrected,AH 1659.5-1787.0m → TVD 1655.3-1781.0m (correction: 4.2m)
JUT-01,134098.0,451726.0,1662.176825882353,,44.7331,,1655.2728,1781.0247,125.8,7.748433712693166,tvd_corrected,AH 1659.5-1787.0m → TVD 1655.3-1781.0m (correction: 4.2m)
JUT-01,134098.0,451726.0,1662.6699705882352,,45.0015,,1655.2728,1781.0247,125.8,7.748433712693166,tvd_corrected,AH 1659.5-1787.0m → TVD 1655.3-1781.0m (correction: 4.2m)
JUT-01,134098.0,451726.0,1663.1631152941177,,45.9182,,1655.2728,1781.0247,125.8,7.748433712693166,tvd_corrected,AH 1659.5-1787.0m → TVD 1655.3-1781.0m (correction: 4.2m)
JUT-01,134098.0,451726.0,1663.65626,,46.2291,,1655.2728,1781.0247,125.8,7.748433712693166,tvd_corrected,AH 1659.5-1787.0m → TVD 1655.3-1781.0m (correction: 4.2m)
JUT-01,134098.0,451726.0,1664.1494047058823,,46.1018,,1655.2728,1781.0247,125.8,7.748433712693166,tvd_corrected,AH 1659.5-1787.0m → TVD 1655.3-1781.0m (correction: 4.2m)
JUT-01,134098.0,451726.0,1664.6425494117648,,45.9444,,1655.2728,1781.0247,125.8,7.748433712693166,tvd_corrected,AH 1659.5-1787.0m → TVD 1655.3-1781.0m (correction: 4.2m)
JUT-01,134098.0,451726.0,1665.135694117647,,47.0895,,1655.2728,1781.0247,125.8,7.748433712693166,tvd_corrected,AH 1659.5-1787.0m → TVD 1655.3-1781.0m (correction: 4.2m)
JUT-01,134098.0,451726.0,1665.6288388235293,,46.9466,,1655.2728,1781.0247,125.8,7.748433712693166,tvd_corrected,AH 1659.5-1787.0m → TVD 1655.3-1781.0m (correction: 4.2m)
JUT-01,134098.0,451726.0,1666.1219835294116,,46.1043,,1655.2728,1781.0247,125.8,7.748433712693166,tvd_corrected,AH 1659.5-1787.0m → TVD 1655.3-1781.0m (correction: 4.2m)
JUT-01,134098.0,451726.0,1666.6151282352942,,45.0474,,1655.2728,1781.0247,125.8,7.748433712693166,tvd_corrected,AH 1659.5-1787.0m → TVD 1655.3-1781.0m (correction: 4.2m)
JUT-01,134098.0,451726.0,1667.1082729411764,,43.705,,1655.2728,1781.0247,125.8,7.748433712693166,tvd_corrected,AH 1659.5-1787.0m → TVD 1655.3-1781.0m (correction: 4.2m)
JUT-01,134098.0,451726.0,1667.6014176470587,,42.3631,,1655.2728,1781.0247,125.8,7.748433712693166,tvd_corrected,AH 1659.5-1787.0m → TVD 1655.3-1781.0m (correction: 4.2m)
JUT-01,134098.0,451726.0,1668.0945623529412,,41.0223,,1655.2728,1781.0247,125.8,7.748433712693166,tvd_corrected,AH 1659.5-1787.0m → TVD 1655.3-1781.0m (correction: 4.2m)
JUT-01,134098.0,451726.0,1668.5877070588235,,40.4711,,1655.2728,1781.0247,125.8,7.748433712693166,tvd_corrected,AH 1659.5-1787.0m → TVD 1655.3-1781.0m (correction: 4.2m)
JUT-01,134098.0,451726.0,1669.0808517647058,,42.4418,,1655.2728,1781.0247,125.8,7.748433712693166,tvd_corrected,AH 1659.5-1787.0m → TVD 1655.3-1781.0m (correction: 4.2m)
JUT-01,134098.0,451726.0,1669.573996470588,,44.413,,1655.2728,1781.0247,125.8,7.748433712693166,tvd_corrected,AH 1659.5-1787.0m → TVD 1655.3-1781.0m (correction: 4.2m)
JUT-01,134098.0,451726.0,1670.0671411764706,,46.6571,,1655.2728,1781.0247,125.8,7.748433712693166,tvd_corrected,AH 1659.5-1787.0m → TVD 1655.3-1781.0m (correction: 4.2m)
JUT-01,134098.0,451726.0,1670.560285882353,,49.8368,,1655.2728,1781.0247,125.8,7.748433712693166,tvd_corrected,AH 1659.5-1787.0m → TVD 1655.3-1781.0m (correction: 4.2m)
JUT-01,134098.0,451726.0,1671.0534305882352,,52.1395,,1655.2728,1781.0247,125.8,7.748433712693166,tvd_corrected,AH 1659.5-1787.0m → TVD 1655.3-1781.0m (correction: 4.2m)
JUT-01,134098.0,451726.0,1671.5465752941177,,51.955,,1655.2728,1781.0247,125.8,7.748433712693166,tvd_corrected,AH 1659.5-1787.0m → TVD 1655.3-1781.0m (correction: 4.2m)
JUT-01,134098.0,451726.0,1672.03972,,50.943,,1655.2728,1781.0247,125.8,7.748433712693166,tvd_corrected,AH 1659.5-1787.0m → TVD 1655.3-1781.0m (correction: 4.2m)
JUT-01,134098.0,451726.0,1672.5328647058823,,49.5481,,1655.2728,1781.0247,125.8,7.748433712693166,tvd_corrected,AH 1659.5-1787.0m → TVD 1655.3-1781.0m (correction: 4.2m)
JUT-01,134098.0,451726.0,1673.0260094117646,,48.9869,,1655.2728,1781.0247,125.8,7.748433712693166,tvd_corrected,AH 1659.5-1787.0m → TVD 1655.3-1781.0m (correction: 4.2m)
JUT-01,134098.0,451726.0,1673.519154117647,,48.4745,,1655.2728,1781.0247,125.8,7.748433712693166,tvd_corrected,AH 1659.5-1787.0m → TVD 1655.3-1781.0m (correction: 4.2m)
JUT-01,134098.0,451726.0,1674.0122988235294,,50.0831,,1655.2728,1781.0247,125.8,7.748433712693166,tvd_corrected,AH 1659.5-1787.0m → TVD 1655.3-1781.0m (correction: 4.2m)
JUT-01,134098.0,451726.0,1674.5054435294117,,50.6246,,1655.2728,1781.0247,125.8,7.748433712693166,tvd_corrected,AH 1659.5-1787.0m → TVD 1655.3-1781.0m (correction: 4.2m)
JUT-01,134098.0,451726.0,1674.9985882352942,,50.3588,,1655.2728,1781.0247,125.8,7.748433712693166,tvd_corrected,AH 1659.5-1787.0m → TVD 1655.3-1781.0m (correction: 4.2m)
JUT-01,134098.0,451726.0,1675.4917329411765,,49.3762,,1655.2728,1781.0247,125.8,7.748433712693166,tvd_corrected,AH 1659.5-1787.0m → TVD 1655.3-1781.0m (correction: 4.2m)
JUT-01,134098.0,451726.0,1675.9848776470587,,48.4556,,1655.2728,1781.0247,125.8,7.748433712693166,tvd_corrected,AH 1659.5-1787.0m → TVD 1655.3-1781.0m (correction: 4.2m)
JUT-01,134098.0,451726.0,1676.478022352941,,49.272,,1655.2728,1781.0247,125.8,7.748433712693166,tvd_corrected,AH 1659.5-1787.0m → TVD 1655.3-1781.0m (correction: 4.2m)
JUT-01,134098.0,451726.0,1676.9711670588235,,51.2883,,1655.2728,1781.0247,125.8,7.748433712693166,tvd_corrected,AH 1659.5-1787.0m → TVD 1655.3-1781.0m (correction: 4.2m)
JUT-01,134098.0,451726.0,1677.4643117647058,,52.1856,,1655.2728,1781.0247,125.8,7.748433712693166,tvd_corrected,AH 1659.5-1787.0m → TVD 1655.3-1781.0m (correction: 4.2m)
JUT-01,134098.0,451726.0,1677.957456470588,,51.0805,,1655.2728,1781.0247,125.8,7.748433712693166,tvd_corrected,AH 1659.5-1787.0m → TVD 1655.3-1781.0m (correction: 4.2m)
JUT-01,134098.0,451726.0,1678.4506011764706,,49.6104,,1655.2728,1781.0247,125.8,7.748433712693166,tvd_corrected,AH 1659.5-1787.0m → TVD 1655.3-1781.0m (correction: 4.2m)
JUT-01,134098.0,451726.0,1678.943745882353,,50.1581,,1655.2728,1781.0247,125.8,7.748433712693166,tvd_corrected,AH 1659.5-1787.0m → TVD 1655.3-1781.0m (correction: 4.2m)
JUT-01,134098.0,451726.0,1679.4368905882352,,50.2324,,1655.2728,1781.0247,125.8,7.748433712693166,tvd_corrected,AH 1659.5-1787.0m → TVD 1655.3-1781.0m (correction: 4.2m)
JUT-01,134098.0,451726.0,1679.9300352941177,,49.7141,,1655.2728,1781.0247,125.8,7.748433712693166,tvd_corrected,AH 1659.5-1787.0m → TVD 1655.3-1781.0m (correction: 4.2m)
JUT-01,134098.0,451726.0,1680.42318,,49.1968,,1655.2728,1781.0247,125.8,7.748433712693166,tvd_corrected,AH 1659.5-1787.0m → TVD 1655.3-1781.0m (correction: 4.2m)
JUT-01,134098.0,451726.0,1680.9163247058823,,49.6544,,1655.2728,1781.0247,125.8,7.748433712693166,tvd_corrected,AH 1659.5-1787.0m → TVD 1655.3-1781.0m (correction: 4.2m)
JUT-01,134098.0,451726.0,1681.4094694117646,,50.9431,,1655.2728,1781.0247,125.8,7.748433712693166,tvd_corrected,AH 1659.5-1787.0m → TVD 1655.3-1781.0m (correction: 4.2m)
JUT-01,134098.0,451726.0,1681.902614117647,,52.1536,,1655.2728,1781.0247,125.8,7.748433712693166,tvd_corrected,AH 1659.5-1787.0m → TVD 1655.3-1781.0m (correction: 4.2m)
JUT-01,134098.0,451726.0,1682.3957588235294,,52.0211,,1655.2728,1781.0247,125.8,7.748433712693166,tvd_corrected,AH 1659.5-1787.0m → TVD 1655.3-1781.0m (correction: 4.2m)
JUT-01,134098.0,451726.0,1682.8889035294117,,51.8866,,1655.2728,1781.0247,125.8,7.748433712693166,tvd_corrected,AH 1659.5-1787.0m → TVD 1655.3-1781.0m (correction: 4.2m)
JUT-01,134098.0,451726.0,1683.3820482352942,,50.6517,,1655.2728,1781.0247,125.8,7.748433712693166,tvd_corrected,AH 1659.5-1787.0m → TVD 1655.3-1781.0m (correction: 4.2m)
JUT-01,134098.0,451726.0,1683.8751929411765,,49.288,,1655.2728,1781.0247,125.8,7.748433712693166,tvd_corrected,AH 1659.5-1787.0m → TVD 1655.3-1781.0m (correction: 4.2m)
JUT-01,134098.0,451726.0,1684.3683376470588,,47.9256,,1655.2728,1781.0247,125.8,7.748433712693166,tvd_corrected,AH 1659.5-1787.0m → TVD 1655.3-1781.0m (correction: 4.2m)
JUT-01,134098.0,451726.0,1684.861482352941,,46.7753,,1655.2728,1781.0247,125.8,7.748433712693166,tvd_corrected,AH 1659.5-1787.0m → TVD 1655.3-1781.0m (correction: 4.2m)
JUT-01,134098.0,451726.0,1685.3546270588236,,46.3425,,1655.2728,1781.0247,125.8,7.748433712693166,tvd_corrected,AH 1659.5-1787.0m → TVD 1655.3-1781.0m (correction: 4.2m)
JUT-01,134098.0,451726.0,1685.8477717647058,,46.5323,,1655.2728,1781.0247,125.8,7.748433712693166,tvd_corrected,AH 1659.5-1787.0m → TVD 1655.3-1781.0m (correction: 4.2m)
JUT-01,134098.0,451726.0,1686.3409164705881,,46.8899,,1655.2728,1781.0247,125.8,7.748433712693166,tvd_corrected,AH 1659.5-1787.0m → TVD 1655.3-1781.0m (correction: 4.2m)
JUT-01,134098.0,451726.0,1686.8340611764706,,47.1875,,1655.2728,1781.0247,125.8,7.748433712693166,tvd_corrected,AH 1659.5-1787.0m → TVD 1655.3-1781.0m (correction: 4.2m)
JUT-01,134098.0,451726.0,1687.327205882353,,47.1871,,1655.2728,1781.0247,125.8,7.748433712693166,tvd_corrected,AH 1659.5-1787.0m → TVD 1655.3-1781.0m (correction: 4.2m)
JUT-01,134098.0,451726.0,1687.8203505882352,,46.84,,1655.2728,1781.0247,125.8,7.748433712693166,tvd_corrected,AH 1659.5-1787.0m → TVD 1655.3-1781.0m (correction: 4.2m)
JUT-01,134098.0,451726.0,1688.3134952941175,,46.3613,,1655.2728,1781.0247,125.8,7.748433712693166,tvd_corrected,AH 1659.5-1787.0m → TVD 1655.3-1781.0m (correction: 4.2m)
JUT-01,134098.0,451726.0,1688.80664,,45.1155,,1655.2728,1781.0247,125.8,7.748433712693166,tvd_corrected,AH 1659.5-1787.0m → TVD 1655.3-1781.0m (correction: 4.2m)
JUT-01,134098.0,451726.0,1689.2997847058823,,46.1759,,1655.2728,1781.0247,125.8,7.748433712693166,tvd_corrected,AH 1659.5-1787.0m → TVD 1655.3-1781.0m (correction: 4.2m)
JUT-01,134098.0,451726.0,1689.7929294117646,,50.0919,,1655.2728,1781.0247,125.8,7.748433712693166,tvd_corrected,AH 1659.5-1787.0m → TVD 1655.3-1781.0m (correction: 4.2m)
JUT-01,134098.0,451726.0,1690.286074117647,,52.9435,,1655.2728,1781.0247,125.8,7.748433712693166,tvd_corrected,AH 1659.5-1787.0m → TVD 1655.3-1781.0m (correction: 4.2m)
JUT-01,134098.0,451726.0,1690.7792188235294,,51.5258,,1655.2728,1781.0247,125.8,7.748433712693166,tvd_corrected,AH 1659.5-1787.0m → TVD 1655.3-1781.0m (correction: 4.2m)
JUT-01,134098.0,451726.0,1691.2723635294117,,49.9855,,1655.2728,1781.0247,125.8,7.748433712693166,tvd_corrected,AH 1659.5-1787.0m → TVD 1655.3-1781.0m (correction: 4.2m)
JUT-01,134098.0,451726.0,1691.765508235294,,50.9127,,1655.2728,1781.0247,125.8,7.748433712693166,tvd_corrected,AH 1659.5-1787.0m → TVD 1655.3-1781.0m (correction: 4.2m)
JUT-01,134098.0,451726.0,1692.2586529411765,,53.4487,,1655.2728,1781.0247,125.8,7.748433712693166,tvd_corrected,AH 1659.5-1787.0m → TVD 1655.3-1781.0m (correction: 4.2m)
JUT-01,134098.0,451726.0,1692.7517976470588,,56.2702,,1655.2728,1781.0247,125.8,7.748433712693166,tvd_corrected,AH 1659.5-1787.0m → TVD 1655.3-1781.0m (correction: 4.2m)
JUT-01,134098.0,451726.0,1693.244942352941,,58.35,,1655.2728,1781.0247,125.8,7.748433712693166,tvd_corrected,AH 1659.5-1787.0m → TVD 1655.3-1781.0m (correction: 4.2m)
JUT-01,134098.0,451726.0,1693.7380870588236,,56.3629,,1655.2728,1781.0247,125.8,7.748433712693166,tvd_corrected,AH 1659.5-1787.0m → TVD 1655.3-1781.0m (correction: 4.2m)
JUT-01,134098.0,451726.0,1694.2312317647059,,54.3752,,1655.2728,1781.0247,125.8,7.748433712693166,tvd_corrected,AH 1659.5-1787.0m → TVD 1655.3-1781.0m (correction: 4.2m)
JUT-01,134098.0,451726.0,1694.7243764705881,,53.1154,,1655.2728,1781.0247,125.8,7.748433712693166,tvd_corrected,AH 1659.5-1787.0m → TVD 1655.3-1781.0m (correction: 4.2m)
JUT-01,134098.0,451726.0,1695.2175211764707,,51.9966,,1655.2728,1781.0247,125.8,7.748433712693166,tvd_corrected,AH 1659.5-1787.0m → TVD 1655.3-1781.0m (correction: 4.2m)
JUT-01,134098.0,451726.0,1695.710665882353,,53.3267,,1655.2728,1781.0247,125.8,7.748433712693166,tvd_corrected,AH 1659.5-1787.0m → TVD 1655.3-1781.0m (correction: 4.2m)
JUT-01,134098.0,451726.0,1696.2038105882352,,55.3107,,1655.2728,1781.0247,125.8,7.748433712693166,tvd_corrected,AH 1659.5-1787.0m → TVD 1655.3-1781.0m (correction: 4.2m)
JUT-01,134098.0,451726.0,1696.6969552941175,,53.9236,,1655.2728,1781.0247,125.8,7.748433712693166,tvd_corrected,AH 1659.5-1787.0m → TVD 1655.3-1781.0m (correction: 4.2m)
JUT-01,134098.0,451726.0,1697.1901,,51.4342,,1655.2728,1781.0247,125.8,7.748433712693166,tvd_corrected,AH 1659.5-1787.0m → TVD 1655.3-1781.0m (correction: 4.2m)
JUT-01,134098.0,451726.0,1697.6832447058823,,47.8603,,1655.2728,1781.0247,125.8,7.748433712693166,tvd_corrected,AH 1659.5-1787.0m → TVD 1655.3-1781.0m (correction: 4.2m)
JUT-01,134098.0,451726.0,1698.1763894117646,,48.0854,,1655.2728,1781.0247,125.8,7.748433712693166,tvd_corrected,AH 1659.5-1787.0m → TVD 1655.3-1781.0m (correction: 4.2m)
JUT-01,134098.0,451726.0,1698.6695341176471,,48.2815,,1655.2728,1781.0247,125.8,7.748433712693166,tvd_corrected,AH 1659.5-1787.0m → TVD 1655.3-1781.0m (correction: 4.2m)
JUT-01,134098.0,451726.0,1699.1626788235294,,48.4672,,1655.2728,1781.0247,125.8,7.748433712693166,tvd_corrected,AH 1659.5-1787.0m → TVD 1655.3-1781.0m (correction: 4.2m)
JUT-01,134098.0,451726.0,1699.6558235294117,,50.0592,,1655.2728,1781.0247,125.8,7.748433712693166,tvd_corrected,AH 1659.5-1787.0m → TVD 1655.3-1781.0m (correction: 4.2m)
JUT-01,134098.0,451726.0,1700.148968235294,,52.1776,,1655.2728,1781.0247,125.8,7.748433712693166,tvd_corrected,AH 1659.5-1787.0m → TVD 1655.3-1781.0m (correction: 4.2m)
JUT-01,134098.0,451726.0,1700.6421129411765,,51.753,,1655.2728,1781.0247,125.8,7.748433712693166,tvd_corrected,AH 1659.5-1787.0m → TVD 1655.3-1781.0m (correction: 4.2m)
JUT-01,134098.0,451726.0,1701.1352576470588,,49.6777,,1655.2728,1781.0247,125.8,7.748433712693166,tvd_corrected,AH 1659.5-1787.0m → TVD 1655.3-1781.0m (correction: 4.2m)
JUT-01,134098.0,451726.0,1701.628402352941,,47.6071,,1655.2728,1781.0247,125.8,7.748433712693166,tvd_corrected,AH 1659.5-1787.0m → TVD 1655.3-1781.0m (correction: 4.2m)
JUT-01,134098.0,451726.0,1702.1215470588236,,47.8036,,1655.2728,1781.0247,125.8,7.748433712693166,tvd_corrected,AH 1659.5-1787.0m → TVD 1655.3-1781.0m (correction: 4.2m)
JUT-01,134098.0,451726.0,1702.6146917647059,,49.0929,,1655.2728,1781.0247,125.8,7.748433712693166,tvd_corrected,AH 1659.5-1787.0m → TVD 1655.3-1781.0m (correction: 4.2m)
JUT-01,134098.0,451726.0,1703.1078364705882,,46.9561,,1655.2728,1781.0247,125.8,7.748433712693166,tvd_corrected,AH 1659.5-1787.0m → TVD 1655.3-1781.0m (correction: 4.2m)
JUT-01,134098.0,451726.0,1703.6009811764704,,44.7328,,1655.2728,1781.0247,125.8,7.748433712693166,tvd_corrected,AH 1659.5-1787.0m → TVD 1655.3-1781.0m (correction: 4.2m)
JUT-01,134098.0,451726.0,1704.094125882353,,44.4521,,1655.2728,1781.0247,125.8,7.748433712693166,tvd_corrected,AH 1659.5-1787.0m → TVD 1655.3-1781.0m (correction: 4.2m)
JUT-01,134098.0,451726.0,1704.5872705882352,,46.0577,,1655.2728,1781.0247,125.8,7.748433712693166,tvd_corrected,AH 1659.5-1787.0m → TVD 1655.3-1781.0m (correction: 4.2m)
JUT-01,134098.0,451726.0,1705.0804152941175,,48.3983,,1655.2728,1781.0247,125.8,7.748433712693166,tvd_corrected,AH 1659.5-1787.0m → TVD 1655.3-1781.0m (correction: 4.2m)
JUT-01,134098.0,451726.0,1705.57356,,48.7499,,1655.2728,1781.0247,125.8,7.748433712693166,tvd_corrected,AH 1659.5-1787.0m → TVD 1655.3-1781.0m (correction: 4.2m)
JUT-01,134098.0,451726.0,1706.0667047058823,,48.6768,,1655.2728,1781.0247,125.8,7.748433712693166,tvd_corrected,AH 1659.5-1787.0m → TVD 1655.3-1781.0m (correction: 4.2m)
JUT-01,134098.0,451726.0,1706.5598494117646,,48.1313,,1655.2728,1781.0247,125.8,7.748433712693166,tvd_corrected,AH 1659.5-1787.0m → TVD 1655.3-1781.0m (correction: 4.2m)
JUT-01,134098.0,451726.0,1707.052994117647,,47.5862,,1655.2728,1781.0247,125.8,7.748433712693166,tvd_corrected,AH 1659.5-1787.0m → TVD 1655.3-1781.0m (correction: 4.2m)
JUT-01,134098.0,451726.0,1707.5461388235294,,47.0407,,1655.2728,1781.0247,125.8,7.748433712693166,tvd_corrected,AH 1659.5-1787.0m → TVD 1655.3-1781.0m (correction: 4.2m)
JUT-01,134098.0,451726.0,1708.0392835294117,,46.4991,,1655.2728,1781.0247,125.8,7.748433712693166,tvd_corrected,AH 1659.5-1787.0m → TVD 1655.3-1781.0m (correction: 4.2m)
JUT-01,134098.0,451726.0,1708.532428235294,,48.4967,,1655.2728,1781.0247,125.8,7.748433712693166,tvd_corrected,AH 1659.5-1787.0m → TVD 1655.3-1781.0m (correction: 4.2m)
JUT-01,134098.0,451726.0,1709.0255729411765,,51.2064,,1655.2728,1781.0247,125.8,7.748433712693166,tvd_corrected,AH 1659.5-1787.0m → TVD 1655.3-1781.0m (correction: 4.2m)
JUT-01,134098.0,451726.0,1709.5187176470588,,52.4606,,1655.2728,1781.0247,125.8,7.748433712693166,tvd_corrected,AH 1659.5-1787.0m → TVD 1655.3-1781.0m (correction: 4.2m)
JUT-01,134098.0,451726.0,1710.011862352941,,54.273,,1655.2728,1781.0247,125.8,7.748433712693166,tvd_corrected,AH 1659.5-1787.0m → TVD 1655.3-1781.0m (correction: 4.2m)
JUT-01,134098.0,451726.0,1710.5050070588236,,56.0866,,1655.2728,1781.0247,125.8,7.748433712693166,tvd_corrected,AH 1659.5-1787.0m → TVD 1655.3-1781.0m (correction: 4.2m)
JUT-01,134098.0,451726.0,1710.9981517647059,,57.7885,,1655.2728,1781.0247,125.8,7.748433712693166,tvd_corrected,AH 1659.5-1787.0m → TVD 1655.3-1781.0m (correction: 4.2m)
JUT-01,134098.0,451726.0,1711.4912964705882,,57.286,,1655.2728,1781.0247,125.8,7.748433712693166,tvd_corrected,AH 1659.5-1787.0m → TVD 1655.3-1781.0m (correction: 4.2m)
JUT-01,134098.0,451726.0,1711.9844411764705,,56.7843,,1655.2728,1781.0247,125.8,7.748433712693166,tvd_corrected,AH 1659.5-1787.0m → TVD 1655.3-1781.0m (correction: 4.2m)
JUT-01,134098.0,451726.0,1712.477585882353,,56.499,,1655.2728,1781.0247,125.8,7.748433712693166,tvd_corrected,AH 1659.5-1787.0m → TVD 1655.3-1781.0m (correction: 4.2m)
JUT-01,134098.0,451726.0,1712.9707305882353,,56.3853,,1655.2728,1781.0247,125.8,7.748433712693166,tvd_corrected,AH 1659.5-1787.0m → TVD 1655.3-1781.0m (correction: 4.2m)
JUT-01,134098.0,451726.0,1713.4638752941175,,56.2718,,1655.2728,1781.0247,125.8,7.748433712693166,tvd_corrected,AH 1659.5-1787.0m → TVD 1655.3-1781.0m (correction: 4.2m)
JUT-01,134098.0,451726.0,1713.95702,,56.1581,,1655.2728,1781.0247,125.8,7.748433712693166,tvd_corrected,AH 1659.5-1787.0m → TVD 1655.3-1781.0m (correction: 4.2m)
JUT-01,134098.0,451726.0,1714.4501647058823,,56.0444,,1655.2728,1781.0247,125.8,7.748433712693166,tvd_corrected,AH 1659.5-1787.0m → TVD 1655.3-1781.0m (correction: 4.2m)
JUT-01,134098.0,451726.0,1714.9433094117646,,55.7989,,1655.2728,1781.0247,125.8,7.748433712693166,tvd_corrected,AH 1659.5-1787.0m → TVD 1655.3-1781.0m (correction: 4.2m)
JUT-01,134098.0,451726.0,1715.436454117647,,53.4161,,1655.2728,1781.0247,125.8,7.748433712693166,tvd_corrected,AH 1659.5-1787.0m → TVD 1655.3-1781.0m (correction: 4.2m)
JUT-01,134098.0,451726.0,1715.9295988235294,,52.3627,,1655.2728,1781.0247,125.8,7.748433712693166,tvd_corrected,AH 1659.5-1787.0m → TVD 1655.3-1781.0m (correction: 4.2m)
JUT-01,134098.0,451726.0,1716.4227435294117,,54.8966,,1655.2728,1781.0247,125.8,7.748433712693166,tvd_corrected,AH 1659.5-1787.0m → TVD 1655.3-1781.0m (correction: 4.2m)
JUT-01,134098.0,451726.0,1716.915888235294,,55.6265,,1655.2728,1781.0247,125.8,7.748433712693166,tvd_corrected,AH 1659.5-1787.0m → TVD 1655.3-1781.0m (correction: 4.2m)
JUT-01,134098.0,451726.0,1717.4090329411765,,56.5863,,1655.2728,1781.0247,125.8,7.748433712693166,tvd_corrected,AH 1659.5-1787.0m → TVD 1655.3-1781.0m (correction: 4.2m)
JUT-01,134098.0,451726.0,1717.9021776470588,,59.036,,1655.2728,1781.0247,125.8,7.748433712693166,tvd_corrected,AH 1659.5-1787.0m → TVD 1655.3-1781.0m (correction: 4.2m)
JUT-01,134098.0,451726.0,1718.395322352941,,56.9624,,1655.2728,1781.0247,125.8,7.748433712693166,tvd_corrected,AH 1659.5-1787.0m → TVD 1655.3-1781.0m (correction: 4.2m)
JUT-01,134098.0,451726.0,1718.8884670588234,,54.8877,,1655.2728,1781.0247,125.8,7.748433712693166,tvd_corrected,AH 1659.5-1787.0m → TVD 1655.3-1781.0m (correction: 4.2m)
JUT-01,134098.0,451726.0,1719.381611764706,,53.2467,,1655.2728,1781.0247,125.8,7.748433712693166,tvd_corrected,AH 1659.5-1787.0m → TVD 1655.3-1781.0m (correction: 4.2m)
JUT-01,134098.0,451726.0,1719.8747564705882,,54.9062,,1655.2728,1781.0247,125.8,7.748433712693166,tvd_corrected,AH 1659.5-1787.0m → TVD 1655.3-1781.0m (correction: 4.2m)
JUT-01,134098.0,451726.0,1720.3679011764705,,55.5742,,1655.2728,1781.0247,125.8,7.748433712693166,tvd_corrected,AH 1659.5-1787.0m → TVD 1655.3-1781.0m (correction: 4.2m)
JUT-01,134098.0,451726.0,1720.861045882353,,53.624,,1655.2728,1781.0247,125.8,7.748433712693166,tvd_corrected,AH 1659.5-1787.0m → TVD 1655.3-1781.0m (correction: 4.2m)
JUT-01,134098.0,451726.0,1721.3541905882353,,52.2362,,1655.2728,1781.0247,125.8,7.748433712693166,tvd_corrected,AH 1659.5-1787.0m → TVD 1655.3-1781.0m (correction: 4.2m)
JUT-01,134098.0,451726.0,1721.8473352941176,,51.0439,,1655.2728,1781.0247,125.8,7.748433712693166,tvd_corrected,AH 1659.5-1787.0m → TVD 1655.3-1781.0m (correction: 4.2m)
JUT-01,134098.0,451726.0,1722.3404799999998,,49.8555,,1655.2728,1781.0247,125.8,7.748433712693166,tvd_corrected,AH 1659.5-1787.0m → TVD 1655.3-1781.0m (correction: 4.2m)
JUT-01,134098.0,451726.0,1722.8336247058824,,51.6028,,1655.2728,1781.0247,125.8,7.748433712693166,tvd_corrected,AH 1659.5-1787.0m → TVD 1655.3-1781.0m (correction: 4.2m)
JUT-01,134098.0,451726.0,1723.3267694117646,,53.8507,,1655.2728,1781.0247,125.8,7.748433712693166,tvd_corrected,AH 1659.5-1787.0m → TVD 1655.3-1781.0m (correction: 4.2m)
JUT-01,134098.0,451726.0,1723.819914117647,,54.0892,,1655.2728,1781.0247,125.8,7.748433712693166,tvd_corrected,AH 1659.5-1787.0m → TVD 1655.3-1781.0m (correction: 4.2m)
JUT-01,134098.0,451726.0,1724.3130588235294,,54.3269,,1655.2728,1781.0247,125.8,7.748433712693166,tvd_corrected,AH 1659.5-1787.0m → TVD 1655.3-1781.0m (correction: 4.2m)
JUT-01,134098.0,451726.0,1724.8062035294117,,53.9194,,1655.2728,1781.0247,125.8,7.748433712693166,tvd_corrected,AH 1659.5-1787.0m → TVD 1655.3-1781.0m (correction: 4.2m)
JUT-01,134098.0,451726.0,1725.299348235294,,53.3512,,1655.2728,1781.0247,125.8,7.748433712693166,tvd_corrected,AH 1659.5-1787.0m → TVD 1655.3-1781.0m (correction: 4.2m)
JUT-01,134098.0,451726.0,1725.7924929411765,,52.7946,,1655.2728,1781.0247,125.8,7.748433712693166,tvd_corrected,AH 1659.5-1787.0m → TVD 1655.3-1781.0m (correction: 4.2m)
JUT-01,134098.0,451726.0,1726.2856376470588,,52.3164,,1655.2728,1781.0247,125.8,7.748433712693166,tvd_corrected,AH 1659.5-1787.0m → TVD 1655.3-1781.0m (correction: 4.2m)
JUT-01,134098.0,451726.0,1726.778782352941,,50.9549,,1655.2728,1781.0247,125.8,7.748433712693166,tvd_corrected,AH 1659.5-1787.0m → TVD 1655.3-1781.0m (correction: 4.2m)
JUT-01,134098.0,451726.0,1727.2719270588234,,50.8305,,1655.2728,1781.0247,125.8,7.748433712693166,tvd_corrected,AH 1659.5-1787.0m → TVD 1655.3-1781.0m (correction: 4.2m)
JUT-01,134098.0,451726.0,1727.765071764706,,53.594,,1655.2728,1781.0247,125.8,7.748433712693166,tvd_corrected,AH 1659.5-1787.0m → TVD 1655.3-1781.0m (correction: 4.2m)
JUT-01,134098.0,451726.0,1728.2582164705882,,56.3496,,1655.2728,1781.0247,125.8,7.748433712693166,tvd_corrected,AH 1659.5-1787.0m → TVD 1655.3-1781.0m (correction: 4.2m)
JUT-01,134098.0,451726.0,1728.7513611764705,,54.7455,,1655.2728,1781.0247,125.8,7.748433712693166,tvd_corrected,AH 1659.5-1787.0m → TVD 1655.3-1781.0m (correction: 4.2m)
JUT-01,134098.0,451726.0,1729.244505882353,,53.3285,,1655.2728,1781.0247,125.8,7.748433712693166,tvd_corrected,AH 1659.5-1787.0m → TVD 1655.3-1781.0m (correction: 4.2m)
JUT-01,134098.0,451726.0,1729.7376505882353,,52.9969,,1655.2728,1781.0247,125.8,7.748433712693166,tvd_corrected,AH 1659.5-1787.0m → TVD 1655.3-1781.0m (correction: 4.2m)
JUT-01,134098.0,451726.0,1730.2307952941176,,50.942,,1655.2728,1781.0247,125.8,7.748433712693166,tvd_corrected,AH 1659.5-1787.0m → TVD 1655.3-1781.0m (correction: 4.2m)
JUT-01,134098.0,451726.0,1730.7239399999999,,51.3421,,1655.2728,1781.0247,125.8,7.748433712693166,tvd_corrected,AH 1659.5-1787.0m → TVD 1655.3-1781.0m (correction: 4.2m)
JUT-01,134098.0,451726.0,1731.2170847058824,,52.2969,,1655.2728,1781.0247,125.8,7.748433712693166,tvd_corrected,AH 1659.5-1787.0m → TVD 1655.3-1781.0m (correction: 4.2m)
JUT-01,134098.0,451726.0,1731.7102294117647,,54.0619,,1655.2728,1781.0247,125.8,7.748433712693166,tvd_corrected,AH 1659.5-1787.0m → TVD 1655.3-1781.0m (correction: 4.2m)
JUT-01,134098.0,451726.0,1732.203374117647,,54.6576,,1655.2728,1781.0247,125.8,7.748433712693166,tvd_corrected,AH 1659.5-1787.0m → TVD 1655.3-1781.0m (correction: 4.2m)
JUT-01,134098.0,451726.0,1732.6965188235295,,54.2329,,1655.2728,1781.0247,125.8,7.748433712693166,tvd_corrected,AH 1659.5-1787.0m → TVD 1655.3-1781.0m (correction: 4.2m)
JUT-01,134098.0,451726.0,1733.1896635294117,,55.2545,,1655.2728,1781.0247,125.8,7.748433712693166,tvd_corrected,AH 1659.5-1787.0m → TVD 1655.3-1781.0m (correction: 4.2m)
JUT-01,134098.0,451726.0,1733.682808235294,,55.5405,,1655.2728,1781.0247,125.8,7.748433712693166,tvd_corrected,AH 1659.5-1787.0m → TVD 1655.3-1781.0m (correction: 4.2m)
JUT-01,134098.0,451726.0,1734.1759529411763,,54.3478,,1655.2728,1781.0247,125.8,7.748433712693166,tvd_corrected,AH 1659.5-1787.0m → TVD 1655.3-1781.0m (correction: 4.2m)
JUT-01,134098.0,451726.0,1734.6690976470588,,53.4791,,1655.2728,1781.0247,125.8,7.748433712693166,tvd_corrected,AH 1659.5-1787.0m → TVD 1655.3-1781.0m (correction: 4.2m)
JUT-01,134098.0,451726.0,1735.1622423529411,,52.712,,1655.2728,1781.0247,125.8,7.748433712693166,tvd_corrected,AH 1659.5-1787.0m → TVD 1655.3-1781.0m (correction: 4.2m)
JUT-01,134098.0,451726.0,1735.6553870588234,,51.9454,,1655.2728,1781.0247,125.8,7.748433712693166,tvd_corrected,AH 1659.5-1787.0m → TVD 1655.3-1781.0m (correction: 4.2m)
JUT-01,134098.0,451726.0,1736.148531764706,,51.0495,,1655.2728,1781.0247,125.8,7.748433712693166,tvd_corrected,AH 1659.5-1787.0m → TVD 1655.3-1781.0m (correction: 4.2m)
JUT-01,134098.0,451726.0,1736.6416764705882,,48.9072,,1655.2728,1781.0247,125.8,7.748433712693166,tvd_corrected,AH 1659.5-1787.0m → TVD 1655.3-1781.0m (correction: 4.2m)
JUT-01,134098.0,451726.0,1737.1348211764705,,50.306,,1655.2728,1781.0247,125.8,7.748433712693166,tvd_corrected,AH 1659.5-1787.0m → TVD 1655.3-1781.0m (correction: 4.2m)
JUT-01,134098.0,451726.0,1737.6279658823528,,52.2646,,1655.2728,1781.0247,125.8,7.748433712693166,tvd_corrected,AH 1659.5-1787.0m → TVD 1655.3-1781.0m (correction: 4.2m)
JUT-01,134098.0,451726.0,1738.1211105882353,,49.3278,,1655.2728,1781.0247,125.8,7.748433712693166,tvd_corrected,AH 1659.5-1787.0m → TVD 1655.3-1781.0m (correction: 4.2m)
JUT-01,134098.0,451726.0,1738.6142552941176,,46.7592,,1655.2728,1781.0247,125.8,7.748433712693166,tvd_corrected,AH 1659.5-1787.0m → TVD 1655.3-1781.0m (correction: 4.2m)
JUT-01,134098.0,451726.0,1739.1073999999999,,44.8004,,1655.2728,1781.0247,125.8,7.748433712693166,tvd_corrected,AH 1659.5-1787.0m → TVD 1655.3-1781.0m (correction: 4.2m)
JUT-01,134098.0,451726.0,1739.6005447058824,,42.84,,1655.2728,1781.0247,125.8,7.748433712693166,tvd_corrected,AH 1659.5-1787.0m → TVD 1655.3-1781.0m (correction: 4.2m)
JUT-01,134098.0,451726.0,1740.0936894117647,,40.8824,,1655.2728,1781.0247,125.8,7.748433712693166,tvd_corrected,AH 1659.5-1787.0m → TVD 1655.3-1781.0m (correction: 4.2m)
JUT-01,134098.0,451726.0,1740.586834117647,,39.832,,1655.2728,1781.0247,125.8,7.748433712693166,tvd_corrected,AH 1659.5-1787.0m → TVD 1655.3-1781.0m (correction: 4.2m)
JUT-01,134098.0,451726.0,1741.0799788235295,,41.3452,,1655.2728,1781.0247,125.8,7.748433712693166,tvd_corrected,AH 1659.5-1787.0m → TVD 1655.3-1781.0m (correction: 4.2m)
JUT-01,134098.0,451726.0,1741.5731235294118,,45.195,,1655.2728,1781.0247,125.8,7.748433712693166,tvd_corrected,AH 1659.5-1787.0m → TVD 1655.3-1781.0m (correction: 4.2m)
JUT-01,134098.0,451726.0,1742.066268235294,,49.6427,,1655.2728,1781.0247,125.8,7.748433712693166,tvd_corrected,AH 1659.5-1787.0m → TVD 1655.3-1781.0m (correction: 4.2m)
JUT-01,134098.0,451726.0,1742.5594129411763,,50.9829,,1655.2728,1781.0247,125.8,7.748433712693166,tvd_corrected,AH 1659.5-1787.0m → TVD 1655.3-1781.0m (correction: 4.2m)
JUT-01,134098.0,451726.0,1743.0525576470588,,48.7237,,1655.2728,1781.0247,125.8,7.748433712693166,tvd_corrected,AH 1659.5-1787.0m → TVD 1655.3-1781.0m (correction: 4.2m)
JUT-01,134098.0,451726.0,1743.5457023529411,,46.4657,,1655.2728,1781.0247,125.8,7.748433712693166,tvd_corrected,AH 1659.5-1787.0m → TVD 1655.3-1781.0m (correction: 4.2m)
JUT-01,134098.0,451726.0,1744.0388470588234,,46.201,,1655.2728,1781.0247,125.8,7.748433712693166,tvd_corrected,AH 1659.5-1787.0m → TVD 1655.3-1781.0m (correction: 4.2m)
JUT-01,134098.0,451726.0,1744.531991764706,,48.4245,,1655.2728,1781.0247,125.8,7.748433712693166,tvd_corrected,AH 1659.5-1787.0m → TVD 1655.3-1781.0m (correction: 4.2m)
JUT-01,134098.0,451726.0,1745.0251364705882,,50.9408,,1655.2728,1781.0247,125.8,7.748433712693166,tvd_corrected,AH 1659.5-1787.0m → TVD 1655.3-1781.0m (correction: 4.2m)
JUT-01,134098.0,451726.0,1745.5182811764705,,51.1316,,1655.2728,1781.0247,125.8,7.748433712693166,tvd_corrected,AH 1659.5-1787.0m → TVD 1655.3-1781.0m (correction: 4.2m)
JUT-01,134098.0,451726.0,1746.0114258823528,,51.3225,,1655.2728,1781.0247,125.8,7.748433712693166,tvd_corrected,AH 1659.5-1787.0m → TVD 1655.3-1781.0m (correction: 4.2m)
JUT-01,134098.0,451726.0,1746.5045705882353,,51.5151,,1655.2728,1781.0247,125.8,7.748433712693166,tvd_corrected,AH 1659.5-1787.0m → TVD 1655.3-1781.0m (correction: 4.2m)
JUT-01,134098.0,451726.0,1746.9977152941176,,53.0782,,1655.2728,1781.0247,125.8,7.748433712693166,tvd_corrected,AH 1659.5-1787.0m → TVD 1655.3-1781.0m (correction: 4.2m)
JUT-01,134098.0,451726.0,1747.4908599999999,,53.7171,,1655.2728,1781.0247,125.8,7.748433712693166,tvd_corrected,AH 1659.5-1787.0m → TVD 1655.3-1781.0m (correction: 4.2m)
JUT-01,134098.0,451726.0,1747.9840047058824,,52.8463,,1655.2728,1781.0247,125.8,7.748433712693166,tvd_corrected,AH 1659.5-1787.0m → TVD 1655.3-1781.0m (correction: 4.2m)
JUT-01,134098.0,451726.0,1748.4771494117647,,51.4428,,1655.2728,1781.0247,125.8,7.748433712693166,tvd_corrected,AH 1659.5-1787.0m → TVD 1655.3-1781.0m (correction: 4.2m)
JUT-01,134098.0,451726.0,1748.970294117647,,49.2271,,1655.2728,1781.0247,125.8,7.748433712693166,tvd_corrected,AH 1659.5-1787.0m → TVD 1655.3-1781.0m (correction: 4.2m)
JUT-01,134098.0,451726.0,1749.4634388235293,,47.377,,1655.2728,1781.0247,125.8,7.748433712693166,tvd_corrected,AH 1659.5-1787.0m → TVD 1655.3-1781.0m (correction: 4.2m)
JUT-01,134098.0,451726.0,1749.9565835294118,,46.7337,,1655.2728,1781.0247,125.8,7.748433712693166,tvd_corrected,AH 1659.5-1787.0m → TVD 1655.3-1781.0m (correction: 4.2m)
JUT-01,134098.0,451726.0,1750.449728235294,,47.1106,,1655.2728,1781.0247,125.8,7.748433712693166,tvd_corrected,AH 1659.5-1787.0m → TVD 1655.3-1781.0m (correction: 4.2m)
JUT-01,134098.0,451726.0,1750.9428729411763,,47.4861,,1655.2728,1781.0247,125.8,7.748433712693166,tvd_corrected,AH 1659.5-1787.0m → TVD 1655.3-1781.0m (correction: 4.2m)
JUT-01,134098.0,451726.0,1751.4360176470589,,47.171,,1655.2728,1781.0247,125.8,7.748433712693166,tvd_corrected,AH 1659.5-1787.0m → TVD 1655.3-1781.0m (correction: 4.2m)
JUT-01,134098.0,451726.0,1751.9291623529411,,46.98,,1655.2728,1781.0247,125.8,7.748433712693166,tvd_corrected,AH 1659.5-1787.0m → TVD 1655.3-1781.0m (correction: 4.2m)
JUT-01,134098.0,451726.0,1752.4223070588234,,47.7787,,1655.2728,1781.0247,125.8,7.748433712693166,tvd_corrected,AH 1659.5-1787.0m → TVD 1655.3-1781.0m (correction: 4.2m)
JUT-01,134098.0,451726.0,1752.9154517647057,,50.4362,,1655.2728,1781.0247,125.8,7.748433712693166,tvd_corrected,AH 1659.5-1787.0m → TVD 1655.3-1781.0m (correction: 4.2m)
JUT-01,134098.0,451726.0,1753.4085964705882,,53.5405,,1655.2728,1781.0247,125.8,7.748433712693166,tvd_corrected,AH 1659.5-1787.0m → TVD 1655.3-1781.0m (correction: 4.2m)
JUT-01,134098.0,451726.0,1753.9017411764705,,54.6023,,1655.2728,1781.0247,125.8,7.748433712693166,tvd_corrected,AH 1659.5-1787.0m → TVD 1655.3-1781.0m (correction: 4.2m)
JUT-01,134098.0,451726.0,1754.3948858823528,,53.069,,1655.2728,1781.0247,125.8,7.748433712693166,tvd_corrected,AH 1659.5-1787.0m → TVD 1655.3-1781.0m (correction: 4.2m)
JUT-01,134098.0,451726.0,1754.8880305882353,,50.8291,,1655.2728,1781.0247,125.8,7.748433712693166,tvd_corrected,AH 1659.5-1787.0m → TVD 1655.3-1781.0m (correction: 4.2m)
JUT-01,134098.0,451726.0,1755.3811752941176,,49.9432,,1655.2728,1781.0247,125.8,7.748433712693166,tvd_corrected,AH 1659.5-1787.0m → TVD 1655.3-1781.0m (correction: 4.2m)
JUT-01,134098.0,451726.0,1755.87432,,49.519,,1655.2728,1781.0247,125.8,7.748433712693166,tvd_corrected,AH 1659.5-1787.0m → TVD 1655.3-1781.0m (correction: 4.2m)
JUT-01,134098.0,451726.0,1756.3674647058824,,48.2937,,1655.2728,1781.0247,125.8,7.748433712693166,tvd_corrected,AH 1659.5-1787.0m → TVD 1655.3-1781.0m (correction: 4.2m)
JUT-01,134098.0,451726.0,1756.8606094117647,,46.7602,,1655.2728,1781.0247,125.8,7.748433712693166,tvd_corrected,AH 1659.5-1787.0m → TVD 1655.3-1781.0m (correction: 4.2m)
JUT-01,134098.0,451726.0,1757.353754117647,,45.6814,,1655.2728,1781.0247,125.8,7.748433712693166,tvd_corrected,AH 1659.5-1787.0m → TVD 1655.3-1781.0m (correction: 4.2m)
JUT-01,134098.0,451726.0,1757.8468988235293,,45.8983,,1655.2728,1781.0247,125.8,7.748433712693166,tvd_corrected,AH 1659.5-1787.0m → TVD 1655.3-1781.0m (correction: 4.2m)
JUT-01,134098.0,451726.0,1758.3400435294118,,46.1141,,1655.2728,1781.0247,125.8,7.748433712693166,tvd_corrected,AH 1659.5-1787.0m → TVD 1655.3-1781.0m (correction: 4.2m)
JUT-01,134098.0,451726.0,1758.833188235294,,45.5477,,1655.2728,1781.0247,125.8,7.748433712693166,tvd_corrected,AH 1659.5-1787.0m → TVD 1655.3-1781.0m (correction: 4.2m)
JUT-01,134098.0,451726.0,1759.3263329411764,,43.693,,1655.2728,1781.0247,125.8,7.748433712693166,tvd_corrected,AH 1659.5-1787.0m → TVD 1655.3-1781.0m (correction: 4.2m)
JUT-01,134098.0,451726.0,1759.8194776470589,,41.9035,,1655.2728,1781.0247,125.8,7.748433712693166,tvd_corrected,AH 1659.5-1787.0m → TVD 1655.3-1781.0m (correction: 4.2m)
JUT-01,134098.0,451726.0,1760.3126223529412,,43.2793,,1655.2728,1781.0247,125.8,7.748433712693166,tvd_corrected,AH 1659.5-1787.0m → TVD 1655.3-1781.0m (correction: 4.2m)
JUT-01,134098.0,451726.0,1760.8057670588234,,44.6561,,1655.2728,1781.0247,125.8,7.748433712693166,tvd_corrected,AH 1659.5-1787.0m → TVD 1655.3-1781.0m (correction: 4.2m)
JUT-01,134098.0,451726.0,1761.2989117647057,,46.0309,,1655.2728,1781.0247,125.8,7.748433712693166,tvd_corrected,AH 1659.5-1787.0m → TVD 1655.3-1781.0m (correction: 4.2m)
JUT-01,134098.0,451726.0,1761.7920564705882,,46.5683,,1655.2728,1781.0247,125.8,7.748433712693166,tvd_corrected,AH 1659.5-1787.0m → TVD 1655.3-1781.0m (correction: 4.2m)
JUT-01,134098.0,451726.0,1762.2852011764705,,50.3508,,1655.2728,1781.0247,125.8,7.748433712693166,tvd_corrected,AH 1659.5-1787.0m → TVD 1655.3-1781.0m (correction: 4.2m)
JUT-01,134098.0,451726.0,1762.7783458823528,,54.925,,1655.2728,1781.0247,125.8,7.748433712693166,tvd_corrected,AH 1659.5-1787.0m → TVD 1655.3-1781.0m (correction: 4.2m)
JUT-01,134098.0,451726.0,1763.2714905882353,,59.4926,,1655.2728,1781.0247,125.8,7.748433712693166,tvd_corrected,AH 1659.5-1787.0m → TVD 1655.3-1781.0m (correction: 4.2m)
JUT-01,134098.0,451726.0,1763.7646352941176,,60.5212,,1655.2728,1781.0247,125.8,7.748433712693166,tvd_corrected,AH 1659.5-1787.0m → TVD 1655.3-1781.0m (correction: 4.2m)
JUT-01,134098.0,451726.0,1764.25778,,57.9341,,1655.2728,1781.0247,125.8,7.748433712693166,tvd_corrected,AH 1659.5-1787.0m → TVD 1655.3-1781.0m (correction: 4.2m)
JUT-01,134098.0,451726.0,1764.7509247058822,,54.2809,,1655.2728,1781.0247,125.8,7.748433712693166,tvd_corrected,AH 1659.5-1787.0m → TVD 1655.3-1781.0m (correction: 4.2m)
JUT-01,134098.0,451726.0,1765.2440694117647,,49.8783,,1655.2728,1781.0247,125.8,7.748433712693166,tvd_corrected,AH 1659.5-1787.0m → TVD 1655.3-1781.0m (correction: 4.2m)
JUT-01,134098.0,451726.0,1765.737214117647,,47.4021,,1655.2728,1781.0247,125.8,7.748433712693166,tvd_corrected,AH 1659.5-1787.0m → TVD 1655.3-1781.0m (correction: 4.2m)
JUT-01,134098.0,451726.0,1766.2303588235293,,45.1845,,1655.2728,1781.0247,125.8,7.748433712693166,tvd_corrected,AH 1659.5-1787.0m → TVD 1655.3-1781.0m (correction: 4.2m)
JUT-01,134098.0,451726.0,1766.7235035294118,,48.8871,,1655.2728,1781.0247,125.8,7.748433712693166,tvd_corrected,AH 1659.5-1787.0m → TVD 1655.3-1781.0m (correction: 4.2m)
JUT-01,134098.0,451726.0,1767.216648235294,,52.3954,,1655.2728,1781.0247,125.8,7.748433712693166,tvd_corrected,AH 1659.5-1787.0m → TVD 1655.3-1781.0m (correction: 4.2m)
JUT-01,134098.0,451726.0,1767.7097929411764,,52.843,,1655.2728,1781.0247,125.8,7.748433712693166,tvd_corrected,AH 1659.5-1787.0m → TVD 1655.3-1781.0m (correction: 4.2m)
JUT-01,134098.0,451726.0,1768.2029376470587,,52.8973,,1655.2728,1781.0247,125.8,7.748433712693166,tvd_corrected,AH 1659.5-1787.0m → TVD 1655.3-1781.0m (correction: 4.2m)
JUT-01,134098.0,451726.0,1768.6960823529412,,52.9515,,1655.2728,1781.0247,125.8,7.748433712693166,tvd_corrected,AH 1659.5-1787.0m → TVD 1655.3-1781.0m (correction: 4.2m)
JUT-01,134098.0,451726.0,1769.1892270588235,,53.0057,,1655.2728,1781.0247,125.8,7.748433712693166,tvd_corrected,AH 1659.5-1787.0m → TVD 1655.3-1781.0m (correction: 4.2m)
JUT-01,134098.0,451726.0,1769.6823717647057,,53.06,,1655.2728,1781.0247,125.8,7.748433712693166,tvd_corrected,AH 1659.5-1787.0m → TVD 1655.3-1781.0m (correction: 4.2m)
JUT-01,134098.0,451726.0,1770.1755164705883,,53.1133,,1655.2728,1781.0247,125.8,7.748433712693166,tvd_corrected,AH 1659.5-1787.0m → TVD 1655.3-1781.0m (correction: 4.2m)
JUT-01,134098.0,451726.0,1770.6686611764706,,52.5946,,1655.2728,1781.0247,125.8,7.748433712693166,tvd_corrected,AH 1659.5-1787.0m → TVD 1655.3-1781.0m (correction: 4.2m)
JUT-01,134098.0,451726.0,1771.1618058823528,,51.9318,,1655.2728,1781.0247,125.8,7.748433712693166,tvd_corrected,AH 1659.5-1787.0m → TVD 1655.3-1781.0m (correction: 4.2m)
JUT-01,134098.0,451726.0,1771.6549505882354,,51.0377,,1655.2728,1781.0247,125.8,7.748433712693166,tvd_corrected,AH 1659.5-1787.0m → TVD 1655.3-1781.0m (correction: 4.2m)
JUT-01,134098.0,451726.0,1772.1480952941176,,51.7506,,1655.2728,1781.0247,125.8,7.748433712693166,tvd_corrected,AH 1659.5-1787.0m → TVD 1655.3-1781.0m (correction: 4.2m)
JUT-01,134098.0,451726.0,1772.64124,,52.3182,,1655.2728,1781.0247,125.8,7.748433712693166,tvd_corrected,AH 1659.5-1787.0m → TVD 1655.3-1781.0m (correction: 4.2m)
JUT-01,134098.0,451726.0,1773.1343847058822,,51.823,,1655.2728,1781.0247,125.8,7.748433712693166,tvd_corrected,AH 1659.5-1787.0m → TVD 1655.3-1781.0m (correction: 4.2m)
JUT-01,134098.0,451726.0,1773.6275294117647,,51.2507,,1655.2728,1781.0247,125.8,7.748433712693166,tvd_corrected,AH 1659.5-1787.0m → TVD 1655.3-1781.0m (correction: 4.2m)
JUT-01,134098.0,451726.0,1774.120674117647,,51.673,,1655.2728,1781.0247,125.8,7.748433712693166,tvd_corrected,AH 1659.5-1787.0m → TVD 1655.3-1781.0m (correction: 4.2m)
JUT-01,134098.0,451726.0,1774.6138188235293,,53.9547,,1655.2728,1781.0247,125.8,7.748433712693166,tvd_corrected,AH 1659.5-1787.0m → TVD 1655.3-1781.0m (correction: 4.2m)
JUT-01,134098.0,451726.0,1775.1069635294118,,57.2904,,1655.2728,1781.0247,125.8,7.748433712693166,tvd_corrected,AH 1659.5-1787.0m → TVD 1655.3-1781.0m (correction: 4.2m)
JUT-01,134098.0,451726.0,1775.600108235294,,57.8097,,1655.2728,1781.0247,125.8,7.748433712693166,tvd_corrected,AH 1659.5-1787.0m → TVD 1655.3-1781.0m (correction: 4.2m)
JUT-01,134098.0,451726.0,1776.0932529411764,,55.91,,1655.2728,1781.0247,125.8,7.748433712693166,tvd_corrected,AH 1659.5-1787.0m → TVD 1655.3-1781.0m (correction: 4.2m)
JUT-01,134098.0,451726.0,1776.5863976470587,,53.5254,,1655.2728,1781.0247,125.8,7.748433712693166,tvd_corrected,AH 1659.5-1787.0m → TVD 1655.3-1781.0m (correction: 4.2m)
JUT-01,134098.0,451726.0,1777.0795423529412,,51.1389,,1655.2728,1781.0247,125.8,7.748433712693166,tvd_corrected,AH 1659.5-1787.0m → TVD 1655.3-1781.0m (correction: 4.2m)
JUT-01,134098.0,451726.0,1777.5726870588235,,48.7593,,1655.2728,1781.0247,125.8,7.748433712693166,tvd_corrected,AH 1659.5-1787.0m → TVD 1655.3-1781.0m (correction: 4.2m)
JUT-01,134098.0,451726.0,1778.0658317647058,,50.0756,,1655.2728,1781.0247,125.8,7.748433712693166,tvd_corrected,AH 1659.5-1787.0m → TVD 1655.3-1781.0m (correction: 4.2m)
JUT-01,134098.0,451726.0,1778.5589764705883,,52.5563,,1655.2728,1781.0247,125.8,7.748433712693166,tvd_corrected,AH 1659.5-1787.0m → TVD 1655.3-1781.0m (correction: 4.2m)
JUT-01,134098.0,451726.0,1779.0521211764706,,53.9506,,1655.2728,1781.0247,125.8,7.748433712693166,tvd_corrected,AH 1659.5-1787.0m → TVD 1655.3-1781.0m (correction: 4.2m)
JUT-01,134098.0,451726.0,1779.5452658823529,,52.7648,,1655.2728,1781.0247,125.8,7.748433712693166,tvd_corrected,AH 1659.5-1787.0m → TVD 1655.3-1781.0m (correction: 4.2m)
JUT-01,134098.0,451726.0,1780.0384105882351,,51.3072,,1655.2728,1781.0247,125.8,7.748433712693166,tvd_corrected,AH 1659.5-1787.0m → TVD 1655.3-1781.0m (correction: 4.2m)
JUT-01,134098.0,451726.0,1780.5315552941177,,50.3439,,1655.2728,1781.0247,125.8,7.748433712693166,tvd_corrected,AH 1659.5-1787.0m → TVD 1655.3-1781.0m (correction: 4.2m)
JUT-01,134098.0,451726.0,1781.0247,,52.1875,,1655.2728,1781.0247,125.8,7.748433712693166,tvd_corrected,AH 1659.5-1787.0m → TVD 1655.3-1781.0m (correction: 4.2m)
EVD-01,136997.0,441189.0,1782.7512,,133.971649,2.664982,1782.7512,1859.5901999999999,76.8,14.322697965118165,tvd_corrected,AH 1788.0-1866.0m → TVD 1782.8-1859.6m (correction: 5.2m)
EVD-01,136997.0,441189.0,1782.8498379974326,,134.38327,2.654986,1782.7512,1859.5901999999999,76.8,14.322697965118165,tvd_corrected,AH 1788.0-1866.0m → TVD 1782.8-1859.6m (correction: 5.2m)
EVD-01,136997.0,441189.0,1782.9484759948652,,132.20752,2.644994,1782.7512,1859.5901999999999,76.8,14.322697965118165,tvd_corrected,AH 1788.0-1866.0m → TVD 1782.8-1859.6m (correction: 5.2m)
EVD-01,136997.0,441189.0,1783.0471139922977,,124.465179,2.634906,1782.7512,1859.5901999999999,76.8,14.322697965118165,tvd_corrected,AH 1788.0-1866.0m → TVD 1782.8-1859.6m (correction: 5.2m)
EVD-01,136997.0,441189.0,1783.1457519897303,,111.87999,2.627269,1782.7512,1859.5901999999999,76.8,14.322697965118165,tvd_corrected,AH 1788.0-1866.0m → TVD 1782.8-1859.6m (correction: 5.2m)
EVD-01,136997.0,441189.0,1783.244389987163,,96.478699,2.626417,1782.7512,1859.5901999999999,76.8,14.322697965118165,tvd_corrected,AH 1788.0-1866.0m → TVD 1782.8-1859.6m (correction: 5.2m)
EVD-01,136997.0,441189.0,1783.3430279845957,,80.286331,2.632565,1782.7512,1859.5901999999999,76.8,14.322697965118165,tvd_corrected,AH 1788.0-1866.0m → TVD 1782.8-1859.6m (correction: 5.2m)
EVD-01,136997.0,441189.0,1783.441665982028,,66.232452,2.642315,1782.7512,1859.5901999999999,76.8,14.322697965118165,tvd_corrected,AH 1788.0-1866.0m → TVD 1782.8-1859.6m (correction: 5.2m)
EVD-01,136997.0,441189.0,1783.5403039794608,,55.544022,2.652485,1782.7512,1859.5901999999999,76.8,14.322697965118165,tvd_corrected,AH 1788.0-1866.0m → TVD 1782.8-1859.6m (correction: 5.2m)
EVD-01,136997.0,441189.0,1783.6389419768934,,48.206848,2.66164,1782.7512,1859.5901999999999,76.8,14.322697965118165,tvd_corrected,AH 1788.0-1866.0m → TVD 1782.8-1859.6m (correction: 5.2m)
EVD-01,136997.0,441189.0,1783.737579974326,,42.77597,2.669318,1782.7512,1859.5901999999999,76.8,14.322697965118165,tvd_corrected,AH 1788.0-1866.0m → TVD 1782.8-1859.6m (correction: 5.2m)
EVD-01,136997.0,441189.0,1783.8362179717585,,39.755157,2.673566,1782.7512,1859.5901999999999,76.8,14.322697965118165,tvd_corrected,AH 1788.0-1866.0m → TVD 1782.8-1859.6m (correction: 5.2m)
EVD-01,136997.0,441189.0,1783.9348559691912,,38.505486,2.672051,1782.7512,1859.5901999999999,76.8,14.322697965118165,tvd_corrected,AH 1788.0-1866.0m → TVD 1782.8-1859.6m (correction: 5.2m)
EVD-01,136997.0,441189.0,1784.0334939666238,,37.566582,2.664149,1782.7512,1859.5901999999999,76.8,14.322697965118165,tvd_corrected,AH 1788.0-1866.0m → TVD 1782.8-1859.6m (correction: 5.2m)
EVD-01,136997.0,441189.0,1784.1321319640565,,36.847664,2.65387,1782.7512,1859.5901999999999,76.8,14.322697965118165,tvd_corrected,AH 1788.0-1866.0m → TVD 1782.8-1859.6m (correction: 5.2m)
EVD-01,136997.0,441189.0,1784.230769961489,,36.288956,2.649852,1782.7512,1859.5901999999999,76.8,14.322697965118165,tvd_corrected,AH 1788.0-1866.0m → TVD 1782.8-1859.6m (correction: 5.2m)
EVD-01,136997.0,441189.0,1784.3294079589216,,35.774879,2.656878,1782.7512,1859.5901999999999,76.8,14.322697965118165,tvd_corrected,AH 1788.0-1866.0m → TVD 1782.8-1859.6m (correction: 5.2m)
EVD-01,136997.0,441189.0,1784.4280459563543,,35.273003,2.670783,1782.7512,1859.5901999999999,76.8,14.322697965118165,tvd_corrected,AH 1788.0-1866.0m → TVD 1782.8-1859.6m (correction: 5.2m)
EVD-01,136997.0,441189.0,1784.526683953787,,34.810005,2.68469,1782.7512,1859.5901999999999,76.8,14.322697965118165,tvd_corrected,AH 1788.0-1866.0m → TVD 1782.8-1859.6m (correction: 5.2m)
EVD-01,136997.0,441189.0,1784.6253219512193,,34.428139,2.696392,1782.7512,1859.5901999999999,76.8,14.322697965118165,tvd_corrected,AH 1788.0-1866.0m → TVD 1782.8-1859.6m (correction: 5.2m)
EVD-01,136997.0,441189.0,1784.723959948652,,34.195854,2.705086,1782.7512,1859.5901999999999,76.8,14.322697965118165,tvd_corrected,AH 1788.0-1866.0m → TVD 1782.8-1859.6m (correction: 5.2m)
EVD-01,136997.0,441189.0,1784.8225979460847,,34.139435,2.709484,1782.7512,1859.5901999999999,76.8,14.322697965118165,tvd_corrected,AH 1788.0-1866.0m → TVD 1782.8-1859.6m (correction: 5.2m)
EVD-01,136997.0,441189.0,1784.9212359435173,,34.135597,2.708602,1782.7512,1859.5901999999999,76.8,14.322697965118165,tvd_corrected,AH 1788.0-1866.0m → TVD 1782.8-1859.6m (correction: 5.2m)
EVD-01,136997.0,441189.0,1785.0198739409498,,34.029579,2.704588,1782.7512,1859.5901999999999,76.8,14.322697965118165,tvd_corrected,AH 1788.0-1866.0m → TVD 1782.8-1859.6m (correction: 5.2m)
EVD-01,136997.0,441189.0,1785.1185119383824,,33.661469,2.699532,1782.7512,1859.5901999999999,76.8,14.322697965118165,tvd_corrected,AH 1788.0-1866.0m → TVD 1782.8-1859.6m (correction: 5.2m)
EVD-01,136997.0,441189.0,1785.217149935815,,33.022896,2.693104,1782.7512,1859.5901999999999,76.8,14.322697965118165,tvd_corrected,AH 1788.0-1866.0m → TVD 1782.8-1859.6m (correction: 5.2m)
EVD-01,136997.0,441189.0,1785.3157879332477,,32.00264,2.687574,1782.7512,1859.5901999999999,76.8,14.322697965118165,tvd_corrected,AH 1788.0-1866.0m → TVD 1782.8-1859.6m (correction: 5.2m)
EVD-01,136997.0,441189.0,1785.4144259306802,,30.584808,2.688078,1782.7512,1859.5901999999999,76.8,14.322697965118165,tvd_corrected,AH 1788.0-1866.0m → TVD 1782.8-1859.6m (correction: 5.2m)
EVD-01,136997.0,441189.0,1785.5130639281128,,29.007034,2.699311,1782.7512,1859.5901999999999,76.8,14.322697965118165,tvd_corrected,AH 1788.0-1866.0m → TVD 1782.8-1859.6m (correction: 5.2m)
EVD-01,136997.0,441189.0,1785.6117019255455,,27.435844,2.717121,1782.7512,1859.5901999999999,76.8,14.322697965118165,tvd_corrected,AH 1788.0-1866.0m → TVD 1782.8-1859.6m (correction: 5.2m)
EVD-01,136997.0,441189.0,1785.7103399229782,,25.97253,2.731019,1782.7512,1859.5901999999999,76.8,14.322697965118165,tvd_corrected,AH 1788.0-1866.0m → TVD 1782.8-1859.6m (correction: 5.2m)
EVD-01,136997.0,441189.0,1785.8089779204106,,24.582161,2.735389,1782.7512,1859.5901999999999,76.8,14.322697965118165,tvd_corrected,AH 1788.0-1866.0m → TVD 1782.8-1859.6m (correction: 5.2m)
EVD-01,136997.0,441189.0,1785.9076159178433,,23.806061,2.735233,1782.7512,1859.5901999999999,76.8,14.322697965118165,tvd_corrected,AH 1788.0-1866.0m → TVD 1782.8-1859.6m (correction: 5.2m)
EVD-01,136997.0,441189.0,1786.006253915276,,24.151642,2.735993,1782.7512,1859.5901999999999,76.8,14.322697965118165,tvd_corrected,AH 1788.0-1866.0m → TVD 1782.8-1859.6m (correction: 5.2m)
EVD-01,136997.0,441189.0,1786.1048919127086,,25.225685,2.730711,1782.7512,1859.5901999999999,76.8,14.322697965118165,tvd_corrected,AH 1788.0-1866.0m → TVD 1782.8-1859.6m (correction: 5.2m)
EVD-01,136997.0,441189.0,1786.2035299101412,,26.846359,2.718017,1782.7512,1859.5901999999999,76.8,14.322697965118165,tvd_corrected,AH 1788.0-1866.0m → TVD 1782.8-1859.6m (correction: 5.2m)
EVD-01,136997.0,441189.0,1786.3021679075737,,28.479057,2.702768,1782.7512,1859.5901999999999,76.8,14.322697965118165,tvd_corrected,AH 1788.0-1866.0m → TVD 1782.8-1859.6m (correction: 5.2m)
EVD-01,136997.0,441189.0,1786.4008059050063,,29.689583,2.688874,1782.7512,1859.5901999999999,76.8,14.322697965118165,tvd_corrected,AH 1788.0-1866.0m → TVD 1782.8-1859.6m (correction: 5.2m)
EVD-01,136997.0,441189.0,1786.499443902439,,30.444504,2.677033,1782.7512,1859.5901999999999,76.8,14.322697965118165,tvd_corrected,AH 1788.0-1866.0m → TVD 1782.8-1859.6m (correction: 5.2m)
EVD-01,136997.0,441189.0,1786.5980818998717,,31.002869,2.666255,1782.7512,1859.5901999999999,76.8,14.322697965118165,tvd_corrected,AH 1788.0-1866.0m → TVD 1782.8-1859.6m (correction: 5.2m)
EVD-01,136997.0,441189.0,1786.696719897304,,31.390118,2.659599,1782.7512,1859.5901999999999,76.8,14.322697965118165,tvd_corrected,AH 1788.0-1866.0m → TVD 1782.8-1859.6m (correction: 5.2m)
EVD-01,136997.0,441189.0,1786.7953578947368,,31.550617,2.661278,1782.7512,1859.5901999999999,76.8,14.322697965118165,tvd_corrected,AH 1788.0-1866.0m → TVD 1782.8-1859.6m (correction: 5.2m)
EVD-01,136997.0,441189.0,1786.8939958921694,,31.562325,2.672501,1782.7512,1859.5901999999999,76.8,14.322697965118165,tvd_corrected,AH 1788.0-1866.0m → TVD 1782.8-1859.6m (correction: 5.2m)
EVD-01,136997.0,441189.0,1786.992633889602,,31.741489,2.687001,1782.7512,1859.5901999999999,76.8,14.322697965118165,tvd_corrected,AH 1788.0-1866.0m → TVD 1782.8-1859.6m (correction: 5.2m)
EVD-01,136997.0,441189.0,1787.0912718870345,,32.250168,2.695801,1782.7512,1859.5901999999999,76.8,14.322697965118165,tvd_corrected,AH 1788.0-1866.0m → TVD 1782.8-1859.6m (correction: 5.2m)
EVD-01,136997.0,441189.0,1787.1899098844672,,33.014313,2.695531,1782.7512,1859.5901999999999,76.8,14.322697965118165,tvd_corrected,AH 1788.0-1866.0m → TVD 1782.8-1859.6m (correction: 5.2m)
EVD-01,136997.0,441189.0,1787.2885478818998,,34.055481,2.691753,1782.7512,1859.5901999999999,76.8,14.322697965118165,tvd_corrected,AH 1788.0-1866.0m → TVD 1782.8-1859.6m (correction: 5.2m)
EVD-01,136997.0,441189.0,1787.3871858793325,,35.38591,2.69249,1782.7512,1859.5901999999999,76.8,14.322697965118165,tvd_corrected,AH 1788.0-1866.0m → TVD 1782.8-1859.6m (correction: 5.2m)
EVD-01,136997.0,441189.0,1787.485823876765,,36.799042,2.698951,1782.7512,1859.5901999999999,76.8,14.322697965118165,tvd_corrected,AH 1788.0-1866.0m → TVD 1782.8-1859.6m (correction: 5.2m)
EVD-01,136997.0,441189.0,1787.5844618741976,,38.105698,2.704561,1782.7512,1859.5901999999999,76.8,14.322697965118165,tvd_corrected,AH 1788.0-1866.0m → TVD 1782.8-1859.6m (correction: 5.2m)
EVD-01,136997.0,441189.0,1787.6830998716302,,39.127762,2.702804,1782.7512,1859.5901999999999,76.8,14.322697965118165,tvd_corrected,AH 1788.0-1866.0m → TVD 1782.8-1859.6m (correction: 5.2m)
EVD-01,136997.0,441189.0,1787.781737869063,,39.792175,2.691641,1782.7512,1859.5901999999999,76.8,14.322697965118165,tvd_corrected,AH 1788.0-1866.0m → TVD 1782.8-1859.6m (correction: 5.2m)
EVD-01,136997.0,441189.0,1787.8803758664953,,39.871178,2.671985,1782.7512,1859.5901999999999,76.8,14.322697965118165,tvd_corrected,AH 1788.0-1866.0m → TVD 1782.8-1859.6m (correction: 5.2m)
EVD-01,136997.0,441189.0,1787.979013863928,,39.357346,2.650058,1782.7512,1859.5901999999999,76.8,14.322697965118165,tvd_corrected,AH 1788.0-1866.0m → TVD 1782.8-1859.6m (correction: 5.2m)
EVD-01,136997.0,441189.0,1788.0776518613607,,38.633987,2.632697,1782.7512,1859.5901999999999,76.8,14.322697965118165,tvd_corrected,AH 1788.0-1866.0m → TVD 1782.8-1859.6m (correction: 5.2m)
EVD-01,136997.0,441189.0,1788.1762898587933,,37.706444,2.622567,1782.7512,1859.5901999999999,76.8,14.322697965118165,tvd_corrected,AH 1788.0-1866.0m → TVD 1782.8-1859.6m (correction: 5.2m)
EVD-01,136997.0,441189.0,1788.2749278562258,,36.631668,2.616705,1782.7512,1859.5901999999999,76.8,14.322697965118165,tvd_corrected,AH 1788.0-1866.0m → TVD 1782.8-1859.6m (correction: 5.2m)
EVD-01,136997.0,441189.0,1788.3735658536584,,35.432213,2.61023,1782.7512,1859.5901999999999,76.8,14.322697965118165,tvd_corrected,AH 1788.0-1866.0m → TVD 1782.8-1859.6m (correction: 5.2m)
EVD-01,136997.0,441189.0,1788.472203851091,,33.939957,2.602163,1782.7512,1859.5901999999999,76.8,14.322697965118165,tvd_corrected,AH 1788.0-1866.0m → TVD 1782.8-1859.6m (correction: 5.2m)
EVD-01,136997.0,441189.0,1788.5708418485237,,32.230255,2.595335,1782.7512,1859.5901999999999,76.8,14.322697965118165,tvd_corrected,AH 1788.0-1866.0m → TVD 1782.8-1859.6m (correction: 5.2m)
EVD-01,136997.0,441189.0,1788.6694798459562,,30.577187,2.591578,1782.7512,1859.5901999999999,76.8,14.322697965118165,tvd_corrected,AH 1788.0-1866.0m → TVD 1782.8-1859.6m (correction: 5.2m)
EVD-01,136997.0,441189.0,1788.7681178433888,,29.910252,2.588164,1782.7512,1859.5901999999999,76.8,14.322697965118165,tvd_corrected,AH 1788.0-1866.0m → TVD 1782.8-1859.6m (correction: 5.2m)
EVD-01,136997.0,441189.0,1788.8667558408215,,30.361176,2.584263,1782.7512,1859.5901999999999,76.8,14.322697965118165,tvd_corrected,AH 1788.0-1866.0m → TVD 1782.8-1859.6m (correction: 5.2m)
EVD-01,136997.0,441189.0,1788.9653938382542,,31.287975,2.583219,1782.7512,1859.5901999999999,76.8,14.322697965118165,tvd_corrected,AH 1788.0-1866.0m → TVD 1782.8-1859.6m (correction: 5.2m)
EVD-01,136997.0,441189.0,1789.0640318356866,,32.428345,2.584813,1782.7512,1859.5901999999999,76.8,14.322697965118165,tvd_corrected,AH 1788.0-1866.0m → TVD 1782.8-1859.6m (correction: 5.2m)
EVD-01,136997.0,441189.0,1789.1626698331193,,33.434349,2.587457,1782.7512,1859.5901999999999,76.8,14.322697965118165,tvd_corrected,AH 1788.0-1866.0m → TVD 1782.8-1859.6m (correction: 5.2m)
EVD-01,136997.0,441189.0,1789.261307830552,,34.068779,2.589955,1782.7512,1859.5901999999999,76.8,14.322697965118165,tvd_corrected,AH 1788.0-1866.0m → TVD 1782.8-1859.6m (correction: 5.2m)
EVD-01,136997.0,441189.0,1789.3599458279846,,34.291962,2.590425,1782.7512,1859.5901999999999,76.8,14.322697965118165,tvd_corrected,AH 1788.0-1866.0m → TVD 1782.8-1859.6m (correction: 5.2m)
EVD-01,136997.0,441189.0,1789.4585838254172,,34.309158,2.589374,1782.7512,1859.5901999999999,76.8,14.322697965118165,tvd_corrected,AH 1788.0-1866.0m → TVD 1782.8-1859.6m (correction: 5.2m)
EVD-01,136997.0,441189.0,1789.5572218228497,,34.279579,2.588707,1782.7512,1859.5901999999999,76.8,14.322697965118165,tvd_corrected,AH 1788.0-1866.0m → TVD 1782.8-1859.6m (correction: 5.2m)
EVD-01,136997.0,441189.0,1789.6558598202823,,34.214615,2.586412,1782.7512,1859.5901999999999,76.8,14.322697965118165,tvd_corrected,AH 1788.0-1866.0m → TVD 1782.8-1859.6m (correction: 5.2m)
EVD-01,136997.0,441189.0,1789.754497817715,,34.080902,2.579915,1782.7512,1859.5901999999999,76.8,14.322697965118165,tvd_corrected,AH 1788.0-1866.0m → TVD 1782.8-1859.6m (correction: 5.2m)
EVD-01,136997.0,441189.0,1789.8531358151477,,33.808372,2.570646,1782.7512,1859.5901999999999,76.8,14.322697965118165,tvd_corrected,AH 1788.0-1866.0m → TVD 1782.8-1859.6m (correction: 5.2m)
EVD-01,136997.0,441189.0,1789.95177381258,,33.347481,2.562238,1782.7512,1859.5901999999999,76.8,14.322697965118165,tvd_corrected,AH 1788.0-1866.0m → TVD 1782.8-1859.6m (correction: 5.2m)
EVD-01,136997.0,441189.0,1790.0504118100127,,32.754547,2.55645,1782.7512,1859.5901999999999,76.8,14.322697965118165,tvd_corrected,AH 1788.0-1866.0m → TVD 1782.8-1859.6m (correction: 5.2m)
EVD-01,136997.0,441189.0,1790.1490498074454,,32.098389,2.551548,1782.7512,1859.5901999999999,76.8,14.322697965118165,tvd_corrected,AH 1788.0-1866.0m → TVD 1782.8-1859.6m (correction: 5.2m)
EVD-01,136997.0,441189.0,1790.247687804878,,31.470783,2.545096,1782.7512,1859.5901999999999,76.8,14.322697965118165,tvd_corrected,AH 1788.0-1866.0m → TVD 1782.8-1859.6m (correction: 5.2m)
EVD-01,136997.0,441189.0,1790.3463258023105,,30.932064,2.538748,1782.7512,1859.5901999999999,76.8,14.322697965118165,tvd_corrected,AH 1788.0-1866.0m → TVD 1782.8-1859.6m (correction: 5.2m)
EVD-01,136997.0,441189.0,1790.4449637997432,,30.563213,2.536521,1782.7512,1859.5901999999999,76.8,14.322697965118165,tvd_corrected,AH 1788.0-1866.0m → TVD 1782.8-1859.6m (correction: 5.2m)
EVD-01,136997.0,441189.0,1790.5436017971758,,30.357143,2.53718,1782.7512,1859.5901999999999,76.8,14.322697965118165,tvd_corrected,AH 1788.0-1866.0m → TVD 1782.8-1859.6m (correction: 5.2m)
EVD-01,136997.0,441189.0,1790.6422397946085,,30.273418,2.537282,1782.7512,1859.5901999999999,76.8,14.322697965118165,tvd_corrected,AH 1788.0-1866.0m → TVD 1782.8-1859.6m (correction: 5.2m)
EVD-01,136997.0,441189.0,1790.740877792041,,30.391823,2.535648,1782.7512,1859.5901999999999,76.8,14.322697965118165,tvd_corrected,AH 1788.0-1866.0m → TVD 1782.8-1859.6m (correction: 5.2m)
EVD-01,136997.0,441189.0,1790.8395157894736,,30.668324,2.532786,1782.7512,1859.5901999999999,76.8,14.322697965118165,tvd_corrected,AH 1788.0-1866.0m → TVD 1782.8-1859.6m (correction: 5.2m)
EVD-01,136997.0,441189.0,1790.9381537869062,,31.017368,2.530467,1782.7512,1859.5901999999999,76.8,14.322697965118165,tvd_corrected,AH 1788.0-1866.0m → TVD 1782.8-1859.6m (correction: 5.2m)
EVD-01,136997.0,441189.0,1791.036791784339,,31.343334,2.530745,1782.7512,1859.5901999999999,76.8,14.322697965118165,tvd_corrected,AH 1788.0-1866.0m → TVD 1782.8-1859.6m (correction: 5.2m)
EVD-01,136997.0,441189.0,1791.1354297817713,,31.687843,2.535172,1782.7512,1859.5901999999999,76.8,14.322697965118165,tvd_corrected,AH 1788.0-1866.0m → TVD 1782.8-1859.6m (correction: 5.2m)
EVD-01,136997.0,441189.0,1791.234067779204,,32.106789,2.542792,1782.7512,1859.5901999999999,76.8,14.322697965118165,tvd_corrected,AH 1788.0-1866.0m → TVD 1782.8-1859.6m (correction: 5.2m)
EVD-01,136997.0,441189.0,1791.3327057766367,,32.865295,2.549282,1782.7512,1859.5901999999999,76.8,14.322697965118165,tvd_corrected,AH 1788.0-1866.0m → TVD 1782.8-1859.6m (correction: 5.2m)
EVD-01,136997.0,441189.0,1791.4313437740693,,33.8339,2.552701,1782.7512,1859.5901999999999,76.8,14.322697965118165,tvd_corrected,AH 1788.0-1866.0m → TVD 1782.8-1859.6m (correction: 5.2m)
EVD-01,136997.0,441189.0,1791.5299817715018,,34.889565,2.553854,1782.7512,1859.5901999999999,76.8,14.322697965118165,tvd_corrected,AH 1788.0-1866.0m → TVD 1782.8-1859.6m (correction: 5.2m)
EVD-01,136997.0,441189.0,1791.6286197689344,,36.113632,2.554117,1782.7512,1859.5901999999999,76.8,14.322697965118165,tvd_corrected,AH 1788.0-1866.0m → TVD 1782.8-1859.6m (correction: 5.2m)
EVD-01,136997.0,441189.0,1791.727257766367,,37.463974,2.554864,1782.7512,1859.5901999999999,76.8,14.322697965118165,tvd_corrected,AH 1788.0-1866.0m → TVD 1782.8-1859.6m (correction: 5.2m)
EVD-01,136997.0,441189.0,1791.8258957637997,,38.93615,2.55678,1782.7512,1859.5901999999999,76.8,14.322697965118165,tvd_corrected,AH 1788.0-1866.0m → TVD 1782.8-1859.6m (correction: 5.2m)
EVD-01,136997.0,441189.0,1791.9245337612322,,38.92514,2.558904,1782.7512,1859.5901999999999,76.8,14.322697965118165,tvd_corrected,AH 1788.0-1866.0m → TVD 1782.8-1859.6m (correction: 5.2m)
EVD-01,136997.0,441189.0,1792.0231717586648,,37.591034,2.558932,1782.7512,1859.5901999999999,76.8,14.322697965118165,tvd_corrected,AH 1788.0-1866.0m → TVD 1782.8-1859.6m (correction: 5.2m)
EVD-01,136997.0,441189.0,1792.1218097560975,,35.519791,2.553994,1782.7512,1859.5901999999999,76.8,14.322697965118165,tvd_corrected,AH 1788.0-1866.0m → TVD 1782.8-1859.6m (correction: 5.2m)
EVD-01,136997.0,441189.0,1792.2204477535302,,33.678207,2.543483,1782.7512,1859.5901999999999,76.8,14.322697965118165,tvd_corrected,AH 1788.0-1866.0m → TVD 1782.8-1859.6m (correction: 5.2m)
EVD-01,136997.0,441189.0,1792.3190857509626,,32.261253,2.527182,1782.7512,1859.5901999999999,76.8,14.322697965118165,tvd_corrected,AH 1788.0-1866.0m → TVD 1782.8-1859.6m (correction: 5.2m)
EVD-01,136997.0,441189.0,1792.4177237483952,,31.17701,2.507443,1782.7512,1859.5901999999999,76.8,14.322697965118165,tvd_corrected,AH 1788.0-1866.0m → TVD 1782.8-1859.6m (correction: 5.2m)
EVD-01,136997.0,441189.0,1792.516361745828,,30.611244,2.490127,1782.7512,1859.5901999999999,76.8,14.322697965118165,tvd_corrected,AH 1788.0-1866.0m → TVD 1782.8-1859.6m (correction: 5.2m)
EVD-01,136997.0,441189.0,1792.6149997432606,,30.375832,2.477718,1782.7512,1859.5901999999999,76.8,14.322697965118165,tvd_corrected,AH 1788.0-1866.0m → TVD 1782.8-1859.6m (correction: 5.2m)
EVD-01,136997.0,441189.0,1792.713637740693,,30.221333,2.469234,1782.7512,1859.5901999999999,76.8,14.322697965118165,tvd_corrected,AH 1788.0-1866.0m → TVD 1782.8-1859.6m (correction: 5.2m)
EVD-01,136997.0,441189.0,1792.8122757381257,,30.179134,2.463636,1782.7512,1859.5901999999999,76.8,14.322697965118165,tvd_corrected,AH 1788.0-1866.0m → TVD 1782.8-1859.6m (correction: 5.2m)
EVD-01,136997.0,441189.0,1792.9109137355583,,30.222042,2.460875,1782.7512,1859.5901999999999,76.8,14.322697965118165,tvd_corrected,AH 1788.0-1866.0m → TVD 1782.8-1859.6m (correction: 5.2m)
EVD-01,136997.0,441189.0,1793.009551732991,,30.248737,2.461314,1782.7512,1859.5901999999999,76.8,14.322697965118165,tvd_corrected,AH 1788.0-1866.0m → TVD 1782.8-1859.6m (correction: 5.2m)
EVD-01,136997.0,441189.0,1793.1081897304236,,30.088436,2.465574,1782.7512,1859.5901999999999,76.8,14.322697965118165,tvd_corrected,AH 1788.0-1866.0m → TVD 1782.8-1859.6m (correction: 5.2m)
EVD-01,136997.0,441189.0,1793.206827727856,,29.695274,2.471953,1782.7512,1859.5901999999999,76.8,14.322697965118165,tvd_corrected,AH 1788.0-1866.0m → TVD 1782.8-1859.6m (correction: 5.2m)
EVD-01,136997.0,441189.0,1793.3054657252887,,29.058064,2.476067,1782.7512,1859.5901999999999,76.8,14.322697965118165,tvd_corrected,AH 1788.0-1866.0m → TVD 1782.8-1859.6m (correction: 5.2m)
EVD-01,136997.0,441189.0,1793.4041037227214,,28.407642,2.477974,1782.7512,1859.5901999999999,76.8,14.322697965118165,tvd_corrected,AH 1788.0-1866.0m → TVD 1782.8-1859.6m (correction: 5.2m)
EVD-01,136997.0,441189.0,1793.502741720154,,27.963848,2.479128,1782.7512,1859.5901999999999,76.8,14.322697965118165,tvd_corrected,AH 1788.0-1866.0m → TVD 1782.8-1859.6m (correction: 5.2m)
EVD-01,136997.0,441189.0,1793.6013797175865,,27.96508,2.479185,1782.7512,1859.5901999999999,76.8,14.322697965118165,tvd_corrected,AH 1788.0-1866.0m → TVD 1782.8-1859.6m (correction: 5.2m)
EVD-01,136997.0,441189.0,1793.7000177150192,,28.439926,2.48,1782.7512,1859.5901999999999,76.8,14.322697965118165,tvd_corrected,AH 1788.0-1866.0m → TVD 1782.8-1859.6m (correction: 5.2m)
EVD-01,136997.0,441189.0,1793.7986557124518,,29.14814,2.484628,1782.7512,1859.5901999999999,76.8,14.322697965118165,tvd_corrected,AH 1788.0-1866.0m → TVD 1782.8-1859.6m (correction: 5.2m)
EVD-01,136997.0,441189.0,1793.8972937098845,,29.734325,2.493104,1782.7512,1859.5901999999999,76.8,14.322697965118165,tvd_corrected,AH 1788.0-1866.0m → TVD 1782.8-1859.6m (correction: 5.2m)
EVD-01,136997.0,441189.0,1793.995931707317,,29.955914,2.500256,1782.7512,1859.5901999999999,76.8,14.322697965118165,tvd_corrected,AH 1788.0-1866.0m → TVD 1782.8-1859.6m (correction: 5.2m)
EVD-01,136997.0,441189.0,1794.0945697047496,,29.84296,2.500312,1782.7512,1859.5901999999999,76.8,14.322697965118165,tvd_corrected,AH 1788.0-1866.0m → TVD 1782.8-1859.6m (correction: 5.2m)
EVD-01,136997.0,441189.0,1794.1932077021822,,29.237648,2.493924,1782.7512,1859.5901999999999,76.8,14.322697965118165,tvd_corrected,AH 1788.0-1866.0m → TVD 1782.8-1859.6m (correction: 5.2m)
EVD-01,136997.0,441189.0,1794.291845699615,,28.29908,2.486035,1782.7512,1859.5901999999999,76.8,14.322697965118165,tvd_corrected,AH 1788.0-1866.0m → TVD 1782.8-1859.6m (correction: 5.2m)
EVD-01,136997.0,441189.0,1794.3904836970473,,27.412628,2.47994,1782.7512,1859.5901999999999,76.8,14.322697965118165,tvd_corrected,AH 1788.0-1866.0m → TVD 1782.8-1859.6m (correction: 5.2m)
EVD-01,136997.0,441189.0,1794.48912169448,,26.553219,2.473841,1782.7512,1859.5901999999999,76.8,14.322697965118165,tvd_corrected,AH 1788.0-1866.0m → TVD 1782.8-1859.6m (correction: 5.2m)
EVD-01,136997.0,441189.0,1794.5877596919127,,25.638733,2.468289,1782.7512,1859.5901999999999,76.8,14.322697965118165,tvd_corrected,AH 1788.0-1866.0m → TVD 1782.8-1859.6m (correction: 5.2m)
EVD-01,136997.0,441189.0,1794.6863976893453,,24.641285,2.467915,1782.7512,1859.5901999999999,76.8,14.322697965118165,tvd_corrected,AH 1788.0-1866.0m → TVD 1782.8-1859.6m (correction: 5.2m)
EVD-01,136997.0,441189.0,1794.7850356867777,,24.072792,2.473297,1782.7512,1859.5901999999999,76.8,14.322697965118165,tvd_corrected,AH 1788.0-1866.0m → TVD 1782.8-1859.6m (correction: 5.2m)
EVD-01,136997.0,441189.0,1794.8836736842104,,24.18314,2.482398,1782.7512,1859.5901999999999,76.8,14.322697965118165,tvd_corrected,AH 1788.0-1866.0m → TVD 1782.8-1859.6m (correction: 5.2m)
EVD-01,136997.0,441189.0,1794.982311681643,,24.528191,2.493087,1782.7512,1859.5901999999999,76.8,14.322697965118165,tvd_corrected,AH 1788.0-1866.0m → TVD 1782.8-1859.6m (correction: 5.2m)
EVD-01,136997.0,441189.0,1795.0809496790757,,25.048149,2.501173,1782.7512,1859.5901999999999,76.8,14.322697965118165,tvd_corrected,AH 1788.0-1866.0m → TVD 1782.8-1859.6m (correction: 5.2m)
EVD-01,136997.0,441189.0,1795.1795876765082,,25.58036,2.503688,1782.7512,1859.5901999999999,76.8,14.322697965118165,tvd_corrected,AH 1788.0-1866.0m → TVD 1782.8-1859.6m (correction: 5.2m)
EVD-01,136997.0,441189.0,1795.2782256739408,,26.024639,2.501696,1782.7512,1859.5901999999999,76.8,14.322697965118165,tvd_corrected,AH 1788.0-1866.0m → TVD 1782.8-1859.6m (correction: 5.2m)
EVD-01,136997.0,441189.0,1795.3768636713735,,26.2771,2.497746,1782.7512,1859.5901999999999,76.8,14.322697965118165,tvd_corrected,AH 1788.0-1866.0m → TVD 1782.8-1859.6m (correction: 5.2m)
EVD-01,136997.0,441189.0,1795.4755016688061,,26.22654,2.494017,1782.7512,1859.5901999999999,76.8,14.322697965118165,tvd_corrected,AH 1788.0-1866.0m → TVD 1782.8-1859.6m (correction: 5.2m)
EVD-01,136997.0,441189.0,1795.5741396662386,,25.880272,2.49076,1782.7512,1859.5901999999999,76.8,14.322697965118165,tvd_corrected,AH 1788.0-1866.0m → TVD 1782.8-1859.6m (correction: 5.2m)
EVD-01,136997.0,441189.0,1795.6727776636712,,25.451118,2.487021,1782.7512,1859.5901999999999,76.8,14.322697965118165,tvd_corrected,AH 1788.0-1866.0m → TVD 1782.8-1859.6m (correction: 5.2m)
EVD-01,136997.0,441189.0,1795.771415661104,,25.276947,2.481237,1782.7512,1859.5901999999999,76.8,14.322697965118165,tvd_corrected,AH 1788.0-1866.0m → TVD 1782.8-1859.6m (correction: 5.2m)
EVD-01,136997.0,441189.0,1795.8700536585366,,25.325962,2.472872,1782.7512,1859.5901999999999,76.8,14.322697965118165,tvd_corrected,AH 1788.0-1866.0m → TVD 1782.8-1859.6m (correction: 5.2m)
EVD-01,136997.0,441189.0,1795.968691655969,,25.648071,2.46385,1782.7512,1859.5901999999999,76.8,14.322697965118165,tvd_corrected,AH 1788.0-1866.0m → TVD 1782.8-1859.6m (correction: 5.2m)
EVD-01,136997.0,441189.0,1796.0673296534017,,26.209545,2.456063,1782.7512,1859.5901999999999,76.8,14.322697965118165,tvd_corrected,AH 1788.0-1866.0m → TVD 1782.8-1859.6m (correction: 5.2m)
EVD-01,136997.0,441189.0,1796.1659676508343,,26.937611,2.449688,1782.7512,1859.5901999999999,76.8,14.322697965118165,tvd_corrected,AH 1788.0-1866.0m → TVD 1782.8-1859.6m (correction: 5.2m)
EVD-01,136997.0,441189.0,1796.264605648267,,27.673977,2.446184,1782.7512,1859.5901999999999,76.8,14.322697965118165,tvd_corrected,AH 1788.0-1866.0m → TVD 1782.8-1859.6m (correction: 5.2m)
EVD-01,136997.0,441189.0,1796.3632436456996,,28.179115,2.448327,1782.7512,1859.5901999999999,76.8,14.322697965118165,tvd_corrected,AH 1788.0-1866.0m → TVD 1782.8-1859.6m (correction: 5.2m)
EVD-01,136997.0,441189.0,1796.461881643132,,28.428265,2.457741,1782.7512,1859.5901999999999,76.8,14.322697965118165,tvd_corrected,AH 1788.0-1866.0m → TVD 1782.8-1859.6m (correction: 5.2m)
EVD-01,136997.0,441189.0,1796.5605196405647,,28.453503,2.472708,1782.7512,1859.5901999999999,76.8,14.322697965118165,tvd_corrected,AH 1788.0-1866.0m → TVD 1782.8-1859.6m (correction: 5.2m)
EVD-01,136997.0,441189.0,1796.6591576379974,,28.459961,2.487276,1782.7512,1859.5901999999999,76.8,14.322697965118165,tvd_corrected,AH 1788.0-1866.0m → TVD 1782.8-1859.6m (correction: 5.2m)
EVD-01,136997.0,441189.0,1796.75779563543,,28.459961,2.49204,1782.7512,1859.5901999999999,76.8,14.322697965118165,tvd_corrected,AH 1788.0-1866.0m → TVD 1782.8-1859.6m (correction: 5.2m)
EVD-01,136997.0,441189.0,1796.8564336328625,,28.460953,2.485426,1782.7512,1859.5901999999999,76.8,14.322697965118165,tvd_corrected,AH 1788.0-1866.0m → TVD 1782.8-1859.6m (correction: 5.2m)
EVD-01,136997.0,441189.0,1796.9550716302952,,28.475201,2.475094,1782.7512,1859.5901999999999,76.8,14.322697965118165,tvd_corrected,AH 1788.0-1866.0m → TVD 1782.8-1859.6m (correction: 5.2m)
EVD-01,136997.0,441189.0,1797.0537096277278,,28.546902,2.468756,1782.7512,1859.5901999999999,76.8,14.322697965118165,tvd_corrected,AH 1788.0-1866.0m → TVD 1782.8-1859.6m (correction: 5.2m)
EVD-01,136997.0,441189.0,1797.1523476251605,,28.720173,2.47156,1782.7512,1859.5901999999999,76.8,14.322697965118165,tvd_corrected,AH 1788.0-1866.0m → TVD 1782.8-1859.6m (correction: 5.2m)
EVD-01,136997.0,441189.0,1797.250985622593,,28.969799,2.483027,1782.7512,1859.5901999999999,76.8,14.322697965118165,tvd_corrected,AH 1788.0-1866.0m → TVD 1782.8-1859.6m (correction: 5.2m)
EVD-01,136997.0,441189.0,1797.3496236200256,,29.225307,2.496142,1782.7512,1859.5901999999999,76.8,14.322697965118165,tvd_corrected,AH 1788.0-1866.0m → TVD 1782.8-1859.6m (correction: 5.2m)
EVD-01,136997.0,441189.0,1797.4482616174582,,29.466454,2.504325,1782.7512,1859.5901999999999,76.8,14.322697965118165,tvd_corrected,AH 1788.0-1866.0m → TVD 1782.8-1859.6m (correction: 5.2m)
EVD-01,136997.0,441189.0,1797.546899614891,,29.768856,2.50701,1782.7512,1859.5901999999999,76.8,14.322697965118165,tvd_corrected,AH 1788.0-1866.0m → TVD 1782.8-1859.6m (correction: 5.2m)
EVD-01,136997.0,441189.0,1797.6455376123233,,30.201977,2.50502,1782.7512,1859.5901999999999,76.8,14.322697965118165,tvd_corrected,AH 1788.0-1866.0m → TVD 1782.8-1859.6m (correction: 5.2m)
EVD-01,136997.0,441189.0,1797.744175609756,,30.816177,2.501292,1782.7512,1859.5901999999999,76.8,14.322697965118165,tvd_corrected,AH 1788.0-1866.0m → TVD 1782.8-1859.6m (correction: 5.2m)
EVD-01,136997.0,441189.0,1797.8428136071886,,31.530666,2.498177,1782.7512,1859.5901999999999,76.8,14.322697965118165,tvd_corrected,AH 1788.0-1866.0m → TVD 1782.8-1859.6m (correction: 5.2m)
EVD-01,136997.0,441189.0,1797.9414516046213,,32.40519,2.495408,1782.7512,1859.5901999999999,76.8,14.322697965118165,tvd_corrected,AH 1788.0-1866.0m → TVD 1782.8-1859.6m (correction: 5.2m)
EVD-01,136997.0,441189.0,1798.0400896020537,,33.476189,2.49466,1782.7512,1859.5901999999999,76.8,14.322697965118165,tvd_corrected,AH 1788.0-1866.0m → TVD 1782.8-1859.6m (correction: 5.2m)
EVD-01,136997.0,441189.0,1798.1387275994864,,34.647095,2.499708,1782.7512,1859.5901999999999,76.8,14.322697965118165,tvd_corrected,AH 1788.0-1866.0m → TVD 1782.8-1859.6m (correction: 5.2m)
EVD-01,136997.0,441189.0,1798.237365596919,,35.806427,2.506468,1782.7512,1859.5901999999999,76.8,14.322697965118165,tvd_corrected,AH 1788.0-1866.0m → TVD 1782.8-1859.6m (correction: 5.2m)
EVD-01,136997.0,441189.0,1798.3360035943517,,36.727234,2.511037,1782.7512,1859.5901999999999,76.8,14.322697965118165,tvd_corrected,AH 1788.0-1866.0m → TVD 1782.8-1859.6m (correction: 5.2m)
EVD-01,136997.0,441189.0,1798.4346415917842,,37.232849,2.515933,1782.7512,1859.5901999999999,76.8,14.322697965118165,tvd_corrected,AH 1788.0-1866.0m → TVD 1782.8-1859.6m (correction: 5.2m)
EVD-01,136997.0,441189.0,1798.5332795892168,,37.366806,2.521044,1782.7512,1859.5901999999999,76.8,14.322697965118165,tvd_corrected,AH 1788.0-1866.0m → TVD 1782.8-1859.6m (correction: 5.2m)
EVD-01,136997.0,441189.0,1798.6319175866495,,37.35186,2.524332,1782.7512,1859.5901999999999,76.8,14.322697965118165,tvd_corrected,AH 1788.0-1866.0m → TVD 1782.8-1859.6m (correction: 5.2m)
EVD-01,136997.0,441189.0,1798.7305555840821,,37.323357,2.52607,1782.7512,1859.5901999999999,76.8,14.322697965118165,tvd_corrected,AH 1788.0-1866.0m → TVD 1782.8-1859.6m (correction: 5.2m)
EVD-01,136997.0,441189.0,1798.8291935815146,,37.255272,2.529146,1782.7512,1859.5901999999999,76.8,14.322697965118165,tvd_corrected,AH 1788.0-1866.0m → TVD 1782.8-1859.6m (correction: 5.2m)
EVD-01,136997.0,441189.0,1798.9278315789472,,37.121513,2.533236,1782.7512,1859.5901999999999,76.8,14.322697965118165,tvd_corrected,AH 1788.0-1866.0m → TVD 1782.8-1859.6m (correction: 5.2m)
EVD-01,136997.0,441189.0,1799.02646957638,,36.929375,2.533577,1782.7512,1859.5901999999999,76.8,14.322697965118165,tvd_corrected,AH 1788.0-1866.0m → TVD 1782.8-1859.6m (correction: 5.2m)
EVD-01,136997.0,441189.0,1799.1251075738126,,36.654602,2.53027,1782.7512,1859.5901999999999,76.8,14.322697965118165,tvd_corrected,AH 1788.0-1866.0m → TVD 1782.8-1859.6m (correction: 5.2m)
EVD-01,136997.0,441189.0,1799.223745571245,,36.236237,2.527533,1782.7512,1859.5901999999999,76.8,14.322697965118165,tvd_corrected,AH 1788.0-1866.0m → TVD 1782.8-1859.6m (correction: 5.2m)
EVD-01,136997.0,441189.0,1799.3223835686777,,35.496216,2.528554,1782.7512,1859.5901999999999,76.8,14.322697965118165,tvd_corrected,AH 1788.0-1866.0m → TVD 1782.8-1859.6m (correction: 5.2m)
EVD-01,136997.0,441189.0,1799.4210215661103,,34.615852,2.532966,1782.7512,1859.5901999999999,76.8,14.322697965118165,tvd_corrected,AH 1788.0-1866.0m → TVD 1782.8-1859.6m (correction: 5.2m)
EVD-01,136997.0,441189.0,1799.519659563543,,33.928497,2.5372,1782.7512,1859.5901999999999,76.8,14.322697965118165,tvd_corrected,AH 1788.0-1866.0m → TVD 1782.8-1859.6m (correction: 5.2m)
EVD-01,136997.0,441189.0,1799.6182975609756,,33.864174,2.537744,1782.7512,1859.5901999999999,76.8,14.322697965118165,tvd_corrected,AH 1788.0-1866.0m → TVD 1782.8-1859.6m (correction: 5.2m)
EVD-01,136997.0,441189.0,1799.716935558408,,34.025566,2.535572,1782.7512,1859.5901999999999,76.8,14.322697965118165,tvd_corrected,AH 1788.0-1866.0m → TVD 1782.8-1859.6m (correction: 5.2m)
EVD-01,136997.0,441189.0,1799.8155735558407,,33.904228,2.533643,1782.7512,1859.5901999999999,76.8,14.322697965118165,tvd_corrected,AH 1788.0-1866.0m → TVD 1782.8-1859.6m (correction: 5.2m)
EVD-01,136997.0,441189.0,1799.9142115532734,,33.354683,2.533096,1782.7512,1859.5901999999999,76.8,14.322697965118165,tvd_corrected,AH 1788.0-1866.0m → TVD 1782.8-1859.6m (correction: 5.2m)
EVD-01,136997.0,441189.0,1800.012849550706,,32.808403,2.533552,1782.7512,1859.5901999999999,76.8,14.322697965118165,tvd_corrected,AH 1788.0-1866.0m → TVD 1782.8-1859.6m (correction: 5.2m)
EVD-01,136997.0,441189.0,1800.1114875481385,,32.5896,2.532762,1782.7512,1859.5901999999999,76.8,14.322697965118165,tvd_corrected,AH 1788.0-1866.0m → TVD 1782.8-1859.6m (correction: 5.2m)
EVD-01,136997.0,441189.0,1800.2101255455711,,32.724167,2.528389,1782.7512,1859.5901999999999,76.8,14.322697965118165,tvd_corrected,AH 1788.0-1866.0m → TVD 1782.8-1859.6m (correction: 5.2m)
EVD-01,136997.0,441189.0,1800.3087635430038,,33.0606,2.522645,1782.7512,1859.5901999999999,76.8,14.322697965118165,tvd_corrected,AH 1788.0-1866.0m → TVD 1782.8-1859.6m (correction: 5.2m)
EVD-01,136997.0,441189.0,1800.4074015404365,,33.453606,2.520935,1782.7512,1859.5901999999999,76.8,14.322697965118165,tvd_corrected,AH 1788.0-1866.0m → TVD 1782.8-1859.6m (correction: 5.2m)
EVD-01,136997.0,441189.0,1800.506039537869,,33.906975,2.525726,1782.7512,1859.5901999999999,76.8,14.322697965118165,tvd_corrected,AH 1788.0-1866.0m → TVD 1782.8-1859.6m (correction: 5.2m)
EVD-01,136997.0,441189.0,1800.6046775353016,,34.221298,2.532806,1782.7512,1859.5901999999999,76.8,14.322697965118165,tvd_corrected,AH 1788.0-1866.0m → TVD 1782.8-1859.6m (correction: 5.2m)
EVD-01,136997.0,441189.0,1800.7033155327342,,34.263519,2.536843,1782.7512,1859.5901999999999,76.8,14.322697965118165,tvd_corrected,AH 1788.0-1866.0m → TVD 1782.8-1859.6m (correction: 5.2m)
EVD-01,136997.0,441189.0,1800.8019535301669,,33.666039,2.538134,1782.7512,1859.5901999999999,76.8,14.322697965118165,tvd_corrected,AH 1788.0-1866.0m → TVD 1782.8-1859.6m (correction: 5.2m)
EVD-01,136997.0,441189.0,1800.9005915275993,,32.665031,2.537611,1782.7512,1859.5901999999999,76.8,14.322697965118165,tvd_corrected,AH 1788.0-1866.0m → TVD 1782.8-1859.6m (correction: 5.2m)
EVD-01,136997.0,441189.0,1800.999229525032,,31.559525,2.535016,1782.7512,1859.5901999999999,76.8,14.322697965118165,tvd_corrected,AH 1788.0-1866.0m → TVD 1782.8-1859.6m (correction: 5.2m)
EVD-01,136997.0,441189.0,1801.0978675224646,,30.645264,2.53062,1782.7512,1859.5901999999999,76.8,14.322697965118165,tvd_corrected,AH 1788.0-1866.0m → TVD 1782.8-1859.6m (correction: 5.2m)
EVD-01,136997.0,441189.0,1801.1965055198973,,30.092911,2.524153,1782.7512,1859.5901999999999,76.8,14.322697965118165,tvd_corrected,AH 1788.0-1866.0m → TVD 1782.8-1859.6m (correction: 5.2m)
EVD-01,136997.0,441189.0,1801.2951435173297,,29.974503,2.515193,1782.7512,1859.5901999999999,76.8,14.322697965118165,tvd_corrected,AH 1788.0-1866.0m → TVD 1782.8-1859.6m (correction: 5.2m)
EVD-01,136997.0,441189.0,1801.3937815147624,,30.251587,2.504006,1782.7512,1859.5901999999999,76.8,14.322697965118165,tvd_corrected,AH 1788.0-1866.0m → TVD 1782.8-1859.6m (correction: 5.2m)
EVD-01,136997.0,441189.0,1801.492419512195,,30.637569,2.4934,1782.7512,1859.5901999999999,76.8,14.322697965118165,tvd_corrected,AH 1788.0-1866.0m → TVD 1782.8-1859.6m (correction: 5.2m)
EVD-01,136997.0,441189.0,1801.5910575096277,,30.91119,2.487131,1782.7512,1859.5901999999999,76.8,14.322697965118165,tvd_corrected,AH 1788.0-1866.0m → TVD 1782.8-1859.6m (correction: 5.2m)
EVD-01,136997.0,441189.0,1801.6896955070602,,30.855343,2.484812,1782.7512,1859.5901999999999,76.8,14.322697965118165,tvd_corrected,AH 1788.0-1866.0m → TVD 1782.8-1859.6m (correction: 5.2m)
EVD-01,136997.0,441189.0,1801.7883335044928,,30.488796,2.484832,1782.7512,1859.5901999999999,76.8,14.322697965118165,tvd_corrected,AH 1788.0-1866.0m → TVD 1782.8-1859.6m (correction: 5.2m)
EVD-01,136997.0,441189.0,1801.8869715019255,,29.816242,2.485642,1782.7512,1859.5901999999999,76.8,14.322697965118165,tvd_corrected,AH 1788.0-1866.0m → TVD 1782.8-1859.6m (correction: 5.2m)
EVD-01,136997.0,441189.0,1801.9856094993581,,28.87883,2.487031,1782.7512,1859.5901999999999,76.8,14.322697965118165,tvd_corrected,AH 1788.0-1866.0m → TVD 1782.8-1859.6m (correction: 5.2m)
EVD-01,136997.0,441189.0,1802.0842474967906,,27.820663,2.487854,1782.7512,1859.5901999999999,76.8,14.322697965118165,tvd_corrected,AH 1788.0-1866.0m → TVD 1782.8-1859.6m (correction: 5.2m)
EVD-01,136997.0,441189.0,1802.1828854942232,,26.690327,2.4862,1782.7512,1859.5901999999999,76.8,14.322697965118165,tvd_corrected,AH 1788.0-1866.0m → TVD 1782.8-1859.6m (correction: 5.2m)
EVD-01,136997.0,441189.0,1802.281523491656,,25.634834,2.481962,1782.7512,1859.5901999999999,76.8,14.322697965118165,tvd_corrected,AH 1788.0-1866.0m → TVD 1782.8-1859.6m (correction: 5.2m)
EVD-01,136997.0,441189.0,1802.3801614890886,,24.800152,2.475728,1782.7512,1859.5901999999999,76.8,14.322697965118165,tvd_corrected,AH 1788.0-1866.0m → TVD 1782.8-1859.6m (correction: 5.2m)
EVD-01,136997.0,441189.0,1802.478799486521,,24.388519,2.468386,1782.7512,1859.5901999999999,76.8,14.322697965118165,tvd_corrected,AH 1788.0-1866.0m → TVD 1782.8-1859.6m (correction: 5.2m)
EVD-01,136997.0,441189.0,1802.5774374839536,,24.372467,2.46181,1782.7512,1859.5901999999999,76.8,14.322697965118165,tvd_corrected,AH 1788.0-1866.0m → TVD 1782.8-1859.6m (correction: 5.2m)
EVD-01,136997.0,441189.0,1802.6760754813863,,24.565792,2.458437,1782.7512,1859.5901999999999,76.8,14.322697965118165,tvd_corrected,AH 1788.0-1866.0m → TVD 1782.8-1859.6m (correction: 5.2m)
EVD-01,136997.0,441189.0,1802.774713478819,,24.858025,2.459016,1782.7512,1859.5901999999999,76.8,14.322697965118165,tvd_corrected,AH 1788.0-1866.0m → TVD 1782.8-1859.6m (correction: 5.2m)
EVD-01,136997.0,441189.0,1802.8733514762516,,25.218826,2.461364,1782.7512,1859.5901999999999,76.8,14.322697965118165,tvd_corrected,AH 1788.0-1866.0m → TVD 1782.8-1859.6m (correction: 5.2m)
EVD-01,136997.0,441189.0,1802.971989473684,,25.647461,2.464256,1782.7512,1859.5901999999999,76.8,14.322697965118165,tvd_corrected,AH 1788.0-1866.0m → TVD 1782.8-1859.6m (correction: 5.2m)
EVD-01,136997.0,441189.0,1803.0706274711167,,26.197285,2.468042,1782.7512,1859.5901999999999,76.8,14.322697965118165,tvd_corrected,AH 1788.0-1866.0m → TVD 1782.8-1859.6m (correction: 5.2m)
EVD-01,136997.0,441189.0,1803.1692654685494,,26.803474,2.469767,1782.7512,1859.5901999999999,76.8,14.322697965118165,tvd_corrected,AH 1788.0-1866.0m → TVD 1782.8-1859.6m (correction: 5.2m)
EVD-01,136997.0,441189.0,1803.267903465982,,27.369862,2.466734,1782.7512,1859.5901999999999,76.8,14.322697965118165,tvd_corrected,AH 1788.0-1866.0m → TVD 1782.8-1859.6m (correction: 5.2m)
EVD-01,136997.0,441189.0,1803.3665414634145,,27.508842,2.461405,1782.7512,1859.5901999999999,76.8,14.322697965118165,tvd_corrected,AH 1788.0-1866.0m → TVD 1782.8-1859.6m (correction: 5.2m)
EVD-01,136997.0,441189.0,1803.4651794608471,,27.302387,2.460521,1782.7512,1859.5901999999999,76.8,14.322697965118165,tvd_corrected,AH 1788.0-1866.0m → TVD 1782.8-1859.6m (correction: 5.2m)
EVD-01,136997.0,441189.0,1803.5638174582798,,27.011215,2.469365,1782.7512,1859.5901999999999,76.8,14.322697965118165,tvd_corrected,AH 1788.0-1866.0m → TVD 1782.8-1859.6m (correction: 5.2m)
EVD-01,136997.0,441189.0,1803.6624554557125,,26.998192,2.486041,1782.7512,1859.5901999999999,76.8,14.322697965118165,tvd_corrected,AH 1788.0-1866.0m → TVD 1782.8-1859.6m (correction: 5.2m)
EVD-01,136997.0,441189.0,1803.761093453145,,27.190716,2.505631,1782.7512,1859.5901999999999,76.8,14.322697965118165,tvd_corrected,AH 1788.0-1866.0m → TVD 1782.8-1859.6m (correction: 5.2m)
EVD-01,136997.0,441189.0,1803.8597314505776,,27.351746,2.52376,1782.7512,1859.5901999999999,76.8,14.322697965118165,tvd_corrected,AH 1788.0-1866.0m → TVD 1782.8-1859.6m (correction: 5.2m)
EVD-01,136997.0,441189.0,1803.9583694480102,,27.339314,2.537405,1782.7512,1859.5901999999999,76.8,14.322697965118165,tvd_corrected,AH 1788.0-1866.0m → TVD 1782.8-1859.6m (correction: 5.2m)
EVD-01,136997.0,441189.0,1804.0570074454429,,27.107868,2.54665,1782.7512,1859.5901999999999,76.8,14.322697965118165,tvd_corrected,AH 1788.0-1866.0m → TVD 1782.8-1859.6m (correction: 5.2m)
EVD-01,136997.0,441189.0,1804.1556454428753,,26.701767,2.551088,1782.7512,1859.5901999999999,76.8,14.322697965118165,tvd_corrected,AH 1788.0-1866.0m → TVD 1782.8-1859.6m (correction: 5.2m)
EVD-01,136997.0,441189.0,1804.254283440308,,26.088539,2.550693,1782.7512,1859.5901999999999,76.8,14.322697965118165,tvd_corrected,AH 1788.0-1866.0m → TVD 1782.8-1859.6m (correction: 5.2m)
EVD-01,136997.0,441189.0,1804.3529214377406,,25.335049,2.544766,1782.7512,1859.5901999999999,76.8,14.322697965118165,tvd_corrected,AH 1788.0-1866.0m → TVD 1782.8-1859.6m (correction: 5.2m)
EVD-01,136997.0,441189.0,1804.4515594351733,,24.573235,2.534172,1782.7512,1859.5901999999999,76.8,14.322697965118165,tvd_corrected,AH 1788.0-1866.0m → TVD 1782.8-1859.6m (correction: 5.2m)
EVD-01,136997.0,441189.0,1804.5501974326057,,23.8088,2.522949,1782.7512,1859.5901999999999,76.8,14.322697965118165,tvd_corrected,AH 1788.0-1866.0m → TVD 1782.8-1859.6m (correction: 5.2m)
EVD-01,136997.0,441189.0,1804.6488354300384,,23.036774,2.51328,1782.7512,1859.5901999999999,76.8,14.322697965118165,tvd_corrected,AH 1788.0-1866.0m → TVD 1782.8-1859.6m (correction: 5.2m)
EVD-01,136997.0,441189.0,1804.747473427471,,22.283176,2.503622,1782.7512,1859.5901999999999,76.8,14.322697965118165,tvd_corrected,AH 1788.0-1866.0m → TVD 1782.8-1859.6m (correction: 5.2m)
EVD-01,136997.0,441189.0,1804.8461114249037,,21.639004,2.49151,1782.7512,1859.5901999999999,76.8,14.322697965118165,tvd_corrected,AH 1788.0-1866.0m → TVD 1782.8-1859.6m (correction: 5.2m)
EVD-01,136997.0,441189.0,1804.9447494223361,,21.206436,2.477714,1782.7512,1859.5901999999999,76.8,14.322697965118165,tvd_corrected,AH 1788.0-1866.0m → TVD 1782.8-1859.6m (correction: 5.2m)
EVD-01,136997.0,441189.0,1805.0433874197688,,21.052677,2.466631,1782.7512,1859.5901999999999,76.8,14.322697965118165,tvd_corrected,AH 1788.0-1866.0m → TVD 1782.8-1859.6m (correction: 5.2m)
EVD-01,136997.0,441189.0,1805.1420254172015,,21.179543,2.45928,1782.7512,1859.5901999999999,76.8,14.322697965118165,tvd_corrected,AH 1788.0-1866.0m → TVD 1782.8-1859.6m (correction: 5.2m)
EVD-01,136997.0,441189.0,1805.2406634146341,,21.44503,2.452853,1782.7512,1859.5901999999999,76.8,14.322697965118165,tvd_corrected,AH 1788.0-1866.0m → TVD 1782.8-1859.6m (correction: 5.2m)
EVD-01,136997.0,441189.0,1805.3393014120666,,21.700993,2.444275,1782.7512,1859.5901999999999,76.8,14.322697965118165,tvd_corrected,AH 1788.0-1866.0m → TVD 1782.8-1859.6m (correction: 5.2m)
EVD-01,136997.0,441189.0,1805.4379394094992,,21.840477,2.432715,1782.7512,1859.5901999999999,76.8,14.322697965118165,tvd_corrected,AH 1788.0-1866.0m → TVD 1782.8-1859.6m (correction: 5.2m)
EVD-01,136997.0,441189.0,1805.5365774069319,,21.776478,2.419476,1782.7512,1859.5901999999999,76.8,14.322697965118165,tvd_corrected,AH 1788.0-1866.0m → TVD 1782.8-1859.6m (correction: 5.2m)
EVD-01,136997.0,441189.0,1805.6352154043645,,21.448444,2.405944,1782.7512,1859.5901999999999,76.8,14.322697965118165,tvd_corrected,AH 1788.0-1866.0m → TVD 1782.8-1859.6m (correction: 5.2m)
EVD-01,136997.0,441189.0,1805.733853401797,,20.869854,2.394704,1782.7512,1859.5901999999999,76.8,14.322697965118165,tvd_corrected,AH 1788.0-1866.0m → TVD 1782.8-1859.6m (correction: 5.2m)
EVD-01,136997.0,441189.0,1805.8324913992296,,20.222214,2.387303,1782.7512,1859.5901999999999,76.8,14.322697965118165,tvd_corrected,AH 1788.0-1866.0m → TVD 1782.8-1859.6m (correction: 5.2m)
EVD-01,136997.0,441189.0,1805.9311293966623,,19.546352,2.381984,1782.7512,1859.5901999999999,76.8,14.322697965118165,tvd_corrected,AH 1788.0-1866.0m → TVD 1782.8-1859.6m (correction: 5.2m)
EVD-01,136997.0,441189.0,1806.029767394095,,18.881279,2.379416,1782.7512,1859.5901999999999,76.8,14.322697965118165,tvd_corrected,AH 1788.0-1866.0m → TVD 1782.8-1859.6m (correction: 5.2m)
EVD-01,136997.0,441189.0,1806.1284053915274,,18.298241,2.382671,1782.7512,1859.5901999999999,76.8,14.322697965118165,tvd_corrected,AH 1788.0-1866.0m → TVD 1782.8-1859.6m (correction: 5.2m)
EVD-01,136997.0,441189.0,1806.22704338896,,17.845543,2.390316,1782.7512,1859.5901999999999,76.8,14.322697965118165,tvd_corrected,AH 1788.0-1866.0m → TVD 1782.8-1859.6m (correction: 5.2m)
EVD-01,136997.0,441189.0,1806.3256813863927,,17.564346,2.399287,1782.7512,1859.5901999999999,76.8,14.322697965118165,tvd_corrected,AH 1788.0-1866.0m → TVD 1782.8-1859.6m (correction: 5.2m)
EVD-01,136997.0,441189.0,1806.4243193838254,,17.417793,2.406561,1782.7512,1859.5901999999999,76.8,14.322697965118165,tvd_corrected,AH 1788.0-1866.0m → TVD 1782.8-1859.6m (correction: 5.2m)
EVD-01,136997.0,441189.0,1806.522957381258,,17.416805,2.407923,1782.7512,1859.5901999999999,76.8,14.322697965118165,tvd_corrected,AH 1788.0-1866.0m → TVD 1782.8-1859.6m (correction: 5.2m)
EVD-01,136997.0,441189.0,1806.6215953786905,,17.572971,2.402721,1782.7512,1859.5901999999999,76.8,14.322697965118165,tvd_corrected,AH 1788.0-1866.0m → TVD 1782.8-1859.6m (correction: 5.2m)
EVD-01,136997.0,441189.0,1806.7202333761231,,17.816044,2.395236,1782.7512,1859.5901999999999,76.8,14.322697965118165,tvd_corrected,AH 1788.0-1866.0m → TVD 1782.8-1859.6m (correction: 5.2m)
EVD-01,136997.0,441189.0,1806.8188713735558,,18.104729,2.390029,1782.7512,1859.5901999999999,76.8,14.322697965118165,tvd_corrected,AH 1788.0-1866.0m → TVD 1782.8-1859.6m (correction: 5.2m)
EVD-01,136997.0,441189.0,1806.9175093709885,,18.42308,2.38979,1782.7512,1859.5901999999999,76.8,14.322697965118165,tvd_corrected,AH 1788.0-1866.0m → TVD 1782.8-1859.6m (correction: 5.2m)
EVD-01,136997.0,441189.0,1807.016147368421,,18.813114,2.393648,1782.7512,1859.5901999999999,76.8,14.322697965118165,tvd_corrected,AH 1788.0-1866.0m → TVD 1782.8-1859.6m (correction: 5.2m)
EVD-01,136997.0,441189.0,1807.1147853658535,,19.24696,2.399304,1782.7512,1859.5901999999999,76.8,14.322697965118165,tvd_corrected,AH 1788.0-1866.0m → TVD 1782.8-1859.6m (correction: 5.2m)
EVD-01,136997.0,441189.0,1807.2134233632862,,19.693279,2.405557,1782.7512,1859.5901999999999,76.8,14.322697965118165,tvd_corrected,AH 1788.0-1866.0m → TVD 1782.8-1859.6m (correction: 5.2m)
EVD-01,136997.0,441189.0,1807.3120613607189,,20.157349,2.4132,1782.7512,1859.5901999999999,76.8,14.322697965118165,tvd_corrected,AH 1788.0-1866.0m → TVD 1782.8-1859.6m (correction: 5.2m)
EVD-01,136997.0,441189.0,1807.4106993581513,,20.585903,2.419739,1782.7512,1859.5901999999999,76.8,14.322697965118165,tvd_corrected,AH 1788.0-1866.0m → TVD 1782.8-1859.6m (correction: 5.2m)
EVD-01,136997.0,441189.0,1807.509337355584,,20.955433,2.423184,1782.7512,1859.5901999999999,76.8,14.322697965118165,tvd_corrected,AH 1788.0-1866.0m → TVD 1782.8-1859.6m (correction: 5.2m)
EVD-01,136997.0,441189.0,1807.6079753530166,,21.330292,2.425229,1782.7512,1859.5901999999999,76.8,14.322697965118165,tvd_corrected,AH 1788.0-1866.0m → TVD 1782.8-1859.6m (correction: 5.2m)
EVD-01,136997.0,441189.0,1807.7066133504493,,21.614159,2.427299,1782.7512,1859.5901999999999,76.8,14.322697965118165,tvd_corrected,AH 1788.0-1866.0m → TVD 1782.8-1859.6m (correction: 5.2m)
EVD-01,136997.0,441189.0,1807.8052513478817,,21.680775,2.428172,1782.7512,1859.5901999999999,76.8,14.322697965118165,tvd_corrected,AH 1788.0-1866.0m → TVD 1782.8-1859.6m (correction: 5.2m)
EVD-01,136997.0,441189.0,1807.9038893453144,,21.502769,2.424786,1782.7512,1859.5901999999999,76.8,14.322697965118165,tvd_corrected,AH 1788.0-1866.0m → TVD 1782.8-1859.6m (correction: 5.2m)
EVD-01,136997.0,441189.0,1808.002527342747,,21.083916,2.417756,1782.7512,1859.5901999999999,76.8,14.322697965118165,tvd_corrected,AH 1788.0-1866.0m → TVD 1782.8-1859.6m (correction: 5.2m)
EVD-01,136997.0,441189.0,1808.1011653401797,,20.612595,2.409552,1782.7512,1859.5901999999999,76.8,14.322697965118165,tvd_corrected,AH 1788.0-1866.0m → TVD 1782.8-1859.6m (correction: 5.2m)
EVD-01,136997.0,441189.0,1808.1998033376121,,20.332253,2.400643,1782.7512,1859.5901999999999,76.8,14.322697965118165,tvd_corrected,AH 1788.0-1866.0m → TVD 1782.8-1859.6m (correction: 5.2m)
EVD-01,136997.0,441189.0,1808.2984413350448,,20.272022,2.392072,1782.7512,1859.5901999999999,76.8,14.322697965118165,tvd_corrected,AH 1788.0-1866.0m → TVD 1782.8-1859.6m (correction: 5.2m)
EVD-01,136997.0,441189.0,1808.3970793324775,,20.322983,2.385574,1782.7512,1859.5901999999999,76.8,14.322697965118165,tvd_corrected,AH 1788.0-1866.0m → TVD 1782.8-1859.6m (correction: 5.2m)
EVD-01,136997.0,441189.0,1808.4957173299101,,20.46077,2.38345,1782.7512,1859.5901999999999,76.8,14.322697965118165,tvd_corrected,AH 1788.0-1866.0m → TVD 1782.8-1859.6m (correction: 5.2m)
EVD-01,136997.0,441189.0,1808.5943553273426,,20.663284,2.385469,1782.7512,1859.5901999999999,76.8,14.322697965118165,tvd_corrected,AH 1788.0-1866.0m → TVD 1782.8-1859.6m (correction: 5.2m)
EVD-01,136997.0,441189.0,1808.6929933247752,,20.870804,2.390754,1782.7512,1859.5901999999999,76.8,14.322697965118165,tvd_corrected,AH 1788.0-1866.0m → TVD 1782.8-1859.6m (correction: 5.2m)
EVD-01,136997.0,441189.0,1808.7916313222079,,21.027702,2.398362,1782.7512,1859.5901999999999,76.8,14.322697965118165,tvd_corrected,AH 1788.0-1866.0m → TVD 1782.8-1859.6m (correction: 5.2m)
EVD-01,136997.0,441189.0,1808.8902693196405,,20.939838,2.403657,1782.7512,1859.5901999999999,76.8,14.322697965118165,tvd_corrected,AH 1788.0-1866.0m → TVD 1782.8-1859.6m (correction: 5.2m)
EVD-01,136997.0,441189.0,1808.988907317073,,20.570831,2.403591,1782.7512,1859.5901999999999,76.8,14.322697965118165,tvd_corrected,AH 1788.0-1866.0m → TVD 1782.8-1859.6m (correction: 5.2m)
EVD-01,136997.0,441189.0,1809.0875453145056,,20.236347,2.401668,1782.7512,1859.5901999999999,76.8,14.322697965118165,tvd_corrected,AH 1788.0-1866.0m → TVD 1782.8-1859.6m (correction: 5.2m)
EVD-01,136997.0,441189.0,1809.1861833119383,,20.15115,2.401006,1782.7512,1859.5901999999999,76.8,14.322697965118165,tvd_corrected,AH 1788.0-1866.0m → TVD 1782.8-1859.6m (correction: 5.2m)
EVD-01,136997.0,441189.0,1809.284821309371,,20.314823,2.400413,1782.7512,1859.5901999999999,76.8,14.322697965118165,tvd_corrected,AH 1788.0-1866.0m → TVD 1782.8-1859.6m (correction: 5.2m)
EVD-01,136997.0,441189.0,1809.3834593068036,,20.659565,2.397367,1782.7512,1859.5901999999999,76.8,14.322697965118165,tvd_corrected,AH 1788.0-1866.0m → TVD 1782.8-1859.6m (correction: 5.2m)
EVD-01,136997.0,441189.0,1809.482097304236,,21.060783,2.391478,1782.7512,1859.5901999999999,76.8,14.322697965118165,tvd_corrected,AH 1788.0-1866.0m → TVD 1782.8-1859.6m (correction: 5.2m)
EVD-01,136997.0,441189.0,1809.5807353016687,,21.399075,2.386319,1782.7512,1859.5901999999999,76.8,14.322697965118165,tvd_corrected,AH 1788.0-1866.0m → TVD 1782.8-1859.6m (correction: 5.2m)
EVD-01,136997.0,441189.0,1809.6793732991014,,21.665363,2.386644,1782.7512,1859.5901999999999,76.8,14.322697965118165,tvd_corrected,AH 1788.0-1866.0m → TVD 1782.8-1859.6m (correction: 5.2m)
EVD-01,136997.0,441189.0,1809.778011296534,,21.853153,2.392012,1782.7512,1859.5901999999999,76.8,14.322697965118165,tvd_corrected,AH 1788.0-1866.0m → TVD 1782.8-1859.6m (correction: 5.2m)
EVD-01,136997.0,441189.0,1809.8766492939665,,21.98444,2.397486,1782.7512,1859.5901999999999,76.8,14.322697965118165,tvd_corrected,AH 1788.0-1866.0m → TVD 1782.8-1859.6m (correction: 5.2m)
EVD-01,136997.0,441189.0,1809.9752872913991,,22.214294,2.399828,1782.7512,1859.5901999999999,76.8,14.322697965118165,tvd_corrected,AH 1788.0-1866.0m → TVD 1782.8-1859.6m (correction: 5.2m)
EVD-01,136997.0,441189.0,1810.0739252888318,,22.614246,2.401427,1782.7512,1859.5901999999999,76.8,14.322697965118165,tvd_corrected,AH 1788.0-1866.0m → TVD 1782.8-1859.6m (correction: 5.2m)
EVD-01,136997.0,441189.0,1810.1725632862644,,23.146343,2.40666,1782.7512,1859.5901999999999,76.8,14.322697965118165,tvd_corrected,AH 1788.0-1866.0m → TVD 1782.8-1859.6m (correction: 5.2m)
EVD-01,136997.0,441189.0,1810.2712012836969,,23.729649,2.415434,1782.7512,1859.5901999999999,76.8,14.322697965118165,tvd_corrected,AH 1788.0-1866.0m → TVD 1782.8-1859.6m (correction: 5.2m)
EVD-01,136997.0,441189.0,1810.3698392811295,,24.139935,2.426175,1782.7512,1859.5901999999999,76.8,14.322697965118165,tvd_corrected,AH 1788.0-1866.0m → TVD 1782.8-1859.6m (correction: 5.2m)
EVD-01,136997.0,441189.0,1810.4684772785622,,24.253078,2.436644,1782.7512,1859.5901999999999,76.8,14.322697965118165,tvd_corrected,AH 1788.0-1866.0m → TVD 1782.8-1859.6m (correction: 5.2m)
EVD-01,136997.0,441189.0,1810.5671152759949,,23.72657,2.442583,1782.7512,1859.5901999999999,76.8,14.322697965118165,tvd_corrected,AH 1788.0-1866.0m → TVD 1782.8-1859.6m (correction: 5.2m)
EVD-01,136997.0,441189.0,1810.6657532734273,,22.804012,2.440561,1782.7512,1859.5901999999999,76.8,14.322697965118165,tvd_corrected,AH 1788.0-1866.0m → TVD 1782.8-1859.6m (correction: 5.2m)
EVD-01,136997.0,441189.0,1810.76439127086,,21.808231,2.431368,1782.7512,1859.5901999999999,76.8,14.322697965118165,tvd_corrected,AH 1788.0-1866.0m → TVD 1782.8-1859.6m (correction: 5.2m)
EVD-01,136997.0,441189.0,1810.8630292682926,,21.170475,2.421434,1782.7512,1859.5901999999999,76.8,14.322697965118165,tvd_corrected,AH 1788.0-1866.0m → TVD 1782.8-1859.6m (correction: 5.2m)
EVD-01,136997.0,441189.0,1810.9616672657253,,20.882755,2.413355,1782.7512,1859.5901999999999,76.8,14.322697965118165,tvd_corrected,AH 1788.0-1866.0m → TVD 1782.8-1859.6m (correction: 5.2m)
EVD-01,136997.0,441189.0,1811.0603052631577,,20.777519,2.406085,1782.7512,1859.5901999999999,76.8,14.322697965118165,tvd_corrected,AH 1788.0-1866.0m → TVD 1782.8-1859.6m (correction: 5.2m)
EVD-01,136997.0,441189.0,1811.1589432605904,,20.778316,2.400021,1782.7512,1859.5901999999999,76.8,14.322697965118165,tvd_corrected,AH 1788.0-1866.0m → TVD 1782.8-1859.6m (correction: 5.2m)
EVD-01,136997.0,441189.0,1811.257581258023,,20.811054,2.398142,1782.7512,1859.5901999999999,76.8,14.322697965118165,tvd_corrected,AH 1788.0-1866.0m → TVD 1782.8-1859.6m (correction: 5.2m)
EVD-01,136997.0,441189.0,1811.3562192554557,,20.840397,2.403164,1782.7512,1859.5901999999999,76.8,14.322697965118165,tvd_corrected,AH 1788.0-1866.0m → TVD 1782.8-1859.6m (correction: 5.2m)
EVD-01,136997.0,441189.0,1811.4548572528881,,20.891796,2.412514,1782.7512,1859.5901999999999,76.8,14.322697965118165,tvd_corrected,AH 1788.0-1866.0m → TVD 1782.8-1859.6m (correction: 5.2m)
EVD-01,136997.0,441189.0,1811.5534952503208,,20.916981,2.422053,1782.7512,1859.5901999999999,76.8,14.322697965118165,tvd_corrected,AH 1788.0-1866.0m → TVD 1782.8-1859.6m (correction: 5.2m)
EVD-01,136997.0,441189.0,1811.6521332477535,,20.798965,2.428394,1782.7512,1859.5901999999999,76.8,14.322697965118165,tvd_corrected,AH 1788.0-1866.0m → TVD 1782.8-1859.6m (correction: 5.2m)
EVD-01,136997.0,441189.0,1811.7507712451861,,20.499084,2.432061,1782.7512,1859.5901999999999,76.8,14.322697965118165,tvd_corrected,AH 1788.0-1866.0m → TVD 1782.8-1859.6m (correction: 5.2m)
EVD-01,136997.0,441189.0,1811.8494092426185,,20.256157,2.433986,1782.7512,1859.5901999999999,76.8,14.322697965118165,tvd_corrected,AH 1788.0-1866.0m → TVD 1782.8-1859.6m (correction: 5.2m)
EVD-01,136997.0,441189.0,1811.9480472400512,,20.601776,2.435538,1782.7512,1859.5901999999999,76.8,14.322697965118165,tvd_corrected,AH 1788.0-1866.0m → TVD 1782.8-1859.6m (correction: 5.2m)
EVD-01,136997.0,441189.0,1812.0466852374839,,21.514786,2.440869,1782.7512,1859.5901999999999,76.8,14.322697965118165,tvd_corrected,AH 1788.0-1866.0m → TVD 1782.8-1859.6m (correction: 5.2m)
EVD-01,136997.0,441189.0,1812.1453232349165,,22.732075,2.45039,1782.7512,1859.5901999999999,76.8,14.322697965118165,tvd_corrected,AH 1788.0-1866.0m → TVD 1782.8-1859.6m (correction: 5.2m)
EVD-01,136997.0,441189.0,1812.243961232349,,24.085678,2.45861,1782.7512,1859.5901999999999,76.8,14.322697965118165,tvd_corrected,AH 1788.0-1866.0m → TVD 1782.8-1859.6m (correction: 5.2m)
EVD-01,136997.0,441189.0,1812.3425992297816,,25.276409,2.463111,1782.7512,1859.5901999999999,76.8,14.322697965118165,tvd_corrected,AH 1788.0-1866.0m → TVD 1782.8-1859.6m (correction: 5.2m)
EVD-01,136997.0,441189.0,1812.4412372272143,,26.151714,2.463989,1782.7512,1859.5901999999999,76.8,14.322697965118165,tvd_corrected,AH 1788.0-1866.0m → TVD 1782.8-1859.6m (correction: 5.2m)
EVD-01,136997.0,441189.0,1812.539875224647,,26.411652,2.462754,1782.7512,1859.5901999999999,76.8,14.322697965118165,tvd_corrected,AH 1788.0-1866.0m → TVD 1782.8-1859.6m (correction: 5.2m)
EVD-01,136997.0,441189.0,1812.6385132220794,,26.322227,2.460271,1782.7512,1859.5901999999999,76.8,14.322697965118165,tvd_corrected,AH 1788.0-1866.0m → TVD 1782.8-1859.6m (correction: 5.2m)
EVD-01,136997.0,441189.0,1812.737151219512,,26.151466,2.456616,1782.7512,1859.5901999999999,76.8,14.322697965118165,tvd_corrected,AH 1788.0-1866.0m → TVD 1782.8-1859.6m (correction: 5.2m)
EVD-01,136997.0,441189.0,1812.8357892169447,,26.068115,2.451843,1782.7512,1859.5901999999999,76.8,14.322697965118165,tvd_corrected,AH 1788.0-1866.0m → TVD 1782.8-1859.6m (correction: 5.2m)
EVD-01,136997.0,441189.0,1812.9344272143774,,26.037342,2.446424,1782.7512,1859.5901999999999,76.8,14.322697965118165,tvd_corrected,AH 1788.0-1866.0m → TVD 1782.8-1859.6m (correction: 5.2m)
EVD-01,136997.0,441189.0,1813.03306521181,,26.001514,2.442817,1782.7512,1859.5901999999999,76.8,14.322697965118165,tvd_corrected,AH 1788.0-1866.0m → TVD 1782.8-1859.6m (correction: 5.2m)
EVD-01,136997.0,441189.0,1813.1317032092425,,26.007576,2.444226,1782.7512,1859.5901999999999,76.8,14.322697965118165,tvd_corrected,AH 1788.0-1866.0m → TVD 1782.8-1859.6m (correction: 5.2m)
EVD-01,136997.0,441189.0,1813.2303412066751,,26.074059,2.451976,1782.7512,1859.5901999999999,76.8,14.322697965118165,tvd_corrected,AH 1788.0-1866.0m → TVD 1782.8-1859.6m (correction: 5.2m)
EVD-01,136997.0,441189.0,1813.3289792041078,,26.188171,2.464396,1782.7512,1859.5901999999999,76.8,14.322697965118165,tvd_corrected,AH 1788.0-1866.0m → TVD 1782.8-1859.6m (correction: 5.2m)
EVD-01,136997.0,441189.0,1813.4276172015404,,26.411961,2.477932,1782.7512,1859.5901999999999,76.8,14.322697965118165,tvd_corrected,AH 1788.0-1866.0m → TVD 1782.8-1859.6m (correction: 5.2m)
EVD-01,136997.0,441189.0,1813.5262551989729,,26.726807,2.48991,1782.7512,1859.5901999999999,76.8,14.322697965118165,tvd_corrected,AH 1788.0-1866.0m → TVD 1782.8-1859.6m (correction: 5.2m)
EVD-01,136997.0,441189.0,1813.6248931964055,,27.103271,2.498127,1782.7512,1859.5901999999999,76.8,14.322697965118165,tvd_corrected,AH 1788.0-1866.0m → TVD 1782.8-1859.6m (correction: 5.2m)
EVD-01,136997.0,441189.0,1813.7235311938382,,27.31163,2.500144,1782.7512,1859.5901999999999,76.8,14.322697965118165,tvd_corrected,AH 1788.0-1866.0m → TVD 1782.8-1859.6m (correction: 5.2m)
EVD-01,136997.0,441189.0,1813.8221691912709,,27.325932,2.496729,1782.7512,1859.5901999999999,76.8,14.322697965118165,tvd_corrected,AH 1788.0-1866.0m → TVD 1782.8-1859.6m (correction: 5.2m)
EVD-01,136997.0,441189.0,1813.9208071887033,,27.234352,2.492181,1782.7512,1859.5901999999999,76.8,14.322697965118165,tvd_corrected,AH 1788.0-1866.0m → TVD 1782.8-1859.6m (correction: 5.2m)
EVD-01,136997.0,441189.0,1814.019445186136,,27.072289,2.490768,1782.7512,1859.5901999999999,76.8,14.322697965118165,tvd_corrected,AH 1788.0-1866.0m → TVD 1782.8-1859.6m (correction: 5.2m)
EVD-01,136997.0,441189.0,1814.1180831835686,,26.894047,2.494891,1782.7512,1859.5901999999999,76.8,14.322697965118165,tvd_corrected,AH 1788.0-1866.0m → TVD 1782.8-1859.6m (correction: 5.2m)
EVD-01,136997.0,441189.0,1814.2167211810013,,26.721813,2.503985,1782.7512,1859.5901999999999,76.8,14.322697965118165,tvd_corrected,AH 1788.0-1866.0m → TVD 1782.8-1859.6m (correction: 5.2m)
EVD-01,136997.0,441189.0,1814.3153591784337,,26.744068,2.514019,1782.7512,1859.5901999999999,76.8,14.322697965118165,tvd_corrected,AH 1788.0-1866.0m → TVD 1782.8-1859.6m (correction: 5.2m)
EVD-01,136997.0,441189.0,1814.4139971758664,,27.065407,2.522098,1782.7512,1859.5901999999999,76.8,14.322697965118165,tvd_corrected,AH 1788.0-1866.0m → TVD 1782.8-1859.6m (correction: 5.2m)
EVD-01,136997.0,441189.0,1814.512635173299,,27.741806,2.528387,1782.7512,1859.5901999999999,76.8,14.322697965118165,tvd_corrected,AH 1788.0-1866.0m → TVD 1782.8-1859.6m (correction: 5.2m)
EVD-01,136997.0,441189.0,1814.6112731707317,,28.245735,2.534333,1782.7512,1859.5901999999999,76.8,14.322697965118165,tvd_corrected,AH 1788.0-1866.0m → TVD 1782.8-1859.6m (correction: 5.2m)
EVD-01,136997.0,441189.0,1814.7099111681641,,28.300423,2.539165,1782.7512,1859.5901999999999,76.8,14.322697965118165,tvd_corrected,AH 1788.0-1866.0m → TVD 1782.8-1859.6m (correction: 5.2m)
EVD-01,136997.0,441189.0,1814.8085491655968,,28.074856,2.539028,1782.7512,1859.5901999999999,76.8,14.322697965118165,tvd_corrected,AH 1788.0-1866.0m → TVD 1782.8-1859.6m (correction: 5.2m)
EVD-01,136997.0,441189.0,1814.9071871630294,,27.918694,2.533159,1782.7512,1859.5901999999999,76.8,14.322697965118165,tvd_corrected,AH 1788.0-1866.0m → TVD 1782.8-1859.6m (correction: 5.2m)
EVD-01,136997.0,441189.0,1815.005825160462,,28.064255,2.524316,1782.7512,1859.5901999999999,76.8,14.322697965118165,tvd_corrected,AH 1788.0-1866.0m → TVD 1782.8-1859.6m (correction: 5.2m)
EVD-01,136997.0,441189.0,1815.1044631578945,,28.450962,2.516247,1782.7512,1859.5901999999999,76.8,14.322697965118165,tvd_corrected,AH 1788.0-1866.0m → TVD 1782.8-1859.6m (correction: 5.2m)
EVD-01,136997.0,441189.0,1815.2031011553272,,28.843464,2.510115,1782.7512,1859.5901999999999,76.8,14.322697965118165,tvd_corrected,AH 1788.0-1866.0m → TVD 1782.8-1859.6m (correction: 5.2m)
EVD-01,136997.0,441189.0,1815.3017391527599,,29.003185,2.504905,1782.7512,1859.5901999999999,76.8,14.322697965118165,tvd_corrected,AH 1788.0-1866.0m → TVD 1782.8-1859.6m (correction: 5.2m)
EVD-01,136997.0,441189.0,1815.4003771501925,,28.851921,2.501032,1782.7512,1859.5901999999999,76.8,14.322697965118165,tvd_corrected,AH 1788.0-1866.0m → TVD 1782.8-1859.6m (correction: 5.2m)
EVD-01,136997.0,441189.0,1815.499015147625,,28.329506,2.498547,1782.7512,1859.5901999999999,76.8,14.322697965118165,tvd_corrected,AH 1788.0-1866.0m → TVD 1782.8-1859.6m (correction: 5.2m)
EVD-01,136997.0,441189.0,1815.5976531450576,,27.528271,2.497311,1782.7512,1859.5901999999999,76.8,14.322697965118165,tvd_corrected,AH 1788.0-1866.0m → TVD 1782.8-1859.6m (correction: 5.2m)
EVD-01,136997.0,441189.0,1815.6962911424903,,26.528355,2.497092,1782.7512,1859.5901999999999,76.8,14.322697965118165,tvd_corrected,AH 1788.0-1866.0m → TVD 1782.8-1859.6m (correction: 5.2m)
EVD-01,136997.0,441189.0,1815.794929139923,,25.499527,2.495483,1782.7512,1859.5901999999999,76.8,14.322697965118165,tvd_corrected,AH 1788.0-1866.0m → TVD 1782.8-1859.6m (correction: 5.2m)
EVD-01,136997.0,441189.0,1815.8935671373554,,24.673141,2.489442,1782.7512,1859.5901999999999,76.8,14.322697965118165,tvd_corrected,AH 1788.0-1866.0m → TVD 1782.8-1859.6m (correction: 5.2m)
EVD-01,136997.0,441189.0,1815.992205134788,,24.183411,2.479206,1782.7512,1859.5901999999999,76.8,14.322697965118165,tvd_corrected,AH 1788.0-1866.0m → TVD 1782.8-1859.6m (correction: 5.2m)
EVD-01,136997.0,441189.0,1816.0908431322207,,24.079243,2.467084,1782.7512,1859.5901999999999,76.8,14.322697965118165,tvd_corrected,AH 1788.0-1866.0m → TVD 1782.8-1859.6m (correction: 5.2m)
EVD-01,136997.0,441189.0,1816.1894811296534,,24.200539,2.455556,1782.7512,1859.5901999999999,76.8,14.322697965118165,tvd_corrected,AH 1788.0-1866.0m → TVD 1782.8-1859.6m (correction: 5.2m)
EVD-01,136997.0,441189.0,1816.2881191270858,,24.47773,2.447728,1782.7512,1859.5901999999999,76.8,14.322697965118165,tvd_corrected,AH 1788.0-1866.0m → TVD 1782.8-1859.6m (correction: 5.2m)
EVD-01,136997.0,441189.0,1816.3867571245185,,24.799911,2.444665,1782.7512,1859.5901999999999,76.8,14.322697965118165,tvd_corrected,AH 1788.0-1866.0m → TVD 1782.8-1859.6m (correction: 5.2m)
EVD-01,136997.0,441189.0,1816.4853951219511,,25.062874,2.445402,1782.7512,1859.5901999999999,76.8,14.322697965118165,tvd_corrected,AH 1788.0-1866.0m → TVD 1782.8-1859.6m (correction: 5.2m)
EVD-01,136997.0,441189.0,1816.5840331193838,,25.300514,2.44807,1782.7512,1859.5901999999999,76.8,14.322697965118165,tvd_corrected,AH 1788.0-1866.0m → TVD 1782.8-1859.6m (correction: 5.2m)
EVD-01,136997.0,441189.0,1816.6826711168164,,25.567848,2.451626,1782.7512,1859.5901999999999,76.8,14.322697965118165,tvd_corrected,AH 1788.0-1866.0m → TVD 1782.8-1859.6m (correction: 5.2m)
EVD-01,136997.0,441189.0,1816.7813091142489,,25.889488,2.456983,1782.7512,1859.5901999999999,76.8,14.322697965118165,tvd_corrected,AH 1788.0-1866.0m → TVD 1782.8-1859.6m (correction: 5.2m)
EVD-01,136997.0,441189.0,1816.8799471116815,,26.272957,2.464997,1782.7512,1859.5901999999999,76.8,14.322697965118165,tvd_corrected,AH 1788.0-1866.0m → TVD 1782.8-1859.6m (correction: 5.2m)
EVD-01,136997.0,441189.0,1816.9785851091142,,26.696072,2.47444,1782.7512,1859.5901999999999,76.8,14.322697965118165,tvd_corrected,AH 1788.0-1866.0m → TVD 1782.8-1859.6m (correction: 5.2m)
EVD-01,136997.0,441189.0,1817.0772231065469,,27.09866,2.482619,1782.7512,1859.5901999999999,76.8,14.322697965118165,tvd_corrected,AH 1788.0-1866.0m → TVD 1782.8-1859.6m (correction: 5.2m)
EVD-01,136997.0,441189.0,1817.1758611039793,,27.522247,2.490618,1782.7512,1859.5901999999999,76.8,14.322697965118165,tvd_corrected,AH 1788.0-1866.0m → TVD 1782.8-1859.6m (correction: 5.2m)
EVD-01,136997.0,441189.0,1817.274499101412,,27.996429,2.499994,1782.7512,1859.5901999999999,76.8,14.322697965118165,tvd_corrected,AH 1788.0-1866.0m → TVD 1782.8-1859.6m (correction: 5.2m)
EVD-01,136997.0,441189.0,1817.3731370988446,,28.481857,2.507484,1782.7512,1859.5901999999999,76.8,14.322697965118165,tvd_corrected,AH 1788.0-1866.0m → TVD 1782.8-1859.6m (correction: 5.2m)
EVD-01,136997.0,441189.0,1817.4717750962773,,28.962868,2.508411,1782.7512,1859.5901999999999,76.8,14.322697965118165,tvd_corrected,AH 1788.0-1866.0m → TVD 1782.8-1859.6m (correction: 5.2m)
EVD-01,136997.0,441189.0,1817.5704130937097,,29.381096,2.501858,1782.7512,1859.5901999999999,76.8,14.322697965118165,tvd_corrected,AH 1788.0-1866.0m → TVD 1782.8-1859.6m (correction: 5.2m)
EVD-01,136997.0,441189.0,1817.6690510911424,,29.693329,2.493001,1782.7512,1859.5901999999999,76.8,14.322697965118165,tvd_corrected,AH 1788.0-1866.0m → TVD 1782.8-1859.6m (correction: 5.2m)
EVD-01,136997.0,441189.0,1817.767689088575,,29.924225,2.485494,1782.7512,1859.5901999999999,76.8,14.322697965118165,tvd_corrected,AH 1788.0-1866.0m → TVD 1782.8-1859.6m (correction: 5.2m)
EVD-01,136997.0,441189.0,1817.8663270860077,,30.132298,2.478738,1782.7512,1859.5901999999999,76.8,14.322697965118165,tvd_corrected,AH 1788.0-1866.0m → TVD 1782.8-1859.6m (correction: 5.2m)
EVD-01,136997.0,441189.0,1817.9649650834401,,30.266041,2.47156,1782.7512,1859.5901999999999,76.8,14.322697965118165,tvd_corrected,AH 1788.0-1866.0m → TVD 1782.8-1859.6m (correction: 5.2m)
EVD-01,136997.0,441189.0,1818.0636030808728,,30.228096,2.465237,1782.7512,1859.5901999999999,76.8,14.322697965118165,tvd_corrected,AH 1788.0-1866.0m → TVD 1782.8-1859.6m (correction: 5.2m)
EVD-01,136997.0,441189.0,1818.1622410783054,,30.009808,2.464139,1782.7512,1859.5901999999999,76.8,14.322697965118165,tvd_corrected,AH 1788.0-1866.0m → TVD 1782.8-1859.6m (correction: 5.2m)
EVD-01,136997.0,441189.0,1818.260879075738,,29.806545,2.471006,1782.7512,1859.5901999999999,76.8,14.322697965118165,tvd_corrected,AH 1788.0-1866.0m → TVD 1782.8-1859.6m (correction: 5.2m)
EVD-01,136997.0,441189.0,1818.3595170731705,,29.680676,2.482315,1782.7512,1859.5901999999999,76.8,14.322697965118165,tvd_corrected,AH 1788.0-1866.0m → TVD 1782.8-1859.6m (correction: 5.2m)
EVD-01,136997.0,441189.0,1818.4581550706032,,29.615677,2.491383,1782.7512,1859.5901999999999,76.8,14.322697965118165,tvd_corrected,AH 1788.0-1866.0m → TVD 1782.8-1859.6m (correction: 5.2m)
EVD-01,136997.0,441189.0,1818.5567930680359,,29.712143,2.495447,1782.7512,1859.5901999999999,76.8,14.322697965118165,tvd_corrected,AH 1788.0-1866.0m → TVD 1782.8-1859.6m (correction: 5.2m)
EVD-01,136997.0,441189.0,1818.6554310654685,,29.902668,2.496543,1782.7512,1859.5901999999999,76.8,14.322697965118165,tvd_corrected,AH 1788.0-1866.0m → TVD 1782.8-1859.6m (correction: 5.2m)
EVD-01,136997.0,441189.0,1818.754069062901,,29.965061,2.498978,1782.7512,1859.5901999999999,76.8,14.322697965118165,tvd_corrected,AH 1788.0-1866.0m → TVD 1782.8-1859.6m (correction: 5.2m)
EVD-01,136997.0,441189.0,1818.8527070603336,,29.887814,2.503921,1782.7512,1859.5901999999999,76.8,14.322697965118165,tvd_corrected,AH 1788.0-1866.0m → TVD 1782.8-1859.6m (correction: 5.2m)
EVD-01,136997.0,441189.0,1818.9513450577663,,29.657379,2.509659,1782.7512,1859.5901999999999,76.8,14.322697965118165,tvd_corrected,AH 1788.0-1866.0m → TVD 1782.8-1859.6m (correction: 5.2m)
EVD-01,136997.0,441189.0,1819.049983055199,,29.317543,2.511891,1782.7512,1859.5901999999999,76.8,14.322697965118165,tvd_corrected,AH 1788.0-1866.0m → TVD 1782.8-1859.6m (correction: 5.2m)
EVD-01,136997.0,441189.0,1819.1486210526314,,28.856724,2.506185,1782.7512,1859.5901999999999,76.8,14.322697965118165,tvd_corrected,AH 1788.0-1866.0m → TVD 1782.8-1859.6m (correction: 5.2m)
EVD-01,136997.0,441189.0,1819.247259050064,,28.302608,2.494489,1782.7512,1859.5901999999999,76.8,14.322697965118165,tvd_corrected,AH 1788.0-1866.0m → TVD 1782.8-1859.6m (correction: 5.2m)
EVD-01,136997.0,441189.0,1819.3458970474967,,27.741287,2.484694,1782.7512,1859.5901999999999,76.8,14.322697965118165,tvd_corrected,AH 1788.0-1866.0m → TVD 1782.8-1859.6m (correction: 5.2m)
EVD-01,136997.0,441189.0,1819.4445350449294,,27.229778,2.48308,1782.7512,1859.5901999999999,76.8,14.322697965118165,tvd_corrected,AH 1788.0-1866.0m → TVD 1782.8-1859.6m (correction: 5.2m)
EVD-01,136997.0,441189.0,1819.543173042362,,26.819366,2.48967,1782.7512,1859.5901999999999,76.8,14.322697965118165,tvd_corrected,AH 1788.0-1866.0m → TVD 1782.8-1859.6m (correction: 5.2m)
EVD-01,136997.0,441189.0,1819.6418110397944,,26.51849,2.500146,1782.7512,1859.5901999999999,76.8,14.322697965118165,tvd_corrected,AH 1788.0-1866.0m → TVD 1782.8-1859.6m (correction: 5.2m)
EVD-01,136997.0,441189.0,1819.740449037227,,26.510605,2.51035,1782.7512,1859.5901999999999,76.8,14.322697965118165,tvd_corrected,AH 1788.0-1866.0m → TVD 1782.8-1859.6m (correction: 5.2m)
EVD-01,136997.0,441189.0,1819.8390870346598,,26.626888,2.5187,1782.7512,1859.5901999999999,76.8,14.322697965118165,tvd_corrected,AH 1788.0-1866.0m → TVD 1782.8-1859.6m (correction: 5.2m)
EVD-01,136997.0,441189.0,1819.9377250320924,,26.506958,2.523685,1782.7512,1859.5901999999999,76.8,14.322697965118165,tvd_corrected,AH 1788.0-1866.0m → TVD 1782.8-1859.6m (correction: 5.2m)
EVD-01,136997.0,441189.0,1820.0363630295249,,25.956421,2.521841,1782.7512,1859.5901999999999,76.8,14.322697965118165,tvd_corrected,AH 1788.0-1866.0m → TVD 1782.8-1859.6m (correction: 5.2m)
EVD-01,136997.0,441189.0,1820.1350010269575,,25.098892,2.510522,1782.7512,1859.5901999999999,76.8,14.322697965118165,tvd_corrected,AH 1788.0-1866.0m → TVD 1782.8-1859.6m (correction: 5.2m)
EVD-01,136997.0,441189.0,1820.2336390243902,,24.227154,2.491825,1782.7512,1859.5901999999999,76.8,14.322697965118165,tvd_corrected,AH 1788.0-1866.0m → TVD 1782.8-1859.6m (correction: 5.2m)
EVD-01,136997.0,441189.0,1820.3322770218228,,23.5476,2.472742,1782.7512,1859.5901999999999,76.8,14.322697965118165,tvd_corrected,AH 1788.0-1866.0m → TVD 1782.8-1859.6m (correction: 5.2m)
EVD-01,136997.0,441189.0,1820.4309150192553,,23.163094,2.458249,1782.7512,1859.5901999999999,76.8,14.322697965118165,tvd_corrected,AH 1788.0-1866.0m → TVD 1782.8-1859.6m (correction: 5.2m)
EVD-01,136997.0,441189.0,1820.529553016688,,23.090508,2.449475,1782.7512,1859.5901999999999,76.8,14.322697965118165,tvd_corrected,AH 1788.0-1866.0m → TVD 1782.8-1859.6m (correction: 5.2m)
EVD-01,136997.0,441189.0,1820.6281910141206,,23.367035,2.445027,1782.7512,1859.5901999999999,76.8,14.322697965118165,tvd_corrected,AH 1788.0-1866.0m → TVD 1782.8-1859.6m (correction: 5.2m)
EVD-01,136997.0,441189.0,1820.7268290115533,,23.943356,2.443116,1782.7512,1859.5901999999999,76.8,14.322697965118165,tvd_corrected,AH 1788.0-1866.0m → TVD 1782.8-1859.6m (correction: 5.2m)
EVD-01,136997.0,441189.0,1820.8254670089857,,24.888027,2.442173,1782.7512,1859.5901999999999,76.8,14.322697965118165,tvd_corrected,AH 1788.0-1866.0m → TVD 1782.8-1859.6m (correction: 5.2m)
EVD-01,136997.0,441189.0,1820.9241050064184,,26.214035,2.441928,1782.7512,1859.5901999999999,76.8,14.322697965118165,tvd_corrected,AH 1788.0-1866.0m → TVD 1782.8-1859.6m (correction: 5.2m)
EVD-01,136997.0,441189.0,1821.022743003851,,27.733448,2.445235,1782.7512,1859.5901999999999,76.8,14.322697965118165,tvd_corrected,AH 1788.0-1866.0m → TVD 1782.8-1859.6m (correction: 5.2m)
EVD-01,136997.0,441189.0,1821.1213810012837,,29.371662,2.455939,1782.7512,1859.5901999999999,76.8,14.322697965118165,tvd_corrected,AH 1788.0-1866.0m → TVD 1782.8-1859.6m (correction: 5.2m)
EVD-01,136997.0,441189.0,1821.2200189987161,,30.985645,2.474957,1782.7512,1859.5901999999999,76.8,14.322697965118165,tvd_corrected,AH 1788.0-1866.0m → TVD 1782.8-1859.6m (correction: 5.2m)
EVD-01,136997.0,441189.0,1821.3186569961488,,32.427383,2.498174,1782.7512,1859.5901999999999,76.8,14.322697965118165,tvd_corrected,AH 1788.0-1866.0m → TVD 1782.8-1859.6m (correction: 5.2m)
EVD-01,136997.0,441189.0,1821.4172949935814,,33.584099,2.519247,1782.7512,1859.5901999999999,76.8,14.322697965118165,tvd_corrected,AH 1788.0-1866.0m → TVD 1782.8-1859.6m (correction: 5.2m)
EVD-01,136997.0,441189.0,1821.515932991014,,34.484245,2.535685,1782.7512,1859.5901999999999,76.8,14.322697965118165,tvd_corrected,AH 1788.0-1866.0m → TVD 1782.8-1859.6m (correction: 5.2m)
EVD-01,136997.0,441189.0,1821.6145709884465,,35.23745,2.546986,1782.7512,1859.5901999999999,76.8,14.322697965118165,tvd_corrected,AH 1788.0-1866.0m → TVD 1782.8-1859.6m (correction: 5.2m)
EVD-01,136997.0,441189.0,1821.7132089858792,,35.807358,2.553216,1782.7512,1859.5901999999999,76.8,14.322697965118165,tvd_corrected,AH 1788.0-1866.0m → TVD 1782.8-1859.6m (correction: 5.2m)
EVD-01,136997.0,441189.0,1821.8118469833119,,36.147171,2.557449,1782.7512,1859.5901999999999,76.8,14.322697965118165,tvd_corrected,AH 1788.0-1866.0m → TVD 1782.8-1859.6m (correction: 5.2m)
EVD-01,136997.0,441189.0,1821.9104849807445,,36.280014,2.562893,1782.7512,1859.5901999999999,76.8,14.322697965118165,tvd_corrected,AH 1788.0-1866.0m → TVD 1782.8-1859.6m (correction: 5.2m)
EVD-01,136997.0,441189.0,1822.009122978177,,36.034088,2.570052,1782.7512,1859.5901999999999,76.8,14.322697965118165,tvd_corrected,AH 1788.0-1866.0m → TVD 1782.8-1859.6m (correction: 5.2m)
EVD-01,136997.0,441189.0,1822.1077609756096,,35.51297,2.577529,1782.7512,1859.5901999999999,76.8,14.322697965118165,tvd_corrected,AH 1788.0-1866.0m → TVD 1782.8-1859.6m (correction: 5.2m)
EVD-01,136997.0,441189.0,1822.2063989730423,,34.828941,2.581892,1782.7512,1859.5901999999999,76.8,14.322697965118165,tvd_corrected,AH 1788.0-1866.0m → TVD 1782.8-1859.6m (correction: 5.2m)
EVD-01,136997.0,441189.0,1822.305036970475,,33.826691,2.579614,1782.7512,1859.5901999999999,76.8,14.322697965118165,tvd_corrected,AH 1788.0-1866.0m → TVD 1782.8-1859.6m (correction: 5.2m)
EVD-01,136997.0,441189.0,1822.4036749679074,,32.674698,2.573566,1782.7512,1859.5901999999999,76.8,14.322697965118165,tvd_corrected,AH 1788.0-1866.0m → TVD 1782.8-1859.6m (correction: 5.2m)
EVD-01,136997.0,441189.0,1822.50231296534,,31.486996,2.568956,1782.7512,1859.5901999999999,76.8,14.322697965118165,tvd_corrected,AH 1788.0-1866.0m → TVD 1782.8-1859.6m (correction: 5.2m)
EVD-01,136997.0,441189.0,1822.6009509627727,,30.130226,2.567894,1782.7512,1859.5901999999999,76.8,14.322697965118165,tvd_corrected,AH 1788.0-1866.0m → TVD 1782.8-1859.6m (correction: 5.2m)
EVD-01,136997.0,441189.0,1822.6995889602053,,28.811455,2.568951,1782.7512,1859.5901999999999,76.8,14.322697965118165,tvd_corrected,AH 1788.0-1866.0m → TVD 1782.8-1859.6m (correction: 5.2m)
EVD-01,136997.0,441189.0,1822.7982269576378,,27.709496,2.569287,1782.7512,1859.5901999999999,76.8,14.322697965118165,tvd_corrected,AH 1788.0-1866.0m → TVD 1782.8-1859.6m (correction: 5.2m)
EVD-01,136997.0,441189.0,1822.8968649550704,,27.006062,2.567294,1782.7512,1859.5901999999999,76.8,14.322697965118165,tvd_corrected,AH 1788.0-1866.0m → TVD 1782.8-1859.6m (correction: 5.2m)
EVD-01,136997.0,441189.0,1822.995502952503,,26.617374,2.565131,1782.7512,1859.5901999999999,76.8,14.322697965118165,tvd_corrected,AH 1788.0-1866.0m → TVD 1782.8-1859.6m (correction: 5.2m)
EVD-01,136997.0,441189.0,1823.0941409499358,,26.485348,2.564981,1782.7512,1859.5901999999999,76.8,14.322697965118165,tvd_corrected,AH 1788.0-1866.0m → TVD 1782.8-1859.6m (correction: 5.2m)
EVD-01,136997.0,441189.0,1823.1927789473684,,26.764835,2.564507,1782.7512,1859.5901999999999,76.8,14.322697965118165,tvd_corrected,AH 1788.0-1866.0m → TVD 1782.8-1859.6m (correction: 5.2m)
EVD-01,136997.0,441189.0,1823.2914169448009,,27.342381,2.565682,1782.7512,1859.5901999999999,76.8,14.322697965118165,tvd_corrected,AH 1788.0-1866.0m → TVD 1782.8-1859.6m (correction: 5.2m)
EVD-01,136997.0,441189.0,1823.3900549422335,,28.100037,2.57152,1782.7512,1859.5901999999999,76.8,14.322697965118165,tvd_corrected,AH 1788.0-1866.0m → TVD 1782.8-1859.6m (correction: 5.2m)
EVD-01,136997.0,441189.0,1823.4886929396662,,29.045612,2.578025,1782.7512,1859.5901999999999,76.8,14.322697965118165,tvd_corrected,AH 1788.0-1866.0m → TVD 1782.8-1859.6m (correction: 5.2m)
EVD-01,136997.0,441189.0,1823.5873309370988,,30.050812,2.581749,1782.7512,1859.5901999999999,76.8,14.322697965118165,tvd_corrected,AH 1788.0-1866.0m → TVD 1782.8-1859.6m (correction: 5.2m)
EVD-01,136997.0,441189.0,1823.6859689345313,,30.957111,2.582806,1782.7512,1859.5901999999999,76.8,14.322697965118165,tvd_corrected,AH 1788.0-1866.0m → TVD 1782.8-1859.6m (correction: 5.2m)
EVD-01,136997.0,441189.0,1823.784606931964,,31.81913,2.582891,1782.7512,1859.5901999999999,76.8,14.322697965118165,tvd_corrected,AH 1788.0-1866.0m → TVD 1782.8-1859.6m (correction: 5.2m)
EVD-01,136997.0,441189.0,1823.8832449293966,,32.662544,2.58297,1782.7512,1859.5901999999999,76.8,14.322697965118165,tvd_corrected,AH 1788.0-1866.0m → TVD 1782.8-1859.6m (correction: 5.2m)
EVD-01,136997.0,441189.0,1823.9818829268293,,33.429718,2.583206,1782.7512,1859.5901999999999,76.8,14.322697965118165,tvd_corrected,AH 1788.0-1866.0m → TVD 1782.8-1859.6m (correction: 5.2m)
EVD-01,136997.0,441189.0,1824.0805209242617,,33.854691,2.583547,1782.7512,1859.5901999999999,76.8,14.322697965118165,tvd_corrected,AH 1788.0-1866.0m → TVD 1782.8-1859.6m (correction: 5.2m)
EVD-01,136997.0,441189.0,1824.1791589216944,,34.011963,2.584046,1782.7512,1859.5901999999999,76.8,14.322697965118165,tvd_corrected,AH 1788.0-1866.0m → TVD 1782.8-1859.6m (correction: 5.2m)
EVD-01,136997.0,441189.0,1824.277796919127,,34.201714,2.585169,1782.7512,1859.5901999999999,76.8,14.322697965118165,tvd_corrected,AH 1788.0-1866.0m → TVD 1782.8-1859.6m (correction: 5.2m)
EVD-01,136997.0,441189.0,1824.3764349165597,,34.514946,2.587953,1782.7512,1859.5901999999999,76.8,14.322697965118165,tvd_corrected,AH 1788.0-1866.0m → TVD 1782.8-1859.6m (correction: 5.2m)
EVD-01,136997.0,441189.0,1824.475072913992,,34.924492,2.592431,1782.7512,1859.5901999999999,76.8,14.322697965118165,tvd_corrected,AH 1788.0-1866.0m → TVD 1782.8-1859.6m (correction: 5.2m)
EVD-01,136997.0,441189.0,1824.5737109114248,,35.485191,2.59664,1782.7512,1859.5901999999999,76.8,14.322697965118165,tvd_corrected,AH 1788.0-1866.0m → TVD 1782.8-1859.6m (correction: 5.2m)
EVD-01,136997.0,441189.0,1824.6723489088574,,35.805298,2.597459,1782.7512,1859.5901999999999,76.8,14.322697965118165,tvd_corrected,AH 1788.0-1866.0m → TVD 1782.8-1859.6m (correction: 5.2m)
EVD-01,136997.0,441189.0,1824.77098690629,,35.613876,2.591812,1782.7512,1859.5901999999999,76.8,14.322697965118165,tvd_corrected,AH 1788.0-1866.0m → TVD 1782.8-1859.6m (correction: 5.2m)
EVD-01,136997.0,441189.0,1824.8696249037225,,34.753937,2.579075,1782.7512,1859.5901999999999,76.8,14.322697965118165,tvd_corrected,AH 1788.0-1866.0m → TVD 1782.8-1859.6m (correction: 5.2m)
EVD-01,136997.0,441189.0,1824.9682629011552,,33.431656,2.561747,1782.7512,1859.5901999999999,76.8,14.322697965118165,tvd_corrected,AH 1788.0-1866.0m → TVD 1782.8-1859.6m (correction: 5.2m)
EVD-01,136997.0,441189.0,1825.0669008985878,,32.031029,2.542678,1782.7512,1859.5901999999999,76.8,14.322697965118165,tvd_corrected,AH 1788.0-1866.0m → TVD 1782.8-1859.6m (correction: 5.2m)
EVD-01,136997.0,441189.0,1825.1655388960205,,30.666214,2.52403,1782.7512,1859.5901999999999,76.8,14.322697965118165,tvd_corrected,AH 1788.0-1866.0m → TVD 1782.8-1859.6m (correction: 5.2m)
EVD-01,136997.0,441189.0,1825.264176893453,,29.148472,2.50739,1782.7512,1859.5901999999999,76.8,14.322697965118165,tvd_corrected,AH 1788.0-1866.0m → TVD 1782.8-1859.6m (correction: 5.2m)
EVD-01,136997.0,441189.0,1825.3628148908856,,27.330242,2.492545,1782.7512,1859.5901999999999,76.8,14.322697965118165,tvd_corrected,AH 1788.0-1866.0m → TVD 1782.8-1859.6m (correction: 5.2m)
EVD-01,136997.0,441189.0,1825.4614528883183,,25.652252,2.478252,1782.7512,1859.5901999999999,76.8,14.322697965118165,tvd_corrected,AH 1788.0-1866.0m → TVD 1782.8-1859.6m (correction: 5.2m)
EVD-01,136997.0,441189.0,1825.560090885751,,24.44379,2.468525,1782.7512,1859.5901999999999,76.8,14.322697965118165,tvd_corrected,AH 1788.0-1866.0m → TVD 1782.8-1859.6m (correction: 5.2m)
EVD-01,136997.0,441189.0,1825.6587288831834,,23.576687,2.468143,1782.7512,1859.5901999999999,76.8,14.322697965118165,tvd_corrected,AH 1788.0-1866.0m → TVD 1782.8-1859.6m (correction: 5.2m)
EVD-01,136997.0,441189.0,1825.757366880616,,22.922417,2.472993,1782.7512,1859.5901999999999,76.8,14.322697965118165,tvd_corrected,AH 1788.0-1866.0m → TVD 1782.8-1859.6m (correction: 5.2m)
EVD-01,136997.0,441189.0,1825.8560048780487,,22.391678,2.473462,1782.7512,1859.5901999999999,76.8,14.322697965118165,tvd_corrected,AH 1788.0-1866.0m → TVD 1782.8-1859.6m (correction: 5.2m)
EVD-01,136997.0,441189.0,1825.9546428754813,,21.955727,2.465153,1782.7512,1859.5901999999999,76.8,14.322697965118165,tvd_corrected,AH 1788.0-1866.0m → TVD 1782.8-1859.6m (correction: 5.2m)
EVD-01,136997.0,441189.0,1826.053280872914,,21.61758,2.453136,1782.7512,1859.5901999999999,76.8,14.322697965118165,tvd_corrected,AH 1788.0-1866.0m → TVD 1782.8-1859.6m (correction: 5.2m)
EVD-01,136997.0,441189.0,1826.1519188703464,,21.389797,2.44239,1782.7512,1859.5901999999999,76.8,14.322697965118165,tvd_corrected,AH 1788.0-1866.0m → TVD 1782.8-1859.6m (correction: 5.2m)
EVD-01,136997.0,441189.0,1826.250556867779,,21.289585,2.431628,1782.7512,1859.5901999999999,76.8,14.322697965118165,tvd_corrected,AH 1788.0-1866.0m → TVD 1782.8-1859.6m (correction: 5.2m)
EVD-01,136997.0,441189.0,1826.3491948652118,,21.368408,2.422828,1782.7512,1859.5901999999999,76.8,14.322697965118165,tvd_corrected,AH 1788.0-1866.0m → TVD 1782.8-1859.6m (correction: 5.2m)
EVD-01,136997.0,441189.0,1826.4478328626444,,21.620628,2.417815,1782.7512,1859.5901999999999,76.8,14.322697965118165,tvd_corrected,AH 1788.0-1866.0m → TVD 1782.8-1859.6m (correction: 5.2m)
EVD-01,136997.0,441189.0,1826.5464708600769,,21.974194,2.416135,1782.7512,1859.5901999999999,76.8,14.322697965118165,tvd_corrected,AH 1788.0-1866.0m → TVD 1782.8-1859.6m (correction: 5.2m)
EVD-01,136997.0,441189.0,1826.6451088575095,,22.343307,2.417178,1782.7512,1859.5901999999999,76.8,14.322697965118165,tvd_corrected,AH 1788.0-1866.0m → TVD 1782.8-1859.6m (correction: 5.2m)
EVD-01,136997.0,441189.0,1826.7437468549422,,22.614594,2.419852,1782.7512,1859.5901999999999,76.8,14.322697965118165,tvd_corrected,AH 1788.0-1866.0m → TVD 1782.8-1859.6m (correction: 5.2m)
EVD-01,136997.0,441189.0,1826.8423848523748,,22.759884,2.423142,1782.7512,1859.5901999999999,76.8,14.322697965118165,tvd_corrected,AH 1788.0-1866.0m → TVD 1782.8-1859.6m (correction: 5.2m)
EVD-01,136997.0,441189.0,1826.9410228498073,,22.728828,2.427451,1782.7512,1859.5901999999999,76.8,14.322697965118165,tvd_corrected,AH 1788.0-1866.0m → TVD 1782.8-1859.6m (correction: 5.2m)
EVD-01,136997.0,441189.0,1827.03966084724,,22.552197,2.432729,1782.7512,1859.5901999999999,76.8,14.322697965118165,tvd_corrected,AH 1788.0-1866.0m → TVD 1782.8-1859.6m (correction: 5.2m)
EVD-01,136997.0,441189.0,1827.1382988446726,,22.367085,2.436168,1782.7512,1859.5901999999999,76.8,14.322697965118165,tvd_corrected,AH 1788.0-1866.0m → TVD 1782.8-1859.6m (correction: 5.2m)
EVD-01,136997.0,441189.0,1827.2369368421053,,22.32386,2.437244,1782.7512,1859.5901999999999,76.8,14.322697965118165,tvd_corrected,AH 1788.0-1866.0m → TVD 1782.8-1859.6m (correction: 5.2m)
EVD-01,136997.0,441189.0,1827.3355748395377,,22.536942,2.437838,1782.7512,1859.5901999999999,76.8,14.322697965118165,tvd_corrected,AH 1788.0-1866.0m → TVD 1782.8-1859.6m (correction: 5.2m)
EVD-01,136997.0,441189.0,1827.4342128369703,,22.88073,2.439222,1782.7512,1859.5901999999999,76.8,14.322697965118165,tvd_corrected,AH 1788.0-1866.0m → TVD 1782.8-1859.6m (correction: 5.2m)
EVD-01,136997.0,441189.0,1827.532850834403,,23.254814,2.442232,1782.7512,1859.5901999999999,76.8,14.322697965118165,tvd_corrected,AH 1788.0-1866.0m → TVD 1782.8-1859.6m (correction: 5.2m)
EVD-01,136997.0,441189.0,1827.6314888318357,,23.48428,2.44676,1782.7512,1859.5901999999999,76.8,14.322697965118165,tvd_corrected,AH 1788.0-1866.0m → TVD 1782.8-1859.6m (correction: 5.2m)
EVD-01,136997.0,441189.0,1827.730126829268,,23.421124,2.451855,1782.7512,1859.5901999999999,76.8,14.322697965118165,tvd_corrected,AH 1788.0-1866.0m → TVD 1782.8-1859.6m (correction: 5.2m)
EVD-01,136997.0,441189.0,1827.8287648267008,,22.978436,2.456583,1782.7512,1859.5901999999999,76.8,14.322697965118165,tvd_corrected,AH 1788.0-1866.0m → TVD 1782.8-1859.6m (correction: 5.2m)
EVD-01,136997.0,441189.0,1827.9274028241334,,22.352219,2.460959,1782.7512,1859.5901999999999,76.8,14.322697965118165,tvd_corrected,AH 1788.0-1866.0m → TVD 1782.8-1859.6m (correction: 5.2m)
EVD-01,136997.0,441189.0,1828.026040821566,,21.871117,2.465525,1782.7512,1859.5901999999999,76.8,14.322697965118165,tvd_corrected,AH 1788.0-1866.0m → TVD 1782.8-1859.6m (correction: 5.2m)
EVD-01,136997.0,441189.0,1828.1246788189985,,21.707947,2.470655,1782.7512,1859.5901999999999,76.8,14.322697965118165,tvd_corrected,AH 1788.0-1866.0m → TVD 1782.8-1859.6m (correction: 5.2m)
EVD-01,136997.0,441189.0,1828.2233168164312,,21.723278,2.475042,1782.7512,1859.5901999999999,76.8,14.322697965118165,tvd_corrected,AH 1788.0-1866.0m → TVD 1782.8-1859.6m (correction: 5.2m)
EVD-01,136997.0,441189.0,1828.3219548138638,,21.762005,2.476754,1782.7512,1859.5901999999999,76.8,14.322697965118165,tvd_corrected,AH 1788.0-1866.0m → TVD 1782.8-1859.6m (correction: 5.2m)
EVD-01,136997.0,441189.0,1828.4205928112965,,21.687469,2.476281,1782.7512,1859.5901999999999,76.8,14.322697965118165,tvd_corrected,AH 1788.0-1866.0m → TVD 1782.8-1859.6m (correction: 5.2m)
EVD-01,136997.0,441189.0,1828.519230808729,,21.462139,2.475308,1782.7512,1859.5901999999999,76.8,14.322697965118165,tvd_corrected,AH 1788.0-1866.0m → TVD 1782.8-1859.6m (correction: 5.2m)
EVD-01,136997.0,441189.0,1828.6178688061616,,21.086586,2.472435,1782.7512,1859.5901999999999,76.8,14.322697965118165,tvd_corrected,AH 1788.0-1866.0m → TVD 1782.8-1859.6m (correction: 5.2m)
EVD-01,136997.0,441189.0,1828.7165068035943,,20.696228,2.466934,1782.7512,1859.5901999999999,76.8,14.322697965118165,tvd_corrected,AH 1788.0-1866.0m → TVD 1782.8-1859.6m (correction: 5.2m)
EVD-01,136997.0,441189.0,1828.815144801027,,20.589954,2.460485,1782.7512,1859.5901999999999,76.8,14.322697965118165,tvd_corrected,AH 1788.0-1866.0m → TVD 1782.8-1859.6m (correction: 5.2m)
EVD-01,136997.0,441189.0,1828.9137827984594,,20.977444,2.454299,1782.7512,1859.5901999999999,76.8,14.322697965118165,tvd_corrected,AH 1788.0-1866.0m → TVD 1782.8-1859.6m (correction: 5.2m)
EVD-01,136997.0,441189.0,1829.012420795892,,21.711094,2.449316,1782.7512,1859.5901999999999,76.8,14.322697965118165,tvd_corrected,AH 1788.0-1866.0m → TVD 1782.8-1859.6m (correction: 5.2m)
EVD-01,136997.0,441189.0,1829.1110587933247,,22.130611,2.446481,1782.7512,1859.5901999999999,76.8,14.322697965118165,tvd_corrected,AH 1788.0-1866.0m → TVD 1782.8-1859.6m (correction: 5.2m)
EVD-01,136997.0,441189.0,1829.2096967907573,,22.097954,2.446709,1782.7512,1859.5901999999999,76.8,14.322697965118165,tvd_corrected,AH 1788.0-1866.0m → TVD 1782.8-1859.6m (correction: 5.2m)
EVD-01,136997.0,441189.0,1829.3083347881898,,21.703045,2.448788,1782.7512,1859.5901999999999,76.8,14.322697965118165,tvd_corrected,AH 1788.0-1866.0m → TVD 1782.8-1859.6m (correction: 5.2m)
EVD-01,136997.0,441189.0,1829.4069727856224,,21.331299,2.451087,1782.7512,1859.5901999999999,76.8,14.322697965118165,tvd_corrected,AH 1788.0-1866.0m → TVD 1782.8-1859.6m (correction: 5.2m)
EVD-01,136997.0,441189.0,1829.505610783055,,21.076008,2.455513,1782.7512,1859.5901999999999,76.8,14.322697965118165,tvd_corrected,AH 1788.0-1866.0m → TVD 1782.8-1859.6m (correction: 5.2m)
EVD-01,136997.0,441189.0,1829.6042487804878,,21.01149,2.46066,1782.7512,1859.5901999999999,76.8,14.322697965118165,tvd_corrected,AH 1788.0-1866.0m → TVD 1782.8-1859.6m (correction: 5.2m)
EVD-01,136997.0,441189.0,1829.7028867779204,,21.121429,2.460665,1782.7512,1859.5901999999999,76.8,14.322697965118165,tvd_corrected,AH 1788.0-1866.0m → TVD 1782.8-1859.6m (correction: 5.2m)
EVD-01,136997.0,441189.0,1829.8015247753528,,21.536148,2.457654,1782.7512,1859.5901999999999,76.8,14.322697965118165,tvd_corrected,AH 1788.0-1866.0m → TVD 1782.8-1859.6m (correction: 5.2m)
EVD-01,136997.0,441189.0,1829.9001627727855,,22.23317,2.456763,1782.7512,1859.5901999999999,76.8,14.322697965118165,tvd_corrected,AH 1788.0-1866.0m → TVD 1782.8-1859.6m (correction: 5.2m)
EVD-01,136997.0,441189.0,1829.9988007702182,,23.033882,2.459185,1782.7512,1859.5901999999999,76.8,14.322697965118165,tvd_corrected,AH 1788.0-1866.0m → TVD 1782.8-1859.6m (correction: 5.2m)
EVD-01,136997.0,441189.0,1830.0974387676508,,23.777386,2.465495,1782.7512,1859.5901999999999,76.8,14.322697965118165,tvd_corrected,AH 1788.0-1866.0m → TVD 1782.8-1859.6m (correction: 5.2m)
EVD-01,136997.0,441189.0,1830.1960767650833,,24.28194,2.473401,1782.7512,1859.5901999999999,76.8,14.322697965118165,tvd_corrected,AH 1788.0-1866.0m → TVD 1782.8-1859.6m (correction: 5.2m)
EVD-01,136997.0,441189.0,1830.294714762516,,24.386395,2.478469,1782.7512,1859.5901999999999,76.8,14.322697965118165,tvd_corrected,AH 1788.0-1866.0m → TVD 1782.8-1859.6m (correction: 5.2m)
EVD-01,136997.0,441189.0,1830.3933527599486,,24.201908,2.480495,1782.7512,1859.5901999999999,76.8,14.322697965118165,tvd_corrected,AH 1788.0-1866.0m → TVD 1782.8-1859.6m (correction: 5.2m)
EVD-01,136997.0,441189.0,1830.4919907573812,,23.998848,2.482155,1782.7512,1859.5901999999999,76.8,14.322697965118165,tvd_corrected,AH 1788.0-1866.0m → TVD 1782.8-1859.6m (correction: 5.2m)
EVD-01,136997.0,441189.0,1830.5906287548137,,23.882381,2.484335,1782.7512,1859.5901999999999,76.8,14.322697965118165,tvd_corrected,AH 1788.0-1866.0m → TVD 1782.8-1859.6m (correction: 5.2m)
EVD-01,136997.0,441189.0,1830.6892667522463,,23.793983,2.485975,1782.7512,1859.5901999999999,76.8,14.322697965118165,tvd_corrected,AH 1788.0-1866.0m → TVD 1782.8-1859.6m (correction: 5.2m)
EVD-01,136997.0,441189.0,1830.787904749679,,23.656639,2.485299,1782.7512,1859.5901999999999,76.8,14.322697965118165,tvd_corrected,AH 1788.0-1866.0m → TVD 1782.8-1859.6m (correction: 5.2m)
EVD-01,136997.0,441189.0,1830.8865427471117,,23.486298,2.482399,1782.7512,1859.5901999999999,76.8,14.322697965118165,tvd_corrected,AH 1788.0-1866.0m → TVD 1782.8-1859.6m (correction: 5.2m)
EVD-01,136997.0,441189.0,1830.985180744544,,23.284714,2.479874,1782.7512,1859.5901999999999,76.8,14.322697965118165,tvd_corrected,AH 1788.0-1866.0m → TVD 1782.8-1859.6m (correction: 5.2m)
EVD-01,136997.0,441189.0,1831.0838187419768,,23.061535,2.479057,1782.7512,1859.5901999999999,76.8,14.322697965118165,tvd_corrected,AH 1788.0-1866.0m → TVD 1782.8-1859.6m (correction: 5.2m)
EVD-01,136997.0,441189.0,1831.1824567394094,,22.83025,2.478288,1782.7512,1859.5901999999999,76.8,14.322697965118165,tvd_corrected,AH 1788.0-1866.0m → TVD 1782.8-1859.6m (correction: 5.2m)
EVD-01,136997.0,441189.0,1831.281094736842,,22.611809,2.476985,1782.7512,1859.5901999999999,76.8,14.322697965118165,tvd_corrected,AH 1788.0-1866.0m → TVD 1782.8-1859.6m (correction: 5.2m)
EVD-01,136997.0,441189.0,1831.3797327342745,,22.420723,2.47654,1782.7512,1859.5901999999999,76.8,14.322697965118165,tvd_corrected,AH 1788.0-1866.0m → TVD 1782.8-1859.6m (correction: 5.2m)
EVD-01,136997.0,441189.0,1831.4783707317072,,22.268436,2.478061,1782.7512,1859.5901999999999,76.8,14.322697965118165,tvd_corrected,AH 1788.0-1866.0m → TVD 1782.8-1859.6m (correction: 5.2m)
EVD-01,136997.0,441189.0,1831.5770087291398,,22.198952,2.480131,1782.7512,1859.5901999999999,76.8,14.322697965118165,tvd_corrected,AH 1788.0-1866.0m → TVD 1782.8-1859.6m (correction: 5.2m)
EVD-01,136997.0,441189.0,1831.6756467265725,,22.227489,2.480357,1782.7512,1859.5901999999999,76.8,14.322697965118165,tvd_corrected,AH 1788.0-1866.0m → TVD 1782.8-1859.6m (correction: 5.2m)
EVD-01,136997.0,441189.0,1831.774284724005,,22.42067,2.478225,1782.7512,1859.5901999999999,76.8,14.322697965118165,tvd_corrected,AH 1788.0-1866.0m → TVD 1782.8-1859.6m (correction: 5.2m)
EVD-01,136997.0,441189.0,1831.8729227214376,,22.806866,2.475163,1782.7512,1859.5901999999999,76.8,14.322697965118165,tvd_corrected,AH 1788.0-1866.0m → TVD 1782.8-1859.6m (correction: 5.2m)
EVD-01,136997.0,441189.0,1831.9715607188703,,23.350441,2.474313,1782.7512,1859.5901999999999,76.8,14.322697965118165,tvd_corrected,AH 1788.0-1866.0m → TVD 1782.8-1859.6m (correction: 5.2m)
EVD-01,136997.0,441189.0,1832.070198716303,,24.039772,2.47822,1782.7512,1859.5901999999999,76.8,14.322697965118165,tvd_corrected,AH 1788.0-1866.0m → TVD 1782.8-1859.6m (correction: 5.2m)
EVD-01,136997.0,441189.0,1832.1688367137353,,24.835453,2.484716,1782.7512,1859.5901999999999,76.8,14.322697965118165,tvd_corrected,AH 1788.0-1866.0m → TVD 1782.8-1859.6m (correction: 5.2m)
EVD-01,136997.0,441189.0,1832.267474711168,,25.733665,2.490716,1782.7512,1859.5901999999999,76.8,14.322697965118165,tvd_corrected,AH 1788.0-1866.0m → TVD 1782.8-1859.6m (correction: 5.2m)
EVD-01,136997.0,441189.0,1832.3661127086007,,26.729084,2.496468,1782.7512,1859.5901999999999,76.8,14.322697965118165,tvd_corrected,AH 1788.0-1866.0m → TVD 1782.8-1859.6m (correction: 5.2m)
EVD-01,136997.0,441189.0,1832.4647507060333,,27.536488,2.501289,1782.7512,1859.5901999999999,76.8,14.322697965118165,tvd_corrected,AH 1788.0-1866.0m → TVD 1782.8-1859.6m (correction: 5.2m)
EVD-01,136997.0,441189.0,1832.5633887034658,,27.967625,2.502425,1782.7512,1859.5901999999999,76.8,14.322697965118165,tvd_corrected,AH 1788.0-1866.0m → TVD 1782.8-1859.6m (correction: 5.2m)
EVD-01,136997.0,441189.0,1832.6620267008984,,27.798145,2.497669,1782.7512,1859.5901999999999,76.8,14.322697965118165,tvd_corrected,AH 1788.0-1866.0m → TVD 1782.8-1859.6m (correction: 5.2m)
EVD-01,136997.0,441189.0,1832.760664698331,,27.234978,2.488168,1782.7512,1859.5901999999999,76.8,14.322697965118165,tvd_corrected,AH 1788.0-1866.0m → TVD 1782.8-1859.6m (correction: 5.2m)
EVD-01,136997.0,441189.0,1832.8593026957637,,26.439938,2.476392,1782.7512,1859.5901999999999,76.8,14.322697965118165,tvd_corrected,AH 1788.0-1866.0m → TVD 1782.8-1859.6m (correction: 5.2m)
EVD-01,136997.0,441189.0,1832.9579406931962,,25.577587,2.463033,1782.7512,1859.5901999999999,76.8,14.322697965118165,tvd_corrected,AH 1788.0-1866.0m → TVD 1782.8-1859.6m (correction: 5.2m)
EVD-01,136997.0,441189.0,1833.0565786906288,,24.757557,2.452645,1782.7512,1859.5901999999999,76.8,14.322697965118165,tvd_corrected,AH 1788.0-1866.0m → TVD 1782.8-1859.6m (correction: 5.2m)
EVD-01,136997.0,441189.0,1833.1552166880615,,23.995953,2.449175,1782.7512,1859.5901999999999,76.8,14.322697965118165,tvd_corrected,AH 1788.0-1866.0m → TVD 1782.8-1859.6m (correction: 5.2m)
EVD-01,136997.0,441189.0,1833.2538546854942,,23.291523,2.447984,1782.7512,1859.5901999999999,76.8,14.322697965118165,tvd_corrected,AH 1788.0-1866.0m → TVD 1782.8-1859.6m (correction: 5.2m)
EVD-01,136997.0,441189.0,1833.3524926829268,,22.608154,2.446902,1782.7512,1859.5901999999999,76.8,14.322697965118165,tvd_corrected,AH 1788.0-1866.0m → TVD 1782.8-1859.6m (correction: 5.2m)
EVD-01,136997.0,441189.0,1833.4511306803593,,21.93433,2.447971,1782.7512,1859.5901999999999,76.8,14.322697965118165,tvd_corrected,AH 1788.0-1866.0m → TVD 1782.8-1859.6m (correction: 5.2m)
EVD-01,136997.0,441189.0,1833.549768677792,,21.438995,2.45122,1782.7512,1859.5901999999999,76.8,14.322697965118165,tvd_corrected,AH 1788.0-1866.0m → TVD 1782.8-1859.6m (correction: 5.2m)
EVD-01,136997.0,441189.0,1833.6484066752246,,21.225216,2.455118,1782.7512,1859.5901999999999,76.8,14.322697965118165,tvd_corrected,AH 1788.0-1866.0m → TVD 1782.8-1859.6m (correction: 5.2m)
EVD-01,136997.0,441189.0,1833.7470446726572,,21.513721,2.457806,1782.7512,1859.5901999999999,76.8,14.322697965118165,tvd_corrected,AH 1788.0-1866.0m → TVD 1782.8-1859.6m (correction: 5.2m)
EVD-01,136997.0,441189.0,1833.8456826700897,,22.533333,2.458441,1782.7512,1859.5901999999999,76.8,14.322697965118165,tvd_corrected,AH 1788.0-1866.0m → TVD 1782.8-1859.6m (correction: 5.2m)
EVD-01,136997.0,441189.0,1833.9443206675223,,23.945507,2.458007,1782.7512,1859.5901999999999,76.8,14.322697965118165,tvd_corrected,AH 1788.0-1866.0m → TVD 1782.8-1859.6m (correction: 5.2m)
EVD-01,136997.0,441189.0,1834.042958664955,,24.964142,2.458418,1782.7512,1859.5901999999999,76.8,14.322697965118165,tvd_corrected,AH 1788.0-1866.0m → TVD 1782.8-1859.6m (correction: 5.2m)
EVD-01,136997.0,441189.0,1834.1415966623877,,25.570187,2.459826,1782.7512,1859.5901999999999,76.8,14.322697965118165,tvd_corrected,AH 1788.0-1866.0m → TVD 1782.8-1859.6m (correction: 5.2m)
EVD-01,136997.0,441189.0,1834.24023465982,,25.994904,2.46196,1782.7512,1859.5901999999999,76.8,14.322697965118165,tvd_corrected,AH 1788.0-1866.0m → TVD 1782.8-1859.6m (correction: 5.2m)
EVD-01,136997.0,441189.0,1834.3388726572528,,26.258118,2.465626,1782.7512,1859.5901999999999,76.8,14.322697965118165,tvd_corrected,AH 1788.0-1866.0m → TVD 1782.8-1859.6m (correction: 5.2m)
EVD-01,136997.0,441189.0,1834.4375106546854,,26.39135,2.473424,1782.7512,1859.5901999999999,76.8,14.322697965118165,tvd_corrected,AH 1788.0-1866.0m → TVD 1782.8-1859.6m (correction: 5.2m)
EVD-01,136997.0,441189.0,1834.536148652118,,26.447681,2.485792,1782.7512,1859.5901999999999,76.8,14.322697965118165,tvd_corrected,AH 1788.0-1866.0m → TVD 1782.8-1859.6m (correction: 5.2m)
EVD-01,136997.0,441189.0,1834.6347866495505,,26.480232,2.498041,1782.7512,1859.5901999999999,76.8,14.322697965118165,tvd_corrected,AH 1788.0-1866.0m → TVD 1782.8-1859.6m (correction: 5.2m)
EVD-01,136997.0,441189.0,1834.7334246469832,,26.500401,2.50808,1782.7512,1859.5901999999999,76.8,14.322697965118165,tvd_corrected,AH 1788.0-1866.0m → TVD 1782.8-1859.6m (correction: 5.2m)
EVD-01,136997.0,441189.0,1834.8320626444158,,26.498806,2.515167,1782.7512,1859.5901999999999,76.8,14.322697965118165,tvd_corrected,AH 1788.0-1866.0m → TVD 1782.8-1859.6m (correction: 5.2m)
EVD-01,136997.0,441189.0,1834.9307006418485,,26.443195,2.518351,1782.7512,1859.5901999999999,76.8,14.322697965118165,tvd_corrected,AH 1788.0-1866.0m → TVD 1782.8-1859.6m (correction: 5.2m)
EVD-01,136997.0,441189.0,1835.029338639281,,26.356064,2.519282,1782.7512,1859.5901999999999,76.8,14.322697965118165,tvd_corrected,AH 1788.0-1866.0m → TVD 1782.8-1859.6m (correction: 5.2m)
EVD-01,136997.0,441189.0,1835.1279766367136,,26.272556,2.520334,1782.7512,1859.5901999999999,76.8,14.322697965118165,tvd_corrected,AH 1788.0-1866.0m → TVD 1782.8-1859.6m (correction: 5.2m)
EVD-01,136997.0,441189.0,1835.2266146341462,,26.155148,2.521999,1782.7512,1859.5901999999999,76.8,14.322697965118165,tvd_corrected,AH 1788.0-1866.0m → TVD 1782.8-1859.6m (correction: 5.2m)
EVD-01,136997.0,441189.0,1835.325252631579,,25.988739,2.522865,1782.7512,1859.5901999999999,76.8,14.322697965118165,tvd_corrected,AH 1788.0-1866.0m → TVD 1782.8-1859.6m (correction: 5.2m)
EVD-01,136997.0,441189.0,1835.4238906290113,,25.796112,2.522973,1782.7512,1859.5901999999999,76.8,14.322697965118165,tvd_corrected,AH 1788.0-1866.0m → TVD 1782.8-1859.6m (correction: 5.2m)
EVD-01,136997.0,441189.0,1835.522528626444,,25.620041,2.526058,1782.7512,1859.5901999999999,76.8,14.322697965118165,tvd_corrected,AH 1788.0-1866.0m → TVD 1782.8-1859.6m (correction: 5.2m)
EVD-01,136997.0,441189.0,1835.6211666238767,,25.491428,2.534371,1782.7512,1859.5901999999999,76.8,14.322697965118165,tvd_corrected,AH 1788.0-1866.0m → TVD 1782.8-1859.6m (correction: 5.2m)
EVD-01,136997.0,441189.0,1835.7198046213093,,25.407761,2.545009,1782.7512,1859.5901999999999,76.8,14.322697965118165,tvd_corrected,AH 1788.0-1866.0m → TVD 1782.8-1859.6m (correction: 5.2m)
EVD-01,136997.0,441189.0,1835.8184426187418,,25.606167,2.552323,1782.7512,1859.5901999999999,76.8,14.322697965118165,tvd_corrected,AH 1788.0-1866.0m → TVD 1782.8-1859.6m (correction: 5.2m)
EVD-01,136997.0,441189.0,1835.9170806161744,,25.891895,2.55363,1782.7512,1859.5901999999999,76.8,14.322697965118165,tvd_corrected,AH 1788.0-1866.0m → TVD 1782.8-1859.6m (correction: 5.2m)
EVD-01,136997.0,441189.0,1836.015718613607,,25.798237,2.550126,1782.7512,1859.5901999999999,76.8,14.322697965118165,tvd_corrected,AH 1788.0-1866.0m → TVD 1782.8-1859.6m (correction: 5.2m)
EVD-01,136997.0,441189.0,1836.1143566110397,,26.187767,2.542514,1782.7512,1859.5901999999999,76.8,14.322697965118165,tvd_corrected,AH 1788.0-1866.0m → TVD 1782.8-1859.6m (correction: 5.2m)
EVD-01,136997.0,441189.0,1836.2129946084724,,27.412041,2.531721,1782.7512,1859.5901999999999,76.8,14.322697965118165,tvd_corrected,AH 1788.0-1866.0m → TVD 1782.8-1859.6m (correction: 5.2m)
EVD-01,136997.0,441189.0,1836.3116326059048,,28.562031,2.519351,1782.7512,1859.5901999999999,76.8,14.322697965118165,tvd_corrected,AH 1788.0-1866.0m → TVD 1782.8-1859.6m (correction: 5.2m)
EVD-01,136997.0,441189.0,1836.4102706033375,,29.104256,2.506517,1782.7512,1859.5901999999999,76.8,14.322697965118165,tvd_corrected,AH 1788.0-1866.0m → TVD 1782.8-1859.6m (correction: 5.2m)
EVD-01,136997.0,441189.0,1836.5089086007702,,28.896667,2.494587,1782.7512,1859.5901999999999,76.8,14.322697965118165,tvd_corrected,AH 1788.0-1866.0m → TVD 1782.8-1859.6m (correction: 5.2m)
EVD-01,136997.0,441189.0,1836.6075465982028,,28.375286,2.485881,1782.7512,1859.5901999999999,76.8,14.322697965118165,tvd_corrected,AH 1788.0-1866.0m → TVD 1782.8-1859.6m (correction: 5.2m)
EVD-01,136997.0,441189.0,1836.7061845956352,,27.721165,2.482429,1782.7512,1859.5901999999999,76.8,14.322697965118165,tvd_corrected,AH 1788.0-1866.0m → TVD 1782.8-1859.6m (correction: 5.2m)
EVD-01,136997.0,441189.0,1836.804822593068,,27.119534,2.485332,1782.7512,1859.5901999999999,76.8,14.322697965118165,tvd_corrected,AH 1788.0-1866.0m → TVD 1782.8-1859.6m (correction: 5.2m)
EVD-01,136997.0,441189.0,1836.9034605905006,,26.569019,2.493909,1782.7512,1859.5901999999999,76.8,14.322697965118165,tvd_corrected,AH 1788.0-1866.0m → TVD 1782.8-1859.6m (correction: 5.2m)
EVD-01,136997.0,441189.0,1837.0020985879332,,26.141216,2.504729,1782.7512,1859.5901999999999,76.8,14.322697965118165,tvd_corrected,AH 1788.0-1866.0m → TVD 1782.8-1859.6m (correction: 5.2m)
EVD-01,136997.0,441189.0,1837.1007365853657,,25.858273,2.514568,1782.7512,1859.5901999999999,76.8,14.322697965118165,tvd_corrected,AH 1788.0-1866.0m → TVD 1782.8-1859.6m (correction: 5.2m)
EVD-01,136997.0,441189.0,1837.1993745827983,,25.669224,2.521635,1782.7512,1859.5901999999999,76.8,14.322697965118165,tvd_corrected,AH 1788.0-1866.0m → TVD 1782.8-1859.6m (correction: 5.2m)
EVD-01,136997.0,441189.0,1837.298012580231,,25.553185,2.525516,1782.7512,1859.5901999999999,76.8,14.322697965118165,tvd_corrected,AH 1788.0-1866.0m → TVD 1782.8-1859.6m (correction: 5.2m)
EVD-01,136997.0,441189.0,1837.3966505776636,,25.47644,2.526288,1782.7512,1859.5901999999999,76.8,14.322697965118165,tvd_corrected,AH 1788.0-1866.0m → TVD 1782.8-1859.6m (correction: 5.2m)
EVD-01,136997.0,441189.0,1837.495288575096,,25.473244,2.523323,1782.7512,1859.5901999999999,76.8,14.322697965118165,tvd_corrected,AH 1788.0-1866.0m → TVD 1782.8-1859.6m (correction: 5.2m)
EVD-01,136997.0,441189.0,1837.5939265725287,,25.579952,2.518435,1782.7512,1859.5901999999999,76.8,14.322697965118165,tvd_corrected,AH 1788.0-1866.0m → TVD 1782.8-1859.6m (correction: 5.2m)
EVD-01,136997.0,441189.0,1837.6925645699614,,25.781307,2.514058,1782.7512,1859.5901999999999,76.8,14.322697965118165,tvd_corrected,AH 1788.0-1866.0m → TVD 1782.8-1859.6m (correction: 5.2m)
EVD-01,136997.0,441189.0,1837.791202567394,,26.07642,2.51019,1782.7512,1859.5901999999999,76.8,14.322697965118165,tvd_corrected,AH 1788.0-1866.0m → TVD 1782.8-1859.6m (correction: 5.2m)
EVD-01,136997.0,441189.0,1837.8898405648265,,26.449928,2.506939,1782.7512,1859.5901999999999,76.8,14.322697965118165,tvd_corrected,AH 1788.0-1866.0m → TVD 1782.8-1859.6m (correction: 5.2m)
EVD-01,136997.0,441189.0,1837.9884785622592,,26.8437,2.505572,1782.7512,1859.5901999999999,76.8,14.322697965118165,tvd_corrected,AH 1788.0-1866.0m → TVD 1782.8-1859.6m (correction: 5.2m)
EVD-01,136997.0,441189.0,1838.0871165596918,,27.213539,2.506658,1782.7512,1859.5901999999999,76.8,14.322697965118165,tvd_corrected,AH 1788.0-1866.0m → TVD 1782.8-1859.6m (correction: 5.2m)
EVD-01,136997.0,441189.0,1838.1857545571245,,27.510235,2.510193,1782.7512,1859.5901999999999,76.8,14.322697965118165,tvd_corrected,AH 1788.0-1866.0m → TVD 1782.8-1859.6m (correction: 5.2m)
EVD-01,136997.0,441189.0,1838.284392554557,,27.726807,2.515404,1782.7512,1859.5901999999999,76.8,14.322697965118165,tvd_corrected,AH 1788.0-1866.0m → TVD 1782.8-1859.6m (correction: 5.2m)
EVD-01,136997.0,441189.0,1838.3830305519896,,27.889343,2.51902,1782.7512,1859.5901999999999,76.8,14.322697965118165,tvd_corrected,AH 1788.0-1866.0m → TVD 1782.8-1859.6m (correction: 5.2m)
EVD-01,136997.0,441189.0,1838.4816685494222,,28.022606,2.52039,1782.7512,1859.5901999999999,76.8,14.322697965118165,tvd_corrected,AH 1788.0-1866.0m → TVD 1782.8-1859.6m (correction: 5.2m)
EVD-01,136997.0,441189.0,1838.580306546855,,28.124432,2.523654,1782.7512,1859.5901999999999,76.8,14.322697965118165,tvd_corrected,AH 1788.0-1866.0m → TVD 1782.8-1859.6m (correction: 5.2m)
EVD-01,136997.0,441189.0,1838.6789445442873,,28.256138,2.531345,1782.7512,1859.5901999999999,76.8,14.322697965118165,tvd_corrected,AH 1788.0-1866.0m → TVD 1782.8-1859.6m (correction: 5.2m)
EVD-01,136997.0,441189.0,1838.77758254172,,28.481953,2.540852,1782.7512,1859.5901999999999,76.8,14.322697965118165,tvd_corrected,AH 1788.0-1866.0m → TVD 1782.8-1859.6m (correction: 5.2m)
EVD-01,136997.0,441189.0,1838.8762205391527,,28.76181,2.546074,1782.7512,1859.5901999999999,76.8,14.322697965118165,tvd_corrected,AH 1788.0-1866.0m → TVD 1782.8-1859.6m (correction: 5.2m)
EVD-01,136997.0,441189.0,1838.9748585365853,,29.094421,2.545613,1782.7512,1859.5901999999999,76.8,14.322697965118165,tvd_corrected,AH 1788.0-1866.0m → TVD 1782.8-1859.6m (correction: 5.2m)
EVD-01,136997.0,441189.0,1839.0734965340177,,29.442669,2.54415,1782.7512,1859.5901999999999,76.8,14.322697965118165,tvd_corrected,AH 1788.0-1866.0m → TVD 1782.8-1859.6m (correction: 5.2m)
EVD-01,136997.0,441189.0,1839.1721345314504,,29.747463,2.546721,1782.7512,1859.5901999999999,76.8,14.322697965118165,tvd_corrected,AH 1788.0-1866.0m → TVD 1782.8-1859.6m (correction: 5.2m)
EVD-01,136997.0,441189.0,1839.270772528883,,30.047756,2.552937,1782.7512,1859.5901999999999,76.8,14.322697965118165,tvd_corrected,AH 1788.0-1866.0m → TVD 1782.8-1859.6m (correction: 5.2m)
EVD-01,136997.0,441189.0,1839.3694105263157,,30.354244,2.558518,1782.7512,1859.5901999999999,76.8,14.322697965118165,tvd_corrected,AH 1788.0-1866.0m → TVD 1782.8-1859.6m (correction: 5.2m)
EVD-01,136997.0,441189.0,1839.4680485237482,,30.523132,2.560836,1782.7512,1859.5901999999999,76.8,14.322697965118165,tvd_corrected,AH 1788.0-1866.0m → TVD 1782.8-1859.6m (correction: 5.2m)
EVD-01,136997.0,441189.0,1839.5666865211808,,30.283192,2.558444,1782.7512,1859.5901999999999,76.8,14.322697965118165,tvd_corrected,AH 1788.0-1866.0m → TVD 1782.8-1859.6m (correction: 5.2m)
EVD-01,136997.0,441189.0,1839.6653245186135,,29.571499,2.551775,1782.7512,1859.5901999999999,76.8,14.322697965118165,tvd_corrected,AH 1788.0-1866.0m → TVD 1782.8-1859.6m (correction: 5.2m)
EVD-01,136997.0,441189.0,1839.7639625160461,,28.734154,2.542743,1782.7512,1859.5901999999999,76.8,14.322697965118165,tvd_corrected,AH 1788.0-1866.0m → TVD 1782.8-1859.6m (correction: 5.2m)
EVD-01,136997.0,441189.0,1839.8626005134788,,27.853054,2.53474,1782.7512,1859.5901999999999,76.8,14.322697965118165,tvd_corrected,AH 1788.0-1866.0m → TVD 1782.8-1859.6m (correction: 5.2m)
EVD-01,136997.0,441189.0,1839.9612385109112,,26.994949,2.531243,1782.7512,1859.5901999999999,76.8,14.322697965118165,tvd_corrected,AH 1788.0-1866.0m → TVD 1782.8-1859.6m (correction: 5.2m)
EVD-01,136997.0,441189.0,1840.059876508344,,26.188656,2.533378,1782.7512,1859.5901999999999,76.8,14.322697965118165,tvd_corrected,AH 1788.0-1866.0m → TVD 1782.8-1859.6m (correction: 5.2m)
EVD-01,136997.0,441189.0,1840.1585145057766,,25.505756,2.537179,1782.7512,1859.5901999999999,76.8,14.322697965118165,tvd_corrected,AH 1788.0-1866.0m → TVD 1782.8-1859.6m (correction: 5.2m)
EVD-01,136997.0,441189.0,1840.2571525032092,,24.990181,2.53697,1782.7512,1859.5901999999999,76.8,14.322697965118165,tvd_corrected,AH 1788.0-1866.0m → TVD 1782.8-1859.6m (correction: 5.2m)
EVD-01,136997.0,441189.0,1840.3557905006417,,24.610493,2.530799,1782.7512,1859.5901999999999,76.8,14.322697965118165,tvd_corrected,AH 1788.0-1866.0m → TVD 1782.8-1859.6m (correction: 5.2m)
EVD-01,136997.0,441189.0,1840.4544284980743,,24.320759,2.521597,1782.7512,1859.5901999999999,76.8,14.322697965118165,tvd_corrected,AH 1788.0-1866.0m → TVD 1782.8-1859.6m (correction: 5.2m)
EVD-01,136997.0,441189.0,1840.553066495507,,24.053291,2.514406,1782.7512,1859.5901999999999,76.8,14.322697965118165,tvd_corrected,AH 1788.0-1866.0m → TVD 1782.8-1859.6m (correction: 5.2m)
EVD-01,136997.0,441189.0,1840.6517044929396,,23.804447,2.512345,1782.7512,1859.5901999999999,76.8,14.322697965118165,tvd_corrected,AH 1788.0-1866.0m → TVD 1782.8-1859.6m (correction: 5.2m)
EVD-01,136997.0,441189.0,1840.750342490372,,23.591736,2.51532,1782.7512,1859.5901999999999,76.8,14.322697965118165,tvd_corrected,AH 1788.0-1866.0m → TVD 1782.8-1859.6m (correction: 5.2m)
EVD-01,136997.0,441189.0,1840.8489804878047,,23.41502,2.520803,1782.7512,1859.5901999999999,76.8,14.322697965118165,tvd_corrected,AH 1788.0-1866.0m → TVD 1782.8-1859.6m (correction: 5.2m)
EVD-01,136997.0,441189.0,1840.9476184852374,,23.286915,2.525002,1782.7512,1859.5901999999999,76.8,14.322697965118165,tvd_corrected,AH 1788.0-1866.0m → TVD 1782.8-1859.6m (correction: 5.2m)
EVD-01,136997.0,441189.0,1841.04625648267,,23.200623,2.524281,1782.7512,1859.5901999999999,76.8,14.322697965118165,tvd_corrected,AH 1788.0-1866.0m → TVD 1782.8-1859.6m (correction: 5.2m)
EVD-01,136997.0,441189.0,1841.1448944801025,,23.130875,2.518583,1782.7512,1859.5901999999999,76.8,14.322697965118165,tvd_corrected,AH 1788.0-1866.0m → TVD 1782.8-1859.6m (correction: 5.2m)
EVD-01,136997.0,441189.0,1841.2435324775352,,23.105442,2.512624,1782.7512,1859.5901999999999,76.8,14.322697965118165,tvd_corrected,AH 1788.0-1866.0m → TVD 1782.8-1859.6m (correction: 5.2m)
EVD-01,136997.0,441189.0,1841.3421704749678,,23.182758,2.508584,1782.7512,1859.5901999999999,76.8,14.322697965118165,tvd_corrected,AH 1788.0-1866.0m → TVD 1782.8-1859.6m (correction: 5.2m)
EVD-01,136997.0,441189.0,1841.4408084724005,,23.382229,2.507328,1782.7512,1859.5901999999999,76.8,14.322697965118165,tvd_corrected,AH 1788.0-1866.0m → TVD 1782.8-1859.6m (correction: 5.2m)
EVD-01,136997.0,441189.0,1841.539446469833,,23.693707,2.51164,1782.7512,1859.5901999999999,76.8,14.322697965118165,tvd_corrected,AH 1788.0-1866.0m → TVD 1782.8-1859.6m (correction: 5.2m)
EVD-01,136997.0,441189.0,1841.6380844672656,,24.104435,2.521319,1782.7512,1859.5901999999999,76.8,14.322697965118165,tvd_corrected,AH 1788.0-1866.0m → TVD 1782.8-1859.6m (correction: 5.2m)
EVD-01,136997.0,441189.0,1841.7367224646982,,24.604561,2.533144,1782.7512,1859.5901999999999,76.8,14.322697965118165,tvd_corrected,AH 1788.0-1866.0m → TVD 1782.8-1859.6m (correction: 5.2m)
EVD-01,136997.0,441189.0,1841.835360462131,,25.186985,2.543873,1782.7512,1859.5901999999999,76.8,14.322697965118165,tvd_corrected,AH 1788.0-1866.0m → TVD 1782.8-1859.6m (correction: 5.2m)
EVD-01,136997.0,441189.0,1841.9339984595633,,25.86792,2.55077,1782.7512,1859.5901999999999,76.8,14.322697965118165,tvd_corrected,AH 1788.0-1866.0m → TVD 1782.8-1859.6m (correction: 5.2m)
EVD-01,136997.0,441189.0,1842.032636456996,,26.649933,2.551355,1782.7512,1859.5901999999999,76.8,14.322697965118165,tvd_corrected,AH 1788.0-1866.0m → TVD 1782.8-1859.6m (correction: 5.2m)
EVD-01,136997.0,441189.0,1842.1312744544286,,27.541718,2.546415,1782.7512,1859.5901999999999,76.8,14.322697965118165,tvd_corrected,AH 1788.0-1866.0m → TVD 1782.8-1859.6m (correction: 5.2m)
EVD-01,136997.0,441189.0,1842.2299124518613,,28.319878,2.537639,1782.7512,1859.5901999999999,76.8,14.322697965118165,tvd_corrected,AH 1788.0-1866.0m → TVD 1782.8-1859.6m (correction: 5.2m)
EVD-01,136997.0,441189.0,1842.3285504492937,,28.732841,2.528367,1782.7512,1859.5901999999999,76.8,14.322697965118165,tvd_corrected,AH 1788.0-1866.0m → TVD 1782.8-1859.6m (correction: 5.2m)
EVD-01,136997.0,441189.0,1842.4271884467264,,28.547604,2.522967,1782.7512,1859.5901999999999,76.8,14.322697965118165,tvd_corrected,AH 1788.0-1866.0m → TVD 1782.8-1859.6m (correction: 5.2m)
EVD-01,136997.0,441189.0,1842.525826444159,,28.023632,2.520196,1782.7512,1859.5901999999999,76.8,14.322697965118165,tvd_corrected,AH 1788.0-1866.0m → TVD 1782.8-1859.6m (correction: 5.2m)
EVD-01,136997.0,441189.0,1842.6244644415917,,27.478951,2.516416,1782.7512,1859.5901999999999,76.8,14.322697965118165,tvd_corrected,AH 1788.0-1866.0m → TVD 1782.8-1859.6m (correction: 5.2m)
EVD-01,136997.0,441189.0,1842.7231024390244,,27.124771,2.514455,1782.7512,1859.5901999999999,76.8,14.322697965118165,tvd_corrected,AH 1788.0-1866.0m → TVD 1782.8-1859.6m (correction: 5.2m)
EVD-01,136997.0,441189.0,1842.8217404364568,,26.963791,2.51612,1782.7512,1859.5901999999999,76.8,14.322697965118165,tvd_corrected,AH 1788.0-1866.0m → TVD 1782.8-1859.6m (correction: 5.2m)
EVD-01,136997.0,441189.0,1842.9203784338895,,26.972263,2.518841,1782.7512,1859.5901999999999,76.8,14.322697965118165,tvd_corrected,AH 1788.0-1866.0m → TVD 1782.8-1859.6m (correction: 5.2m)
EVD-01,136997.0,441189.0,1843.0190164313221,,27.083118,2.520628,1782.7512,1859.5901999999999,76.8,14.322697965118165,tvd_corrected,AH 1788.0-1866.0m → TVD 1782.8-1859.6m (correction: 5.2m)
EVD-01,136997.0,441189.0,1843.1176544287548,,27.183254,2.520603,1782.7512,1859.5901999999999,76.8,14.322697965118165,tvd_corrected,AH 1788.0-1866.0m → TVD 1782.8-1859.6m (correction: 5.2m)
EVD-01,136997.0,441189.0,1843.2162924261872,,27.125481,2.518377,1782.7512,1859.5901999999999,76.8,14.322697965118165,tvd_corrected,AH 1788.0-1866.0m → TVD 1782.8-1859.6m (correction: 5.2m)
EVD-01,136997.0,441189.0,1843.31493042362,,26.877689,2.513445,1782.7512,1859.5901999999999,76.8,14.322697965118165,tvd_corrected,AH 1788.0-1866.0m → TVD 1782.8-1859.6m (correction: 5.2m)
EVD-01,136997.0,441189.0,1843.4135684210526,,26.515121,2.507105,1782.7512,1859.5901999999999,76.8,14.322697965118165,tvd_corrected,AH 1788.0-1866.0m → TVD 1782.8-1859.6m (correction: 5.2m)
EVD-01,136997.0,441189.0,1843.5122064184852,,26.082058,2.502573,1782.7512,1859.5901999999999,76.8,14.322697965118165,tvd_corrected,AH 1788.0-1866.0m → TVD 1782.8-1859.6m (correction: 5.2m)
EVD-01,136997.0,441189.0,1843.6108444159177,,25.579971,2.502391,1782.7512,1859.5901999999999,76.8,14.322697965118165,tvd_corrected,AH 1788.0-1866.0m → TVD 1782.8-1859.6m (correction: 5.2m)
EVD-01,136997.0,441189.0,1843.7094824133503,,25.053829,2.506707,1782.7512,1859.5901999999999,76.8,14.322697965118165,tvd_corrected,AH 1788.0-1866.0m → TVD 1782.8-1859.6m (correction: 5.2m)
EVD-01,136997.0,441189.0,1843.808120410783,,24.609703,2.513164,1782.7512,1859.5901999999999,76.8,14.322697965118165,tvd_corrected,AH 1788.0-1866.0m → TVD 1782.8-1859.6m (correction: 5.2m)
EVD-01,136997.0,441189.0,1843.9067584082156,,24.286873,2.52082,1782.7512,1859.5901999999999,76.8,14.322697965118165,tvd_corrected,AH 1788.0-1866.0m → TVD 1782.8-1859.6m (correction: 5.2m)
EVD-01,136997.0,441189.0,1844.005396405648,,24.060898,2.528135,1782.7512,1859.5901999999999,76.8,14.322697965118165,tvd_corrected,AH 1788.0-1866.0m → TVD 1782.8-1859.6m (correction: 5.2m)
EVD-01,136997.0,441189.0,1844.1040344030807,,23.974415,2.531816,1782.7512,1859.5901999999999,76.8,14.322697965118165,tvd_corrected,AH 1788.0-1866.0m → TVD 1782.8-1859.6m (correction: 5.2m)
EVD-01,136997.0,441189.0,1844.2026724005134,,23.961445,2.530943,1782.7512,1859.5901999999999,76.8,14.322697965118165,tvd_corrected,AH 1788.0-1866.0m → TVD 1782.8-1859.6m (correction: 5.2m)
EVD-01,136997.0,441189.0,1844.301310397946,,23.957989,2.52688,1782.7512,1859.5901999999999,76.8,14.322697965118165,tvd_corrected,AH 1788.0-1866.0m → TVD 1782.8-1859.6m (correction: 5.2m)
EVD-01,136997.0,441189.0,1844.3999483953785,,23.921707,2.52205,1782.7512,1859.5901999999999,76.8,14.322697965118165,tvd_corrected,AH 1788.0-1866.0m → TVD 1782.8-1859.6m (correction: 5.2m)
EVD-01,136997.0,441189.0,1844.4985863928111,,23.786732,2.518268,1782.7512,1859.5901999999999,76.8,14.322697965118165,tvd_corrected,AH 1788.0-1866.0m → TVD 1782.8-1859.6m (correction: 5.2m)
EVD-01,136997.0,441189.0,1844.5972243902438,,23.530357,2.515504,1782.7512,1859.5901999999999,76.8,14.322697965118165,tvd_corrected,AH 1788.0-1866.0m → TVD 1782.8-1859.6m (correction: 5.2m)
EVD-01,136997.0,441189.0,1844.6958623876765,,23.273457,2.512586,1782.7512,1859.5901999999999,76.8,14.322697965118165,tvd_corrected,AH 1788.0-1866.0m → TVD 1782.8-1859.6m (correction: 5.2m)
EVD-01,136997.0,441189.0,1844.794500385109,,23.094345,2.511725,1782.7512,1859.5901999999999,76.8,14.322697965118165,tvd_corrected,AH 1788.0-1866.0m → TVD 1782.8-1859.6m (correction: 5.2m)
EVD-01,136997.0,441189.0,1844.8931383825416,,23.003719,2.517272,1782.7512,1859.5901999999999,76.8,14.322697965118165,tvd_corrected,AH 1788.0-1866.0m → TVD 1782.8-1859.6m (correction: 5.2m)
EVD-01,136997.0,441189.0,1844.9917763799742,,23.187298,2.529185,1782.7512,1859.5901999999999,76.8,14.322697965118165,tvd_corrected,AH 1788.0-1866.0m → TVD 1782.8-1859.6m (correction: 5.2m)
EVD-01,136997.0,441189.0,1845.090414377407,,23.68705,2.54191,1782.7512,1859.5901999999999,76.8,14.322697965118165,tvd_corrected,AH 1788.0-1866.0m → TVD 1782.8-1859.6m (correction: 5.2m)
EVD-01,136997.0,441189.0,1845.1890523748393,,24.478176,2.549057,1782.7512,1859.5901999999999,76.8,14.322697965118165,tvd_corrected,AH 1788.0-1866.0m → TVD 1782.8-1859.6m (correction: 5.2m)
EVD-01,136997.0,441189.0,1845.287690372272,,25.434849,2.551407,1782.7512,1859.5901999999999,76.8,14.322697965118165,tvd_corrected,AH 1788.0-1866.0m → TVD 1782.8-1859.6m (correction: 5.2m)
EVD-01,136997.0,441189.0,1845.3863283697046,,26.326756,2.552356,1782.7512,1859.5901999999999,76.8,14.322697965118165,tvd_corrected,AH 1788.0-1866.0m → TVD 1782.8-1859.6m (correction: 5.2m)
EVD-01,136997.0,441189.0,1845.4849663671373,,26.969875,2.552685,1782.7512,1859.5901999999999,76.8,14.322697965118165,tvd_corrected,AH 1788.0-1866.0m → TVD 1782.8-1859.6m (correction: 5.2m)
EVD-01,136997.0,441189.0,1845.5836043645697,,27.17532,2.550674,1782.7512,1859.5901999999999,76.8,14.322697965118165,tvd_corrected,AH 1788.0-1866.0m → TVD 1782.8-1859.6m (correction: 5.2m)
EVD-01,136997.0,441189.0,1845.6822423620024,,27.054379,2.545239,1782.7512,1859.5901999999999,76.8,14.322697965118165,tvd_corrected,AH 1788.0-1866.0m → TVD 1782.8-1859.6m (correction: 5.2m)
EVD-01,136997.0,441189.0,1845.780880359435,,26.779125,2.539121,1782.7512,1859.5901999999999,76.8,14.322697965118165,tvd_corrected,AH 1788.0-1866.0m → TVD 1782.8-1859.6m (correction: 5.2m)
EVD-01,136997.0,441189.0,1845.8795183568677,,26.415054,2.536986,1782.7512,1859.5901999999999,76.8,14.322697965118165,tvd_corrected,AH 1788.0-1866.0m → TVD 1782.8-1859.6m (correction: 5.2m)
EVD-01,136997.0,441189.0,1845.9781563543002,,26.047516,2.538519,1782.7512,1859.5901999999999,76.8,14.322697965118165,tvd_corrected,AH 1788.0-1866.0m → TVD 1782.8-1859.6m (correction: 5.2m)
EVD-01,136997.0,441189.0,1846.0767943517328,,25.723862,2.537838,1782.7512,1859.5901999999999,76.8,14.322697965118165,tvd_corrected,AH 1788.0-1866.0m → TVD 1782.8-1859.6m (correction: 5.2m)
EVD-01,136997.0,441189.0,1846.1754323491655,,25.483932,2.533455,1782.7512,1859.5901999999999,76.8,14.322697965118165,tvd_corrected,AH 1788.0-1866.0m → TVD 1782.8-1859.6m (correction: 5.2m)
EVD-01,136997.0,441189.0,1846.2740703465981,,25.334278,2.526455,1782.7512,1859.5901999999999,76.8,14.322697965118165,tvd_corrected,AH 1788.0-1866.0m → TVD 1782.8-1859.6m (correction: 5.2m)
EVD-01,136997.0,441189.0,1846.3727083440308,,25.284172,2.517738,1782.7512,1859.5901999999999,76.8,14.322697965118165,tvd_corrected,AH 1788.0-1866.0m → TVD 1782.8-1859.6m (correction: 5.2m)
EVD-01,136997.0,441189.0,1846.4713463414632,,25.348396,2.51094,1782.7512,1859.5901999999999,76.8,14.322697965118165,tvd_corrected,AH 1788.0-1866.0m → TVD 1782.8-1859.6m (correction: 5.2m)
EVD-01,136997.0,441189.0,1846.569984338896,,25.513729,2.510109,1782.7512,1859.5901999999999,76.8,14.322697965118165,tvd_corrected,AH 1788.0-1866.0m → TVD 1782.8-1859.6m (correction: 5.2m)
EVD-01,136997.0,441189.0,1846.6686223363286,,25.810734,2.515504,1782.7512,1859.5901999999999,76.8,14.322697965118165,tvd_corrected,AH 1788.0-1866.0m → TVD 1782.8-1859.6m (correction: 5.2m)
EVD-01,136997.0,441189.0,1846.7672603337612,,26.279091,2.524016,1782.7512,1859.5901999999999,76.8,14.322697965118165,tvd_corrected,AH 1788.0-1866.0m → TVD 1782.8-1859.6m (correction: 5.2m)
EVD-01,136997.0,441189.0,1846.8658983311936,,26.89883,2.533624,1782.7512,1859.5901999999999,76.8,14.322697965118165,tvd_corrected,AH 1788.0-1866.0m → TVD 1782.8-1859.6m (correction: 5.2m)
EVD-01,136997.0,441189.0,1846.9645363286263,,27.725662,2.544777,1782.7512,1859.5901999999999,76.8,14.322697965118165,tvd_corrected,AH 1788.0-1866.0m → TVD 1782.8-1859.6m (correction: 5.2m)
EVD-01,136997.0,441189.0,1847.063174326059,,28.65551,2.554432,1782.7512,1859.5901999999999,76.8,14.322697965118165,tvd_corrected,AH 1788.0-1866.0m → TVD 1782.8-1859.6m (correction: 5.2m)
EVD-01,136997.0,441189.0,1847.1618123234916,,29.358658,2.5568,1782.7512,1859.5901999999999,76.8,14.322697965118165,tvd_corrected,AH 1788.0-1866.0m → TVD 1782.8-1859.6m (correction: 5.2m)
EVD-01,136997.0,441189.0,1847.260450320924,,29.577625,2.551688,1782.7512,1859.5901999999999,76.8,14.322697965118165,tvd_corrected,AH 1788.0-1866.0m → TVD 1782.8-1859.6m (correction: 5.2m)
EVD-01,136997.0,441189.0,1847.3590883183567,,29.169777,2.543061,1782.7512,1859.5901999999999,76.8,14.322697965118165,tvd_corrected,AH 1788.0-1866.0m → TVD 1782.8-1859.6m (correction: 5.2m)
EVD-01,136997.0,441189.0,1847.4577263157894,,28.447872,2.534204,1782.7512,1859.5901999999999,76.8,14.322697965118165,tvd_corrected,AH 1788.0-1866.0m → TVD 1782.8-1859.6m (correction: 5.2m)
EVD-01,136997.0,441189.0,1847.556364313222,,27.670197,2.52529,1782.7512,1859.5901999999999,76.8,14.322697965118165,tvd_corrected,AH 1788.0-1866.0m → TVD 1782.8-1859.6m (correction: 5.2m)
EVD-01,136997.0,441189.0,1847.6550023106545,,27.053192,2.516559,1782.7512,1859.5901999999999,76.8,14.322697965118165,tvd_corrected,AH 1788.0-1866.0m → TVD 1782.8-1859.6m (correction: 5.2m)
EVD-01,136997.0,441189.0,1847.7536403080871,,26.573895,2.510572,1782.7512,1859.5901999999999,76.8,14.322697965118165,tvd_corrected,AH 1788.0-1866.0m → TVD 1782.8-1859.6m (correction: 5.2m)
EVD-01,136997.0,441189.0,1847.8522783055198,,26.177917,2.508801,1782.7512,1859.5901999999999,76.8,14.322697965118165,tvd_corrected,AH 1788.0-1866.0m → TVD 1782.8-1859.6m (correction: 5.2m)
EVD-01,136997.0,441189.0,1847.9509163029525,,25.772362,2.509977,1782.7512,1859.5901999999999,76.8,14.322697965118165,tvd_corrected,AH 1788.0-1866.0m → TVD 1782.8-1859.6m (correction: 5.2m)
EVD-01,136997.0,441189.0,1848.049554300385,,25.285347,2.511279,1782.7512,1859.5901999999999,76.8,14.322697965118165,tvd_corrected,AH 1788.0-1866.0m → TVD 1782.8-1859.6m (correction: 5.2m)
EVD-01,136997.0,441189.0,1848.1481922978176,,24.819798,2.511702,1782.7512,1859.5901999999999,76.8,14.322697965118165,tvd_corrected,AH 1788.0-1866.0m → TVD 1782.8-1859.6m (correction: 5.2m)
EVD-01,136997.0,441189.0,1848.2468302952502,,24.508698,2.512639,1782.7512,1859.5901999999999,76.8,14.322697965118165,tvd_corrected,AH 1788.0-1866.0m → TVD 1782.8-1859.6m (correction: 5.2m)
EVD-01,136997.0,441189.0,1848.3454682926829,,24.30368,2.515663,1782.7512,1859.5901999999999,76.8,14.322697965118165,tvd_corrected,AH 1788.0-1866.0m → TVD 1782.8-1859.6m (correction: 5.2m)
EVD-01,136997.0,441189.0,1848.4441062901153,,24.221973,2.520082,1782.7512,1859.5901999999999,76.8,14.322697965118165,tvd_corrected,AH 1788.0-1866.0m → TVD 1782.8-1859.6m (correction: 5.2m)
EVD-01,136997.0,441189.0,1848.542744287548,,24.271374,2.524729,1782.7512,1859.5901999999999,76.8,14.322697965118165,tvd_corrected,AH 1788.0-1866.0m → TVD 1782.8-1859.6m (correction: 5.2m)
EVD-01,136997.0,441189.0,1848.6413822849806,,24.445141,2.530626,1782.7512,1859.5901999999999,76.8,14.322697965118165,tvd_corrected,AH 1788.0-1866.0m → TVD 1782.8-1859.6m (correction: 5.2m)
EVD-01,136997.0,441189.0,1848.7400202824133,,24.738384,2.537359,1782.7512,1859.5901999999999,76.8,14.322697965118165,tvd_corrected,AH 1788.0-1866.0m → TVD 1782.8-1859.6m (correction: 5.2m)
EVD-01,136997.0,441189.0,1848.8386582798457,,25.103127,2.542583,1782.7512,1859.5901999999999,76.8,14.322697965118165,tvd_corrected,AH 1788.0-1866.0m → TVD 1782.8-1859.6m (correction: 5.2m)
EVD-01,136997.0,441189.0,1848.9372962772784,,25.501415,2.543614,1782.7512,1859.5901999999999,76.8,14.322697965118165,tvd_corrected,AH 1788.0-1866.0m → TVD 1782.8-1859.6m (correction: 5.2m)
EVD-01,136997.0,441189.0,1849.035934274711,,25.862865,2.540961,1782.7512,1859.5901999999999,76.8,14.322697965118165,tvd_corrected,AH 1788.0-1866.0m → TVD 1782.8-1859.6m (correction: 5.2m)
EVD-01,136997.0,441189.0,1849.1345722721437,,26.125626,2.537204,1782.7512,1859.5901999999999,76.8,14.322697965118165,tvd_corrected,AH 1788.0-1866.0m → TVD 1782.8-1859.6m (correction: 5.2m)
EVD-01,136997.0,441189.0,1849.2332102695764,,26.335686,2.532898,1782.7512,1859.5901999999999,76.8,14.322697965118165,tvd_corrected,AH 1788.0-1866.0m → TVD 1782.8-1859.6m (correction: 5.2m)
EVD-01,136997.0,441189.0,1849.3318482670088,,26.467411,2.528354,1782.7512,1859.5901999999999,76.8,14.322697965118165,tvd_corrected,AH 1788.0-1866.0m → TVD 1782.8-1859.6m (correction: 5.2m)
EVD-01,136997.0,441189.0,1849.4304862644415,,26.504654,2.524745,1782.7512,1859.5901999999999,76.8,14.322697965118165,tvd_corrected,AH 1788.0-1866.0m → TVD 1782.8-1859.6m (correction: 5.2m)
EVD-01,136997.0,441189.0,1849.5291242618741,,26.464439,2.524296,1782.7512,1859.5901999999999,76.8,14.322697965118165,tvd_corrected,AH 1788.0-1866.0m → TVD 1782.8-1859.6m (correction: 5.2m)
EVD-01,136997.0,441189.0,1849.6277622593066,,26.351898,2.525295,1782.7512,1859.5901999999999,76.8,14.322697965118165,tvd_corrected,AH 1788.0-1866.0m → TVD 1782.8-1859.6m (correction: 5.2m)
EVD-01,136997.0,441189.0,1849.7264002567392,,26.192356,2.524458,1782.7512,1859.5901999999999,76.8,14.322697965118165,tvd_corrected,AH 1788.0-1866.0m → TVD 1782.8-1859.6m (correction: 5.2m)
EVD-01,136997.0,441189.0,1849.825038254172,,25.979702,2.522271,1782.7512,1859.5901999999999,76.8,14.322697965118165,tvd_corrected,AH 1788.0-1866.0m → TVD 1782.8-1859.6m (correction: 5.2m)
EVD-01,136997.0,441189.0,1849.9236762516045,,25.730316,2.519771,1782.7512,1859.5901999999999,76.8,14.322697965118165,tvd_corrected,AH 1788.0-1866.0m → TVD 1782.8-1859.6m (correction: 5.2m)
EVD-01,136997.0,441189.0,1850.0223142490372,,25.466396,2.516437,1782.7512,1859.5901999999999,76.8,14.322697965118165,tvd_corrected,AH 1788.0-1866.0m → TVD 1782.8-1859.6m (correction: 5.2m)
EVD-01,136997.0,441189.0,1850.1209522464696,,25.10844,2.511703,1782.7512,1859.5901999999999,76.8,14.322697965118165,tvd_corrected,AH 1788.0-1866.0m → TVD 1782.8-1859.6m (correction: 5.2m)
EVD-01,136997.0,441189.0,1850.2195902439023,,24.59605,2.507337,1782.7512,1859.5901999999999,76.8,14.322697965118165,tvd_corrected,AH 1788.0-1866.0m → TVD 1782.8-1859.6m (correction: 5.2m)
EVD-01,136997.0,441189.0,1850.318228241335,,24.030968,2.507006,1782.7512,1859.5901999999999,76.8,14.322697965118165,tvd_corrected,AH 1788.0-1866.0m → TVD 1782.8-1859.6m (correction: 5.2m)
EVD-01,136997.0,441189.0,1850.4168662387676,,23.796017,2.512461,1782.7512,1859.5901999999999,76.8,14.322697965118165,tvd_corrected,AH 1788.0-1866.0m → TVD 1782.8-1859.6m (correction: 5.2m)
EVD-01,136997.0,441189.0,1850.5155042362,,24.032104,2.521305,1782.7512,1859.5901999999999,76.8,14.322697965118165,tvd_corrected,AH 1788.0-1866.0m → TVD 1782.8-1859.6m (correction: 5.2m)
EVD-01,136997.0,441189.0,1850.6141422336327,,24.471992,2.528727,1782.7512,1859.5901999999999,76.8,14.322697965118165,tvd_corrected,AH 1788.0-1866.0m → TVD 1782.8-1859.6m (correction: 5.2m)
EVD-01,136997.0,441189.0,1850.7127802310654,,25.082272,2.531349,1782.7512,1859.5901999999999,76.8,14.322697965118165,tvd_corrected,AH 1788.0-1866.0m → TVD 1782.8-1859.6m (correction: 5.2m)
EVD-01,136997.0,441189.0,1850.811418228498,,25.690899,2.529056,1782.7512,1859.5901999999999,76.8,14.322697965118165,tvd_corrected,AH 1788.0-1866.0m → TVD 1782.8-1859.6m (correction: 5.2m)
EVD-01,136997.0,441189.0,1850.9100562259305,,26.10825,2.524436,1782.7512,1859.5901999999999,76.8,14.322697965118165,tvd_corrected,AH 1788.0-1866.0m → TVD 1782.8-1859.6m (correction: 5.2m)
EVD-01,136997.0,441189.0,1851.0086942233631,,26.163368,2.520914,1782.7512,1859.5901999999999,76.8,14.322697965118165,tvd_corrected,AH 1788.0-1866.0m → TVD 1782.8-1859.6m (correction: 5.2m)
EVD-01,136997.0,441189.0,1851.1073322207958,,25.94648,2.518949,1782.7512,1859.5901999999999,76.8,14.322697965118165,tvd_corrected,AH 1788.0-1866.0m → TVD 1782.8-1859.6m (correction: 5.2m)
EVD-01,136997.0,441189.0,1851.2059702182285,,25.708801,2.517033,1782.7512,1859.5901999999999,76.8,14.322697965118165,tvd_corrected,AH 1788.0-1866.0m → TVD 1782.8-1859.6m (correction: 5.2m)
EVD-01,136997.0,441189.0,1851.304608215661,,25.480522,2.515961,1782.7512,1859.5901999999999,76.8,14.322697965118165,tvd_corrected,AH 1788.0-1866.0m → TVD 1782.8-1859.6m (correction: 5.2m)
EVD-01,136997.0,441189.0,1851.4032462130936,,25.354218,2.517896,1782.7512,1859.5901999999999,76.8,14.322697965118165,tvd_corrected,AH 1788.0-1866.0m → TVD 1782.8-1859.6m (correction: 5.2m)
EVD-01,136997.0,441189.0,1851.5018842105262,,25.398987,2.524075,1782.7512,1859.5901999999999,76.8,14.322697965118165,tvd_corrected,AH 1788.0-1866.0m → TVD 1782.8-1859.6m (correction: 5.2m)
EVD-01,136997.0,441189.0,1851.6005222079589,,25.76305,2.532941,1782.7512,1859.5901999999999,76.8,14.322697965118165,tvd_corrected,AH 1788.0-1866.0m → TVD 1782.8-1859.6m (correction: 5.2m)
EVD-01,136997.0,441189.0,1851.6991602053913,,26.466087,2.540263,1782.7512,1859.5901999999999,76.8,14.322697965118165,tvd_corrected,AH 1788.0-1866.0m → TVD 1782.8-1859.6m (correction: 5.2m)
EVD-01,136997.0,441189.0,1851.797798202824,,27.514751,2.543031,1782.7512,1859.5901999999999,76.8,14.322697965118165,tvd_corrected,AH 1788.0-1866.0m → TVD 1782.8-1859.6m (correction: 5.2m)
EVD-01,136997.0,441189.0,1851.8964362002566,,29.044582,2.543749,1782.7512,1859.5901999999999,76.8,14.322697965118165,tvd_corrected,AH 1788.0-1866.0m → TVD 1782.8-1859.6m (correction: 5.2m)
EVD-01,136997.0,441189.0,1851.9950741976893,,30.942535,2.545336,1782.7512,1859.5901999999999,76.8,14.322697965118165,tvd_corrected,AH 1788.0-1866.0m → TVD 1782.8-1859.6m (correction: 5.2m)
EVD-01,136997.0,441189.0,1852.0937121951217,,33.05349,2.549091,1782.7512,1859.5901999999999,76.8,14.322697965118165,tvd_corrected,AH 1788.0-1866.0m → TVD 1782.8-1859.6m (correction: 5.2m)
EVD-01,136997.0,441189.0,1852.1923501925544,,34.97139,2.556323,1782.7512,1859.5901999999999,76.8,14.322697965118165,tvd_corrected,AH 1788.0-1866.0m → TVD 1782.8-1859.6m (correction: 5.2m)
EVD-01,136997.0,441189.0,1852.290988189987,,36.397095,2.566769,1782.7512,1859.5901999999999,76.8,14.322697965118165,tvd_corrected,AH 1788.0-1866.0m → TVD 1782.8-1859.6m (correction: 5.2m)
EVD-01,136997.0,441189.0,1852.3896261874197,,36.906754,2.577075,1782.7512,1859.5901999999999,76.8,14.322697965118165,tvd_corrected,AH 1788.0-1866.0m → TVD 1782.8-1859.6m (correction: 5.2m)
EVD-01,136997.0,441189.0,1852.4882641848521,,36.498497,2.583427,1782.7512,1859.5901999999999,76.8,14.322697965118165,tvd_corrected,AH 1788.0-1866.0m → TVD 1782.8-1859.6m (correction: 5.2m)
EVD-01,136997.0,441189.0,1852.5869021822848,,35.575943,2.585701,1782.7512,1859.5901999999999,76.8,14.322697965118165,tvd_corrected,AH 1788.0-1866.0m → TVD 1782.8-1859.6m (correction: 5.2m)
EVD-01,136997.0,441189.0,1852.6855401797175,,34.363449,2.58725,1782.7512,1859.5901999999999,76.8,14.322697965118165,tvd_corrected,AH 1788.0-1866.0m → TVD 1782.8-1859.6m (correction: 5.2m)
EVD-01,136997.0,441189.0,1852.7841781771501,,33.169319,2.590073,1782.7512,1859.5901999999999,76.8,14.322697965118165,tvd_corrected,AH 1788.0-1866.0m → TVD 1782.8-1859.6m (correction: 5.2m)
EVD-01,136997.0,441189.0,1852.8828161745828,,32.102493,2.5934,1782.7512,1859.5901999999999,76.8,14.322697965118165,tvd_corrected,AH 1788.0-1866.0m → TVD 1782.8-1859.6m (correction: 5.2m)
EVD-01,136997.0,441189.0,1852.9814541720152,,31.230392,2.595177,1782.7512,1859.5901999999999,76.8,14.322697965118165,tvd_corrected,AH 1788.0-1866.0m → TVD 1782.8-1859.6m (correction: 5.2m)
EVD-01,136997.0,441189.0,1853.0800921694479,,30.465393,2.595348,1782.7512,1859.5901999999999,76.8,14.322697965118165,tvd_corrected,AH 1788.0-1866.0m → TVD 1782.8-1859.6m (correction: 5.2m)
EVD-01,136997.0,441189.0,1853.1787301668805,,29.778393,2.593244,1782.7512,1859.5901999999999,76.8,14.322697965118165,tvd_corrected,AH 1788.0-1866.0m → TVD 1782.8-1859.6m (correction: 5.2m)
EVD-01,136997.0,441189.0,1853.277368164313,,29.42767,2.588344,1782.7512,1859.5901999999999,76.8,14.322697965118165,tvd_corrected,AH 1788.0-1866.0m → TVD 1782.8-1859.6m (correction: 5.2m)
EVD-01,136997.0,441189.0,1853.3760061617456,,29.816113,2.585132,1782.7512,1859.5901999999999,76.8,14.322697965118165,tvd_corrected,AH 1788.0-1866.0m → TVD 1782.8-1859.6m (correction: 5.2m)
EVD-01,136997.0,441189.0,1853.4746441591783,,30.988739,2.58719,1782.7512,1859.5901999999999,76.8,14.322697965118165,tvd_corrected,AH 1788.0-1866.0m → TVD 1782.8-1859.6m (correction: 5.2m)
EVD-01,136997.0,441189.0,1853.573282156611,,33.07373,2.591899,1782.7512,1859.5901999999999,76.8,14.322697965118165,tvd_corrected,AH 1788.0-1866.0m → TVD 1782.8-1859.6m (correction: 5.2m)
EVD-01,136997.0,441189.0,1853.6719201540436,,35.651833,2.597552,1782.7512,1859.5901999999999,76.8,14.322697965118165,tvd_corrected,AH 1788.0-1866.0m → TVD 1782.8-1859.6m (correction: 5.2m)
EVD-01,136997.0,441189.0,1853.770558151476,,38.32251,2.602041,1782.7512,1859.5901999999999,76.8,14.322697965118165,tvd_corrected,AH 1788.0-1866.0m → TVD 1782.8-1859.6m (correction: 5.2m)
EVD-01,136997.0,441189.0,1853.8691961489087,,40.738045,2.602252,1782.7512,1859.5901999999999,76.8,14.322697965118165,tvd_corrected,AH 1788.0-1866.0m → TVD 1782.8-1859.6m (correction: 5.2m)
EVD-01,136997.0,441189.0,1853.9678341463414,,42.464485,2.598214,1782.7512,1859.5901999999999,76.8,14.322697965118165,tvd_corrected,AH 1788.0-1866.0m → TVD 1782.8-1859.6m (correction: 5.2m)
EVD-01,136997.0,441189.0,1854.066472143774,,43.352997,2.591717,1782.7512,1859.5901999999999,76.8,14.322697965118165,tvd_corrected,AH 1788.0-1866.0m → TVD 1782.8-1859.6m (correction: 5.2m)
EVD-01,136997.0,441189.0,1854.1651101412065,,42.632401,2.583541,1782.7512,1859.5901999999999,76.8,14.322697965118165,tvd_corrected,AH 1788.0-1866.0m → TVD 1782.8-1859.6m (correction: 5.2m)
EVD-01,136997.0,441189.0,1854.2637481386391,,41.021294,2.572213,1782.7512,1859.5901999999999,76.8,14.322697965118165,tvd_corrected,AH 1788.0-1866.0m → TVD 1782.8-1859.6m (correction: 5.2m)
EVD-01,136997.0,441189.0,1854.3623861360718,,39.263359,2.557573,1782.7512,1859.5901999999999,76.8,14.322697965118165,tvd_corrected,AH 1788.0-1866.0m → TVD 1782.8-1859.6m (correction: 5.2m)
EVD-01,136997.0,441189.0,1854.4610241335045,,37.303375,2.542691,1782.7512,1859.5901999999999,76.8,14.322697965118165,tvd_corrected,AH 1788.0-1866.0m → TVD 1782.8-1859.6m (correction: 5.2m)
EVD-01,136997.0,441189.0,1854.5596621309369,,35.357407,2.53114,1782.7512,1859.5901999999999,76.8,14.322697965118165,tvd_corrected,AH 1788.0-1866.0m → TVD 1782.8-1859.6m (correction: 5.2m)
EVD-01,136997.0,441189.0,1854.6583001283695,,33.60289,2.522861,1782.7512,1859.5901999999999,76.8,14.322697965118165,tvd_corrected,AH 1788.0-1866.0m → TVD 1782.8-1859.6m (correction: 5.2m)
EVD-01,136997.0,441189.0,1854.7569381258022,,32.129166,2.513613,1782.7512,1859.5901999999999,76.8,14.322697965118165,tvd_corrected,AH 1788.0-1866.0m → TVD 1782.8-1859.6m (correction: 5.2m)
EVD-01,136997.0,441189.0,1854.8555761232349,,30.90144,2.504236,1782.7512,1859.5901999999999,76.8,14.322697965118165,tvd_corrected,AH 1788.0-1866.0m → TVD 1782.8-1859.6m (correction: 5.2m)
EVD-01,136997.0,441189.0,1854.9542141206673,,29.860088,2.499217,1782.7512,1859.5901999999999,76.8,14.322697965118165,tvd_corrected,AH 1788.0-1866.0m → TVD 1782.8-1859.6m (correction: 5.2m)
EVD-01,136997.0,441189.0,1855.0528521181,,29.048183,2.499287,1782.7512,1859.5901999999999,76.8,14.322697965118165,tvd_corrected,AH 1788.0-1866.0m → TVD 1782.8-1859.6m (correction: 5.2m)
EVD-01,136997.0,441189.0,1855.1514901155326,,28.471638,2.502105,1782.7512,1859.5901999999999,76.8,14.322697965118165,tvd_corrected,AH 1788.0-1866.0m → TVD 1782.8-1859.6m (correction: 5.2m)
EVD-01,136997.0,441189.0,1855.2501281129653,,28.152042,2.504904,1782.7512,1859.5901999999999,76.8,14.322697965118165,tvd_corrected,AH 1788.0-1866.0m → TVD 1782.8-1859.6m (correction: 5.2m)
EVD-01,136997.0,441189.0,1855.3487661103977,,28.076694,2.507063,1782.7512,1859.5901999999999,76.8,14.322697965118165,tvd_corrected,AH 1788.0-1866.0m → TVD 1782.8-1859.6m (correction: 5.2m)
EVD-01,136997.0,441189.0,1855.4474041078304,,28.11422,2.508937,1782.7512,1859.5901999999999,76.8,14.322697965118165,tvd_corrected,AH 1788.0-1866.0m → TVD 1782.8-1859.6m (correction: 5.2m)
EVD-01,136997.0,441189.0,1855.546042105263,,28.158794,2.510417,1782.7512,1859.5901999999999,76.8,14.322697965118165,tvd_corrected,AH 1788.0-1866.0m → TVD 1782.8-1859.6m (correction: 5.2m)
EVD-01,136997.0,441189.0,1855.6446801026957,,27.93895,2.511024,1782.7512,1859.5901999999999,76.8,14.322697965118165,tvd_corrected,AH 1788.0-1866.0m → TVD 1782.8-1859.6m (correction: 5.2m)
EVD-01,136997.0,441189.0,1855.7433181001281,,27.454903,2.51263,1782.7512,1859.5901999999999,76.8,14.322697965118165,tvd_corrected,AH 1788.0-1866.0m → TVD 1782.8-1859.6m (correction: 5.2m)
EVD-01,136997.0,441189.0,1855.8419560975608,,26.955177,2.518774,1782.7512,1859.5901999999999,76.8,14.322697965118165,tvd_corrected,AH 1788.0-1866.0m → TVD 1782.8-1859.6m (correction: 5.2m)
EVD-01,136997.0,441189.0,1855.9405940949935,,26.663353,2.529175,1782.7512,1859.5901999999999,76.8,14.322697965118165,tvd_corrected,AH 1788.0-1866.0m → TVD 1782.8-1859.6m (correction: 5.2m)
EVD-01,136997.0,441189.0,1856.0392320924261,,26.580273,2.539707,1782.7512,1859.5901999999999,76.8,14.322697965118165,tvd_corrected,AH 1788.0-1866.0m → TVD 1782.8-1859.6m (correction: 5.2m)
EVD-01,136997.0,441189.0,1856.1378700898586,,26.61092,2.544477,1782.7512,1859.5901999999999,76.8,14.322697965118165,tvd_corrected,AH 1788.0-1866.0m → TVD 1782.8-1859.6m (correction: 5.2m)
EVD-01,136997.0,441189.0,1856.2365080872912,,26.803104,2.541287,1782.7512,1859.5901999999999,76.8,14.322697965118165,tvd_corrected,AH 1788.0-1866.0m → TVD 1782.8-1859.6m (correction: 5.2m)
EVD-01,136997.0,441189.0,1856.3351460847239,,27.191677,2.532074,1782.7512,1859.5901999999999,76.8,14.322697965118165,tvd_corrected,AH 1788.0-1866.0m → TVD 1782.8-1859.6m (correction: 5.2m)
EVD-01,136997.0,441189.0,1856.4337840821565,,27.834984,2.521049,1782.7512,1859.5901999999999,76.8,14.322697965118165,tvd_corrected,AH 1788.0-1866.0m → TVD 1782.8-1859.6m (correction: 5.2m)
EVD-01,136997.0,441189.0,1856.5324220795892,,28.62669,2.510502,1782.7512,1859.5901999999999,76.8,14.322697965118165,tvd_corrected,AH 1788.0-1866.0m → TVD 1782.8-1859.6m (correction: 5.2m)
EVD-01,136997.0,441189.0,1856.6310600770216,,29.372967,2.502413,1782.7512,1859.5901999999999,76.8,14.322697965118165,tvd_corrected,AH 1788.0-1866.0m → TVD 1782.8-1859.6m (correction: 5.2m)
EVD-01,136997.0,441189.0,1856.7296980744543,,29.880909,2.501805,1782.7512,1859.5901999999999,76.8,14.322697965118165,tvd_corrected,AH 1788.0-1866.0m → TVD 1782.8-1859.6m (correction: 5.2m)
EVD-01,136997.0,441189.0,1856.828336071887,,30.117863,2.510082,1782.7512,1859.5901999999999,76.8,14.322697965118165,tvd_corrected,AH 1788.0-1866.0m → TVD 1782.8-1859.6m (correction: 5.2m)
EVD-01,136997.0,441189.0,1856.9269740693196,,30.224659,2.5233,1782.7512,1859.5901999999999,76.8,14.322697965118165,tvd_corrected,AH 1788.0-1866.0m → TVD 1782.8-1859.6m (correction: 5.2m)
EVD-01,136997.0,441189.0,1857.025612066752,,30.197582,2.533503,1782.7512,1859.5901999999999,76.8,14.322697965118165,tvd_corrected,AH 1788.0-1866.0m → TVD 1782.8-1859.6m (correction: 5.2m)
EVD-01,136997.0,441189.0,1857.1242500641847,,30.092609,2.536368,1782.7512,1859.5901999999999,76.8,14.322697965118165,tvd_corrected,AH 1788.0-1866.0m → TVD 1782.8-1859.6m (correction: 5.2m)
EVD-01,136997.0,441189.0,1857.2228880616174,,29.997402,2.53378,1782.7512,1859.5901999999999,76.8,14.322697965118165,tvd_corrected,AH 1788.0-1866.0m → TVD 1782.8-1859.6m (correction: 5.2m)
EVD-01,136997.0,441189.0,1857.32152605905,,29.96941,2.530399,1782.7512,1859.5901999999999,76.8,14.322697965118165,tvd_corrected,AH 1788.0-1866.0m → TVD 1782.8-1859.6m (correction: 5.2m)
EVD-01,136997.0,441189.0,1857.4201640564825,,30.012558,2.528298,1782.7512,1859.5901999999999,76.8,14.322697965118165,tvd_corrected,AH 1788.0-1866.0m → TVD 1782.8-1859.6m (correction: 5.2m)
EVD-01,136997.0,441189.0,1857.5188020539151,,30.045094,2.526165,1782.7512,1859.5901999999999,76.8,14.322697965118165,tvd_corrected,AH 1788.0-1866.0m → TVD 1782.8-1859.6m (correction: 5.2m)
EVD-01,136997.0,441189.0,1857.6174400513478,,30.0928,2.525586,1782.7512,1859.5901999999999,76.8,14.322697965118165,tvd_corrected,AH 1788.0-1866.0m → TVD 1782.8-1859.6m (correction: 5.2m)
EVD-01,136997.0,441189.0,1857.7160780487804,,30.155197,2.528515,1782.7512,1859.5901999999999,76.8,14.322697965118165,tvd_corrected,AH 1788.0-1866.0m → TVD 1782.8-1859.6m (correction: 5.2m)
EVD-01,136997.0,441189.0,1857.8147160462129,,30.179993,2.533702,1782.7512,1859.5901999999999,76.8,14.322697965118165,tvd_corrected,AH 1788.0-1866.0m → TVD 1782.8-1859.6m (correction: 5.2m)
EVD-01,136997.0,441189.0,1857.9133540436455,,30.179756,2.537673,1782.7512,1859.5901999999999,76.8,14.322697965118165,tvd_corrected,AH 1788.0-1866.0m → TVD 1782.8-1859.6m (correction: 5.2m)
EVD-01,136997.0,441189.0,1858.0119920410782,,30.177536,2.537063,1782.7512,1859.5901999999999,76.8,14.322697965118165,tvd_corrected,AH 1788.0-1866.0m → TVD 1782.8-1859.6m (correction: 5.2m)
EVD-01,136997.0,441189.0,1858.1106300385109,,30.15929,2.531369,1782.7512,1859.5901999999999,76.8,14.322697965118165,tvd_corrected,AH 1788.0-1866.0m → TVD 1782.8-1859.6m (correction: 5.2m)
EVD-01,136997.0,441189.0,1858.2092680359433,,30.065258,2.523767,1782.7512,1859.5901999999999,76.8,14.322697965118165,tvd_corrected,AH 1788.0-1866.0m → TVD 1782.8-1859.6m (correction: 5.2m)
EVD-01,136997.0,441189.0,1858.307906033376,,29.883553,2.518168,1782.7512,1859.5901999999999,76.8,14.322697965118165,tvd_corrected,AH 1788.0-1866.0m → TVD 1782.8-1859.6m (correction: 5.2m)
EVD-01,136997.0,441189.0,1858.4065440308086,,29.771149,2.514893,1782.7512,1859.5901999999999,76.8,14.322697965118165,tvd_corrected,AH 1788.0-1866.0m → TVD 1782.8-1859.6m (correction: 5.2m)
EVD-01,136997.0,441189.0,1858.5051820282413,,29.917,2.510394,1782.7512,1859.5901999999999,76.8,14.322697965118165,tvd_corrected,AH 1788.0-1866.0m → TVD 1782.8-1859.6m (correction: 5.2m)
EVD-01,136997.0,441189.0,1858.6038200256737,,30.446991,2.502332,1782.7512,1859.5901999999999,76.8,14.322697965118165,tvd_corrected,AH 1788.0-1866.0m → TVD 1782.8-1859.6m (correction: 5.2m)
EVD-01,136997.0,441189.0,1858.7024580231064,,31.172836,2.493564,1782.7512,1859.5901999999999,76.8,14.322697965118165,tvd_corrected,AH 1788.0-1866.0m → TVD 1782.8-1859.6m (correction: 5.2m)
EVD-01,136997.0,441189.0,1858.801096020539,,31.760948,2.485209,1782.7512,1859.5901999999999,76.8,14.322697965118165,tvd_corrected,AH 1788.0-1866.0m → TVD 1782.8-1859.6m (correction: 5.2m)
EVD-01,136997.0,441189.0,1858.8997340179717,,31.752033,2.478255,1782.7512,1859.5901999999999,76.8,14.322697965118165,tvd_corrected,AH 1788.0-1866.0m → TVD 1782.8-1859.6m (correction: 5.2m)
EVD-01,136997.0,441189.0,1858.9983720154041,,31.240005,2.477427,1782.7512,1859.5901999999999,76.8,14.322697965118165,tvd_corrected,AH 1788.0-1866.0m → TVD 1782.8-1859.6m (correction: 5.2m)
EVD-01,136997.0,441189.0,1859.0970100128368,,30.405266,2.483628,1782.7512,1859.5901999999999,76.8,14.322697965118165,tvd_corrected,AH 1788.0-1866.0m → TVD 1782.8-1859.6m (correction: 5.2m)
EVD-01,136997.0,441189.0,1859.1956480102695,,29.691143,2.492898,1782.7512,1859.5901999999999,76.8,14.322697965118165,tvd_corrected,AH 1788.0-1866.0m → TVD 1782.8-1859.6m (correction: 5.2m)
EVD-01,136997.0,441189.0,1859.294286007702,,29.074596,2.501645,1782.7512,1859.5901999999999,76.8,14.322697965118165,tvd_corrected,AH 1788.0-1866.0m → TVD 1782.8-1859.6m (correction: 5.2m)
EVD-01,136997.0,441189.0,1859.3929240051348,,28.552967,2.508244,1782.7512,1859.5901999999999,76.8,14.322697965118165,tvd_corrected,AH 1788.0-1866.0m → TVD 1782.8-1859.6m (correction: 5.2m)
EVD-01,136997.0,441189.0,1859.4915620025672,,28.034004,2.515739,1782.7512,1859.5901999999999,76.8,14.322697965118165,tvd_corrected,AH 1788.0-1866.0m → TVD 1782.8-1859.6m (correction: 5.2m)
EVD-01,136997.0,441189.0,1859.5901999999999,,27.411743,2.527973,1782.7512,1859.5901999999999,76.8,14.322697965118165,tvd_corrected,AH 1788.0-1866.0m → TVD 1782.8-1859.6m (correction: 5.2m)
PKP-01,118503.09,453402.51,2207.245625,25.1636,183.83432,2.606376,2207.245625,2271.6459574468086,64.4,22.716662832999923,tvd_corrected,AH 2530.5-2603.5m → TVD 2207.2-2271.6m (correction: 323.3m)
PKP-01,118503.09,453402.51,2207.3339656480753,23.3568,163.399353,2.606573,2207.245625,2271.6459574468086,64.4,22.716662832999923,tvd_corrected,AH 2530.5-2603.5m → TVD 2207.2-2271.6m (correction: 323.3m)
PKP-01,118503.09,453402.51,2207.4223062961505,19.8636,137.626801,2.632861,2207.245625,2271.6459574468086,64.4,22.716662832999923,tvd_corrected,AH 2530.5-2603.5m → TVD 2207.2-2271.6m (correction: 323.3m)
PKP-01,118503.09,453402.51,2207.5106469442258,15.5006,111.548416,2.672827,2207.245625,2271.6459574468086,64.4,22.716662832999923,tvd_corrected,AH 2530.5-2603.5m → TVD 2207.2-2271.6m (correction: 323.3m)
PKP-01,118503.09,453402.51,2207.5989875923005,11.5264,89.630951,2.70239,2207.245625,2271.6459574468086,64.4,22.716662832999923,tvd_corrected,AH 2530.5-2603.5m → TVD 2207.2-2271.6m (correction: 323.3m)
PKP-01,118503.09,453402.51,2207.687328240376,9.0336,75.091339,2.705823,2207.245625,2271.6459574468086,64.4,22.716662832999923,tvd_corrected,AH 2530.5-2603.5m → TVD 2207.2-2271.6m (correction: 323.3m)
PKP-01,118503.09,453402.51,2207.775668888451,7.9051,67.762833,2.693553,2207.245625,2271.6459574468086,64.4,22.716662832999923,tvd_corrected,AH 2530.5-2603.5m → TVD 2207.2-2271.6m (correction: 323.3m)
PKP-01,118503.09,453402.51,2207.8640095365263,7.570399999999999,65.682175,2.677958,2207.245625,2271.6459574468086,64.4,22.716662832999923,tvd_corrected,AH 2530.5-2603.5m → TVD 2207.2-2271.6m (correction: 323.3m)
PKP-01,118503.09,453402.51,2207.9523501846015,7.6067,66.38678,2.664226,2207.245625,2271.6459574468086,64.4,22.716662832999923,tvd_corrected,AH 2530.5-2603.5m → TVD 2207.2-2271.6m (correction: 323.3m)
PKP-01,118503.09,453402.51,2208.040690832677,7.804600000000001,68.530579,2.655702,2207.245625,2271.6459574468086,64.4,22.716662832999923,tvd_corrected,AH 2530.5-2603.5m → TVD 2207.2-2271.6m (correction: 323.3m)
PKP-01,118503.09,453402.51,2208.129031480752,8.0298,71.464249,2.654428,2207.245625,2271.6459574468086,64.4,22.716662832999923,tvd_corrected,AH 2530.5-2603.5m → TVD 2207.2-2271.6m (correction: 323.3m)
PKP-01,118503.09,453402.51,2208.217372128827,8.1883,74.42189,2.65719,2207.245625,2271.6459574468086,64.4,22.716662832999923,tvd_corrected,AH 2530.5-2603.5m → TVD 2207.2-2271.6m (correction: 323.3m)
PKP-01,118503.09,453402.51,2208.305712776902,8.2387,76.972092,2.657823,2207.245625,2271.6459574468086,64.4,22.716662832999923,tvd_corrected,AH 2530.5-2603.5m → TVD 2207.2-2271.6m (correction: 323.3m)
PKP-01,118503.09,453402.51,2208.3940534249773,8.1706,78.910645,2.654907,2207.245625,2271.6459574468086,64.4,22.716662832999923,tvd_corrected,AH 2530.5-2603.5m → TVD 2207.2-2271.6m (correction: 323.3m)
PKP-01,118503.09,453402.51,2208.4823940730525,8.0309,80.206619,2.65292,2207.245625,2271.6459574468086,64.4,22.716662832999923,tvd_corrected,AH 2530.5-2603.5m → TVD 2207.2-2271.6m (correction: 323.3m)
PKP-01,118503.09,453402.51,2208.570734721128,7.8848,81.334122,2.653485,2207.245625,2271.6459574468086,64.4,22.716662832999923,tvd_corrected,AH 2530.5-2603.5m → TVD 2207.2-2271.6m (correction: 323.3m)
PKP-01,118503.09,453402.51,2208.659075369203,7.807600000000001,83.429245,2.65755,2207.245625,2271.6459574468086,64.4,22.716662832999923,tvd_corrected,AH 2530.5-2603.5m → TVD 2207.2-2271.6m (correction: 323.3m)
PKP-01,118503.09,453402.51,2208.7474160172783,7.8805,88.076691,2.66914,2207.245625,2271.6459574468086,64.4,22.716662832999923,tvd_corrected,AH 2530.5-2603.5m → TVD 2207.2-2271.6m (correction: 323.3m)
PKP-01,118503.09,453402.51,2208.8357566653535,8.2584,96.419708,2.687813,2207.245625,2271.6459574468086,64.4,22.716662832999923,tvd_corrected,AH 2530.5-2603.5m → TVD 2207.2-2271.6m (correction: 323.3m)
PKP-01,118503.09,453402.51,2208.9240973134283,9.1103,108.175262,2.708439,2207.245625,2271.6459574468086,64.4,22.716662832999923,tvd_corrected,AH 2530.5-2603.5m → TVD 2207.2-2271.6m (correction: 323.3m)
PKP-01,118503.09,453402.51,2209.0124379615036,10.4332,121.976776,2.729427,2207.245625,2271.6459574468086,64.4,22.716662832999923,tvd_corrected,AH 2530.5-2603.5m → TVD 2207.2-2271.6m (correction: 323.3m)
PKP-01,118503.09,453402.51,2209.100778609579,11.7851,134.608765,2.747727,2207.245625,2271.6459574468086,64.4,22.716662832999923,tvd_corrected,AH 2530.5-2603.5m → TVD 2207.2-2271.6m (correction: 323.3m)
PKP-01,118503.09,453402.51,2209.189119257654,12.4231,141.857239,2.758625,2207.245625,2271.6459574468086,64.4,22.716662832999923,tvd_corrected,AH 2530.5-2603.5m → TVD 2207.2-2271.6m (correction: 323.3m)
PKP-01,118503.09,453402.51,2209.2774599057293,11.9097,141.52063,2.762602,2207.245625,2271.6459574468086,64.4,22.716662832999923,tvd_corrected,AH 2530.5-2603.5m → TVD 2207.2-2271.6m (correction: 323.3m)
PKP-01,118503.09,453402.51,2209.3658005538045,10.2392,133.592438,2.763156,2207.245625,2271.6459574468086,64.4,22.716662832999923,tvd_corrected,AH 2530.5-2603.5m → TVD 2207.2-2271.6m (correction: 323.3m)
PKP-01,118503.09,453402.51,2209.45414120188,7.9067,120.302567,2.762791,2207.245625,2271.6459574468086,64.4,22.716662832999923,tvd_corrected,AH 2530.5-2603.5m → TVD 2207.2-2271.6m (correction: 323.3m)
PKP-01,118503.09,453402.51,2209.5424818499546,5.7097,104.769028,2.761007,2207.245625,2271.6459574468086,64.4,22.716662832999923,tvd_corrected,AH 2530.5-2603.5m → TVD 2207.2-2271.6m (correction: 323.3m)
PKP-01,118503.09,453402.51,2209.63082249803,4.2289,90.49321,2.756817,2207.245625,2271.6459574468086,64.4,22.716662832999923,tvd_corrected,AH 2530.5-2603.5m → TVD 2207.2-2271.6m (correction: 323.3m)
PKP-01,118503.09,453402.51,2209.719163146105,3.3911,79.224899,2.750431,2207.245625,2271.6459574468086,64.4,22.716662832999923,tvd_corrected,AH 2530.5-2603.5m → TVD 2207.2-2271.6m (correction: 323.3m)
PKP-01,118503.09,453402.51,2209.8075037941803,3.003,71.796417,2.742256,2207.245625,2271.6459574468086,64.4,22.716662832999923,tvd_corrected,AH 2530.5-2603.5m → TVD 2207.2-2271.6m (correction: 323.3m)
PKP-01,118503.09,453402.51,2209.8958444422556,2.9222,67.903137,2.734034,2207.245625,2271.6459574468086,64.4,22.716662832999923,tvd_corrected,AH 2530.5-2603.5m → TVD 2207.2-2271.6m (correction: 323.3m)
PKP-01,118503.09,453402.51,2209.984185090331,3.0319,66.46521,2.727792,2207.245625,2271.6459574468086,64.4,22.716662832999923,tvd_corrected,AH 2530.5-2603.5m → TVD 2207.2-2271.6m (correction: 323.3m)
PKP-01,118503.09,453402.51,2210.072525738406,3.2638,66.658279,2.723061,2207.245625,2271.6459574468086,64.4,22.716662832999923,tvd_corrected,AH 2530.5-2603.5m → TVD 2207.2-2271.6m (correction: 323.3m)
PKP-01,118503.09,453402.51,2210.160866386481,3.5608,67.798386,2.717288,2207.245625,2271.6459574468086,64.4,22.716662832999923,tvd_corrected,AH 2530.5-2603.5m → TVD 2207.2-2271.6m (correction: 323.3m)
PKP-01,118503.09,453402.51,2210.249207034556,3.8353,69.305893,2.709692,2207.245625,2271.6459574468086,64.4,22.716662832999923,tvd_corrected,AH 2530.5-2603.5m → TVD 2207.2-2271.6m (correction: 323.3m)
PKP-01,118503.09,453402.51,2210.3375476826313,4.0304,70.723267,2.701208,2207.245625,2271.6459574468086,64.4,22.716662832999923,tvd_corrected,AH 2530.5-2603.5m → TVD 2207.2-2271.6m (correction: 323.3m)
PKP-01,118503.09,453402.51,2210.4258883307066,4.1996,71.930374,2.693151,2207.245625,2271.6459574468086,64.4,22.716662832999923,tvd_corrected,AH 2530.5-2603.5m → TVD 2207.2-2271.6m (correction: 323.3m)
PKP-01,118503.09,453402.51,2210.514228978782,4.4453,73.001099,2.68723,2207.245625,2271.6459574468086,64.4,22.716662832999923,tvd_corrected,AH 2530.5-2603.5m → TVD 2207.2-2271.6m (correction: 323.3m)
PKP-01,118503.09,453402.51,2210.602569626857,4.8105,74.082123,2.68508,2207.245625,2271.6459574468086,64.4,22.716662832999923,tvd_corrected,AH 2530.5-2603.5m → TVD 2207.2-2271.6m (correction: 323.3m)
PKP-01,118503.09,453402.51,2210.6909102749323,5.265000000000001,75.340927,2.686632,2207.245625,2271.6459574468086,64.4,22.716662832999923,tvd_corrected,AH 2530.5-2603.5m → TVD 2207.2-2271.6m (correction: 323.3m)
PKP-01,118503.09,453402.51,2210.7792509230076,5.7328,76.808945,2.69,2207.245625,2271.6459574468086,64.4,22.716662832999923,tvd_corrected,AH 2530.5-2603.5m → TVD 2207.2-2271.6m (correction: 323.3m)
PKP-01,118503.09,453402.51,2210.8675915710824,6.1015,78.304382,2.693712,2207.245625,2271.6459574468086,64.4,22.716662832999923,tvd_corrected,AH 2530.5-2603.5m → TVD 2207.2-2271.6m (correction: 323.3m)
PKP-01,118503.09,453402.51,2210.9559322191576,6.2792,79.51178,2.697317,2207.245625,2271.6459574468086,64.4,22.716662832999923,tvd_corrected,AH 2530.5-2603.5m → TVD 2207.2-2271.6m (correction: 323.3m)
PKP-01,118503.09,453402.51,2211.044272867233,6.2314,80.083176,2.699781,2207.245625,2271.6459574468086,64.4,22.716662832999923,tvd_corrected,AH 2530.5-2603.5m → TVD 2207.2-2271.6m (correction: 323.3m)
PKP-01,118503.09,453402.51,2211.132613515308,5.9662,79.734085,2.699849,2207.245625,2271.6459574468086,64.4,22.716662832999923,tvd_corrected,AH 2530.5-2603.5m → TVD 2207.2-2271.6m (correction: 323.3m)
PKP-01,118503.09,453402.51,2211.2209541633833,5.565,78.362381,2.697309,2207.245625,2271.6459574468086,64.4,22.716662832999923,tvd_corrected,AH 2530.5-2603.5m → TVD 2207.2-2271.6m (correction: 323.3m)
PKP-01,118503.09,453402.51,2211.3092948114586,5.188000000000001,76.116623,2.693104,2207.245625,2271.6459574468086,64.4,22.716662832999923,tvd_corrected,AH 2530.5-2603.5m → TVD 2207.2-2271.6m (correction: 323.3m)
PKP-01,118503.09,453402.51,2211.397635459534,4.9523,73.359131,2.68857,2207.245625,2271.6459574468086,64.4,22.716662832999923,tvd_corrected,AH 2530.5-2603.5m → TVD 2207.2-2271.6m (correction: 323.3m)
PKP-01,118503.09,453402.51,2211.4859761076086,4.8617,70.592392,2.684815,2207.245625,2271.6459574468086,64.4,22.716662832999923,tvd_corrected,AH 2530.5-2603.5m → TVD 2207.2-2271.6m (correction: 323.3m)
PKP-01,118503.09,453402.51,2211.574316755684,4.8500000000000005,68.300385,2.682396,2207.245625,2271.6459574468086,64.4,22.716662832999923,tvd_corrected,AH 2530.5-2603.5m → TVD 2207.2-2271.6m (correction: 323.3m)
PKP-01,118503.09,453402.51,2211.662657403759,4.829,66.694321,2.680675,2207.245625,2271.6459574468086,64.4,22.716662832999923,tvd_corrected,AH 2530.5-2603.5m → TVD 2207.2-2271.6m (correction: 323.3m)
PKP-01,118503.09,453402.51,2211.7509980518344,4.723,65.794113,2.678148,2207.245625,2271.6459574468086,64.4,22.716662832999923,tvd_corrected,AH 2530.5-2603.5m → TVD 2207.2-2271.6m (correction: 323.3m)
PKP-01,118503.09,453402.51,2211.8393386999096,4.5017000000000005,65.538498,2.673473,2207.245625,2271.6459574468086,64.4,22.716662832999923,tvd_corrected,AH 2530.5-2603.5m → TVD 2207.2-2271.6m (correction: 323.3m)
PKP-01,118503.09,453402.51,2211.927679347985,4.2035,65.806,2.666469,2207.245625,2271.6459574468086,64.4,22.716662832999923,tvd_corrected,AH 2530.5-2603.5m → TVD 2207.2-2271.6m (correction: 323.3m)
PKP-01,118503.09,453402.51,2212.01601999606,3.9263,66.379852,2.658363,2207.245625,2271.6459574468086,64.4,22.716662832999923,tvd_corrected,AH 2530.5-2603.5m → TVD 2207.2-2271.6m (correction: 323.3m)
PKP-01,118503.09,453402.51,2212.104360644135,3.7683,66.958099,2.650745,2207.245625,2271.6459574468086,64.4,22.716662832999923,tvd_corrected,AH 2530.5-2603.5m → TVD 2207.2-2271.6m (correction: 323.3m)
PKP-01,118503.09,453402.51,2212.19270129221,3.7823,67.323547,2.644335,2207.245625,2271.6459574468086,64.4,22.716662832999923,tvd_corrected,AH 2530.5-2603.5m → TVD 2207.2-2271.6m (correction: 323.3m)
PKP-01,118503.09,453402.51,2212.2810419402854,3.9573,67.507599,2.638386,2207.245625,2271.6459574468086,64.4,22.716662832999923,tvd_corrected,AH 2530.5-2603.5m → TVD 2207.2-2271.6m (correction: 323.3m)
PKP-01,118503.09,453402.51,2212.3693825883606,4.252800000000001,67.698456,2.632165,2207.245625,2271.6459574468086,64.4,22.716662832999923,tvd_corrected,AH 2530.5-2603.5m → TVD 2207.2-2271.6m (correction: 323.3m)
PKP-01,118503.09,453402.51,2212.457723236436,4.635800000000001,68.006439,2.626874,2207.245625,2271.6459574468086,64.4,22.716662832999923,tvd_corrected,AH 2530.5-2603.5m → TVD 2207.2-2271.6m (correction: 323.3m)
PKP-01,118503.09,453402.51,2212.546063884511,5.0835,68.460907,2.623532,2207.245625,2271.6459574468086,64.4,22.716662832999923,tvd_corrected,AH 2530.5-2603.5m → TVD 2207.2-2271.6m (correction: 323.3m)
PKP-01,118503.09,453402.51,2212.6344045325864,5.5647,69.028656,2.621261,2207.245625,2271.6459574468086,64.4,22.716662832999923,tvd_corrected,AH 2530.5-2603.5m → TVD 2207.2-2271.6m (correction: 323.3m)
PKP-01,118503.09,453402.51,2212.722745180661,6.0505,69.502609,2.619055,2207.245625,2271.6459574468086,64.4,22.716662832999923,tvd_corrected,AH 2530.5-2603.5m → TVD 2207.2-2271.6m (correction: 323.3m)
PKP-01,118503.09,453402.51,2212.8110858287364,6.5382,69.590271,2.615858,2207.245625,2271.6459574468086,64.4,22.716662832999923,tvd_corrected,AH 2530.5-2603.5m → TVD 2207.2-2271.6m (correction: 323.3m)
PKP-01,118503.09,453402.51,2212.8994264768116,6.9855,69.239304,2.608613,2207.245625,2271.6459574468086,64.4,22.716662832999923,tvd_corrected,AH 2530.5-2603.5m → TVD 2207.2-2271.6m (correction: 323.3m)
PKP-01,118503.09,453402.51,2212.987767124887,7.3337,68.708084,2.594721,2207.245625,2271.6459574468086,64.4,22.716662832999923,tvd_corrected,AH 2530.5-2603.5m → TVD 2207.2-2271.6m (correction: 323.3m)
PKP-01,118503.09,453402.51,2213.076107772962,7.584,68.193497,2.575594,2207.245625,2271.6459574468086,64.4,22.716662832999923,tvd_corrected,AH 2530.5-2603.5m → TVD 2207.2-2271.6m (correction: 323.3m)
PKP-01,118503.09,453402.51,2213.1644484210374,7.7988,67.71376,2.555794,2207.245625,2271.6459574468086,64.4,22.716662832999923,tvd_corrected,AH 2530.5-2603.5m → TVD 2207.2-2271.6m (correction: 323.3m)
PKP-01,118503.09,453402.51,2213.2527890691126,8.0745,67.256348,2.538575,2207.245625,2271.6459574468086,64.4,22.716662832999923,tvd_corrected,AH 2530.5-2603.5m → TVD 2207.2-2271.6m (correction: 323.3m)
PKP-01,118503.09,453402.51,2213.341129717188,8.4665,66.836945,2.525442,2207.245625,2271.6459574468086,64.4,22.716662832999923,tvd_corrected,AH 2530.5-2603.5m → TVD 2207.2-2271.6m (correction: 323.3m)
PKP-01,118503.09,453402.51,2213.4294703652627,8.945,66.488754,2.516986,2207.245625,2271.6459574468086,64.4,22.716662832999923,tvd_corrected,AH 2530.5-2603.5m → TVD 2207.2-2271.6m (correction: 323.3m)
PKP-01,118503.09,453402.51,2213.517811013338,9.4688,66.300476,2.512694,2207.245625,2271.6459574468086,64.4,22.716662832999923,tvd_corrected,AH 2530.5-2603.5m → TVD 2207.2-2271.6m (correction: 323.3m)
PKP-01,118503.09,453402.51,2213.606151661413,9.9708,66.367783,2.511581,2207.245625,2271.6459574468086,64.4,22.716662832999923,tvd_corrected,AH 2530.5-2603.5m → TVD 2207.2-2271.6m (correction: 323.3m)
PKP-01,118503.09,453402.51,2213.6944923094884,10.3457,66.559052,2.512676,2207.245625,2271.6459574468086,64.4,22.716662832999923,tvd_corrected,AH 2530.5-2603.5m → TVD 2207.2-2271.6m (correction: 323.3m)
PKP-01,118503.09,453402.51,2213.7828329575636,10.5273,66.548248,2.515001,2207.245625,2271.6459574468086,64.4,22.716662832999923,tvd_corrected,AH 2530.5-2603.5m → TVD 2207.2-2271.6m (correction: 323.3m)
PKP-01,118503.09,453402.51,2213.871173605639,10.5575,66.169403,2.51666,2207.245625,2271.6459574468086,64.4,22.716662832999923,tvd_corrected,AH 2530.5-2603.5m → TVD 2207.2-2271.6m (correction: 323.3m)
PKP-01,118503.09,453402.51,2213.959514253714,10.4966,65.509338,2.516361,2207.245625,2271.6459574468086,64.4,22.716662832999923,tvd_corrected,AH 2530.5-2603.5m → TVD 2207.2-2271.6m (correction: 323.3m)
PKP-01,118503.09,453402.51,2214.047854901789,10.3606,64.673737,2.515064,2207.245625,2271.6459574468086,64.4,22.716662832999923,tvd_corrected,AH 2530.5-2603.5m → TVD 2207.2-2271.6m (correction: 323.3m)
PKP-01,118503.09,453402.51,2214.136195549864,10.2013,63.791382,2.515573,2207.245625,2271.6459574468086,64.4,22.716662832999923,tvd_corrected,AH 2530.5-2603.5m → TVD 2207.2-2271.6m (correction: 323.3m)
PKP-01,118503.09,453402.51,2214.2245361979394,10.061,63.05574,2.519446,2207.245625,2271.6459574468086,64.4,22.716662832999923,tvd_corrected,AH 2530.5-2603.5m → TVD 2207.2-2271.6m (correction: 323.3m)
PKP-01,118503.09,453402.51,2214.3128768460147,9.9491,62.682312,2.524837,2207.245625,2271.6459574468086,64.4,22.716662832999923,tvd_corrected,AH 2530.5-2603.5m → TVD 2207.2-2271.6m (correction: 323.3m)
PKP-01,118503.09,453402.51,2214.40121749409,9.9561,62.750671,2.527666,2207.245625,2271.6459574468086,64.4,22.716662832999923,tvd_corrected,AH 2530.5-2603.5m → TVD 2207.2-2271.6m (correction: 323.3m)
PKP-01,118503.09,453402.51,2214.489558142165,10.1715,63.193779,2.525381,2207.245625,2271.6459574468086,64.4,22.716662832999923,tvd_corrected,AH 2530.5-2603.5m → TVD 2207.2-2271.6m (correction: 323.3m)
PKP-01,118503.09,453402.51,2214.5778987902404,10.5272,63.805367,2.518846,2207.245625,2271.6459574468086,64.4,22.716662832999923,tvd_corrected,AH 2530.5-2603.5m → TVD 2207.2-2271.6m (correction: 323.3m)
PKP-01,118503.09,453402.51,2214.666239438315,10.8865,64.291824,2.512152,2207.245625,2271.6459574468086,64.4,22.716662832999923,tvd_corrected,AH 2530.5-2603.5m → TVD 2207.2-2271.6m (correction: 323.3m)
PKP-01,118503.09,453402.51,2214.7545800863904,11.1535,64.504013,2.509477,2207.245625,2271.6459574468086,64.4,22.716662832999923,tvd_corrected,AH 2530.5-2603.5m → TVD 2207.2-2271.6m (correction: 323.3m)
PKP-01,118503.09,453402.51,2214.8429207344657,11.2643,64.4758,2.513178,2207.245625,2271.6459574468086,64.4,22.716662832999923,tvd_corrected,AH 2530.5-2603.5m → TVD 2207.2-2271.6m (correction: 323.3m)
PKP-01,118503.09,453402.51,2214.931261382541,11.2421,64.23642,2.522709,2207.245625,2271.6459574468086,64.4,22.716662832999923,tvd_corrected,AH 2530.5-2603.5m → TVD 2207.2-2271.6m (correction: 323.3m)
PKP-01,118503.09,453402.51,2215.019602030616,11.1612,64.013962,2.532996,2207.245625,2271.6459574468086,64.4,22.716662832999923,tvd_corrected,AH 2530.5-2603.5m → TVD 2207.2-2271.6m (correction: 323.3m)
PKP-01,118503.09,453402.51,2215.1079426786914,11.0369,64.264801,2.53919,2207.245625,2271.6459574468086,64.4,22.716662832999923,tvd_corrected,AH 2530.5-2603.5m → TVD 2207.2-2271.6m (correction: 323.3m)
PKP-01,118503.09,453402.51,2215.1962833267667,10.8262,64.981918,2.541338,2207.245625,2271.6459574468086,64.4,22.716662832999923,tvd_corrected,AH 2530.5-2603.5m → TVD 2207.2-2271.6m (correction: 323.3m)
PKP-01,118503.09,453402.51,2215.284623974842,10.5309,65.78125,2.541845,2207.245625,2271.6459574468086,64.4,22.716662832999923,tvd_corrected,AH 2530.5-2603.5m → TVD 2207.2-2271.6m (correction: 323.3m)
PKP-01,118503.09,453402.51,2215.3729646229167,10.2064,66.658661,2.542054,2207.245625,2271.6459574468086,64.4,22.716662832999923,tvd_corrected,AH 2530.5-2603.5m → TVD 2207.2-2271.6m (correction: 323.3m)
PKP-01,118503.09,453402.51,2215.461305270992,9.8948,67.548325,2.54299,2207.245625,2271.6459574468086,64.4,22.716662832999923,tvd_corrected,AH 2530.5-2603.5m → TVD 2207.2-2271.6m (correction: 323.3m)
PKP-01,118503.09,453402.51,2215.549645919067,9.6808,67.84758,2.545891,2207.245625,2271.6459574468086,64.4,22.716662832999923,tvd_corrected,AH 2530.5-2603.5m → TVD 2207.2-2271.6m (correction: 323.3m)
PKP-01,118503.09,453402.51,2215.6379865671424,9.6064,67.355606,2.550607,2207.245625,2271.6459574468086,64.4,22.716662832999923,tvd_corrected,AH 2530.5-2603.5m → TVD 2207.2-2271.6m (correction: 323.3m)
PKP-01,118503.09,453402.51,2215.7263272152177,9.6267,66.252731,2.556009,2207.245625,2271.6459574468086,64.4,22.716662832999923,tvd_corrected,AH 2530.5-2603.5m → TVD 2207.2-2271.6m (correction: 323.3m)
PKP-01,118503.09,453402.51,2215.814667863293,9.6789,64.847122,2.558403,2207.245625,2271.6459574468086,64.4,22.716662832999923,tvd_corrected,AH 2530.5-2603.5m → TVD 2207.2-2271.6m (correction: 323.3m)
PKP-01,118503.09,453402.51,2215.903008511368,9.759,63.421494,2.554619,2207.245625,2271.6459574468086,64.4,22.716662832999923,tvd_corrected,AH 2530.5-2603.5m → TVD 2207.2-2271.6m (correction: 323.3m)
PKP-01,118503.09,453402.51,2215.991349159443,9.8934,62.405434,2.546319,2207.245625,2271.6459574468086,64.4,22.716662832999923,tvd_corrected,AH 2530.5-2603.5m → TVD 2207.2-2271.6m (correction: 323.3m)
PKP-01,118503.09,453402.51,2216.079689807518,10.102,61.879822,2.538488,2207.245625,2271.6459574468086,64.4,22.716662832999923,tvd_corrected,AH 2530.5-2603.5m → TVD 2207.2-2271.6m (correction: 323.3m)
PKP-01,118503.09,453402.51,2216.1680304555935,10.3914,61.696976,2.532013,2207.245625,2271.6459574468086,64.4,22.716662832999923,tvd_corrected,AH 2530.5-2603.5m → TVD 2207.2-2271.6m (correction: 323.3m)
PKP-01,118503.09,453402.51,2216.2563711036687,10.672,61.833595,2.525883,2207.245625,2271.6459574468086,64.4,22.716662832999923,tvd_corrected,AH 2530.5-2603.5m → TVD 2207.2-2271.6m (correction: 323.3m)
PKP-01,118503.09,453402.51,2216.344711751744,10.8249,62.253952,2.521497,2207.245625,2271.6459574468086,64.4,22.716662832999923,tvd_corrected,AH 2530.5-2603.5m → TVD 2207.2-2271.6m (correction: 323.3m)
PKP-01,118503.09,453402.51,2216.433052399819,10.8129,62.823425,2.519479,2207.245625,2271.6459574468086,64.4,22.716662832999923,tvd_corrected,AH 2530.5-2603.5m → TVD 2207.2-2271.6m (correction: 323.3m)
PKP-01,118503.09,453402.51,2216.5213930478944,10.7089,63.288986,2.519616,2207.245625,2271.6459574468086,64.4,22.716662832999923,tvd_corrected,AH 2530.5-2603.5m → TVD 2207.2-2271.6m (correction: 323.3m)
PKP-01,118503.09,453402.51,2216.609733695969,10.6339,63.583382,2.523967,2207.245625,2271.6459574468086,64.4,22.716662832999923,tvd_corrected,AH 2530.5-2603.5m → TVD 2207.2-2271.6m (correction: 323.3m)
PKP-01,118503.09,453402.51,2216.6980743440445,10.6436,63.751427,2.530833,2207.245625,2271.6459574468086,64.4,22.716662832999923,tvd_corrected,AH 2530.5-2603.5m → TVD 2207.2-2271.6m (correction: 323.3m)
PKP-01,118503.09,453402.51,2216.7864149921197,10.7061,63.925804,2.535179,2207.245625,2271.6459574468086,64.4,22.716662832999923,tvd_corrected,AH 2530.5-2603.5m → TVD 2207.2-2271.6m (correction: 323.3m)
PKP-01,118503.09,453402.51,2216.874755640195,10.7784,64.1371,2.538887,2207.245625,2271.6459574468086,64.4,22.716662832999923,tvd_corrected,AH 2530.5-2603.5m → TVD 2207.2-2271.6m (correction: 323.3m)
PKP-01,118503.09,453402.51,2216.96309628827,10.7651,64.141602,2.545532,2207.245625,2271.6459574468086,64.4,22.716662832999923,tvd_corrected,AH 2530.5-2603.5m → TVD 2207.2-2271.6m (correction: 323.3m)
PKP-01,118503.09,453402.51,2217.0514369363455,10.5675,63.574661,2.553948,2207.245625,2271.6459574468086,64.4,22.716662832999923,tvd_corrected,AH 2530.5-2603.5m → TVD 2207.2-2271.6m (correction: 323.3m)
PKP-01,118503.09,453402.51,2217.1397775844207,10.2585,62.434242,2.562507,2207.245625,2271.6459574468086,64.4,22.716662832999923,tvd_corrected,AH 2530.5-2603.5m → TVD 2207.2-2271.6m (correction: 323.3m)
PKP-01,118503.09,453402.51,2217.228118232496,10.0103,61.120155,2.56647,2207.245625,2271.6459574468086,64.4,22.716662832999923,tvd_corrected,AH 2530.5-2603.5m → TVD 2207.2-2271.6m (correction: 323.3m)
PKP-01,118503.09,453402.51,2217.3164588805707,9.8939,60.147018,2.561676,2207.245625,2271.6459574468086,64.4,22.716662832999923,tvd_corrected,AH 2530.5-2603.5m → TVD 2207.2-2271.6m (correction: 323.3m)
PKP-01,118503.09,453402.51,2217.404799528646,9.8653,60.098953,2.55208,2207.245625,2271.6459574468086,64.4,22.716662832999923,tvd_corrected,AH 2530.5-2603.5m → TVD 2207.2-2271.6m (correction: 323.3m)
PKP-01,118503.09,453402.51,2217.493140176721,9.8455,61.18454,2.544539,2207.245625,2271.6459574468086,64.4,22.716662832999923,tvd_corrected,AH 2530.5-2603.5m → TVD 2207.2-2271.6m (correction: 323.3m)
PKP-01,118503.09,453402.51,2217.5814808247965,9.7957,63.003204,2.540056,2207.245625,2271.6459574468086,64.4,22.716662832999923,tvd_corrected,AH 2530.5-2603.5m → TVD 2207.2-2271.6m (correction: 323.3m)
PKP-01,118503.09,453402.51,2217.6698214728717,9.6638,64.811234,2.542165,2207.245625,2271.6459574468086,64.4,22.716662832999923,tvd_corrected,AH 2530.5-2603.5m → TVD 2207.2-2271.6m (correction: 323.3m)
PKP-01,118503.09,453402.51,2217.758162120947,9.449,66.034805,2.552559,2207.245625,2271.6459574468086,64.4,22.716662832999923,tvd_corrected,AH 2530.5-2603.5m → TVD 2207.2-2271.6m (correction: 323.3m)
PKP-01,118503.09,453402.51,2217.846502769022,9.2253,66.829056,2.564029,2207.245625,2271.6459574468086,64.4,22.716662832999923,tvd_corrected,AH 2530.5-2603.5m → TVD 2207.2-2271.6m (correction: 323.3m)
PKP-01,118503.09,453402.51,2217.934843417097,9.041,67.431213,2.570333,2207.245625,2271.6459574468086,64.4,22.716662832999923,tvd_corrected,AH 2530.5-2603.5m → TVD 2207.2-2271.6m (correction: 323.3m)
PKP-01,118503.09,453402.51,2218.0231840651722,8.884,68.023468,2.57172,2207.245625,2271.6459574468086,64.4,22.716662832999923,tvd_corrected,AH 2530.5-2603.5m → TVD 2207.2-2271.6m (correction: 323.3m)
PKP-01,118503.09,453402.51,2218.1115247132475,8.7705,68.72644,2.569265,2207.245625,2271.6459574468086,64.4,22.716662832999923,tvd_corrected,AH 2530.5-2603.5m → TVD 2207.2-2271.6m (correction: 323.3m)
PKP-01,118503.09,453402.51,2218.1998653613227,8.7756,69.185852,2.564631,2207.245625,2271.6459574468086,64.4,22.716662832999923,tvd_corrected,AH 2530.5-2603.5m → TVD 2207.2-2271.6m (correction: 323.3m)
PKP-01,118503.09,453402.51,2218.288206009398,8.9081,68.91124,2.559968,2207.245625,2271.6459574468086,64.4,22.716662832999923,tvd_corrected,AH 2530.5-2603.5m → TVD 2207.2-2271.6m (correction: 323.3m)
PKP-01,118503.09,453402.51,2218.376546657473,9.0844,67.871048,2.556524,2207.245625,2271.6459574468086,64.4,22.716662832999923,tvd_corrected,AH 2530.5-2603.5m → TVD 2207.2-2271.6m (correction: 323.3m)
PKP-01,118503.09,453402.51,2218.4648873055485,9.2231,66.49794,2.554089,2207.245625,2271.6459574468086,64.4,22.716662832999923,tvd_corrected,AH 2530.5-2603.5m → TVD 2207.2-2271.6m (correction: 323.3m)
PKP-01,118503.09,453402.51,2218.5532279536233,9.3152,65.124237,2.551859,2207.245625,2271.6459574468086,64.4,22.716662832999923,tvd_corrected,AH 2530.5-2603.5m → TVD 2207.2-2271.6m (correction: 323.3m)
PKP-01,118503.09,453402.51,2218.6415686016985,9.3338,64.041306,2.55001,2207.245625,2271.6459574468086,64.4,22.716662832999923,tvd_corrected,AH 2530.5-2603.5m → TVD 2207.2-2271.6m (correction: 323.3m)
PKP-01,118503.09,453402.51,2218.7299092497738,9.2827,63.275978,2.54896,2207.245625,2271.6459574468086,64.4,22.716662832999923,tvd_corrected,AH 2530.5-2603.5m → TVD 2207.2-2271.6m (correction: 323.3m)
PKP-01,118503.09,453402.51,2218.818249897849,9.236,62.512451,2.548307,2207.245625,2271.6459574468086,64.4,22.716662832999923,tvd_corrected,AH 2530.5-2603.5m → TVD 2207.2-2271.6m (correction: 323.3m)
PKP-01,118503.09,453402.51,2218.9065905459242,9.2325,61.628532,2.547683,2207.245625,2271.6459574468086,64.4,22.716662832999923,tvd_corrected,AH 2530.5-2603.5m → TVD 2207.2-2271.6m (correction: 323.3m)
PKP-01,118503.09,453402.51,2218.9949311939995,9.2226,60.884224,2.547035,2207.245625,2271.6459574468086,64.4,22.716662832999923,tvd_corrected,AH 2530.5-2603.5m → TVD 2207.2-2271.6m (correction: 323.3m)
PKP-01,118503.09,453402.51,2219.0832718420747,9.1661,60.688911,2.546282,2207.245625,2271.6459574468086,64.4,22.716662832999923,tvd_corrected,AH 2530.5-2603.5m → TVD 2207.2-2271.6m (correction: 323.3m)
PKP-01,118503.09,453402.51,2219.1716124901495,9.0965,61.180191,2.545274,2207.245625,2271.6459574468086,64.4,22.716662832999923,tvd_corrected,AH 2530.5-2603.5m → TVD 2207.2-2271.6m (correction: 323.3m)
PKP-01,118503.09,453402.51,2219.259953138225,9.0413,62.142921,2.544553,2207.245625,2271.6459574468086,64.4,22.716662832999923,tvd_corrected,AH 2530.5-2603.5m → TVD 2207.2-2271.6m (correction: 323.3m)
PKP-01,118503.09,453402.51,2219.3482937863,8.993500000000001,63.163887,2.545238,2207.245625,2271.6459574468086,64.4,22.716662832999923,tvd_corrected,AH 2530.5-2603.5m → TVD 2207.2-2271.6m (correction: 323.3m)
PKP-01,118503.09,453402.51,2219.4366344343753,8.957600000000001,63.838417,2.547344,2207.245625,2271.6459574468086,64.4,22.716662832999923,tvd_corrected,AH 2530.5-2603.5m → TVD 2207.2-2271.6m (correction: 323.3m)
PKP-01,118503.09,453402.51,2219.5249750824505,8.9428,63.967995,2.54936,2207.245625,2271.6459574468086,64.4,22.716662832999923,tvd_corrected,AH 2530.5-2603.5m → TVD 2207.2-2271.6m (correction: 323.3m)
PKP-01,118503.09,453402.51,2219.6133157305258,8.9016,63.5616,2.550072,2207.245625,2271.6459574468086,64.4,22.716662832999923,tvd_corrected,AH 2530.5-2603.5m → TVD 2207.2-2271.6m (correction: 323.3m)
PKP-01,118503.09,453402.51,2219.701656378601,8.7448,62.775551,2.5495,2207.245625,2271.6459574468086,64.4,22.716662832999923,tvd_corrected,AH 2530.5-2603.5m → TVD 2207.2-2271.6m (correction: 323.3m)
PKP-01,118503.09,453402.51,2219.7899970266762,8.4558,61.838326,2.54823,2207.245625,2271.6459574468086,64.4,22.716662832999923,tvd_corrected,AH 2530.5-2603.5m → TVD 2207.2-2271.6m (correction: 323.3m)
PKP-01,118503.09,453402.51,2219.878337674751,8.1326,61.018639,2.547664,2207.245625,2271.6459574468086,64.4,22.716662832999923,tvd_corrected,AH 2530.5-2603.5m → TVD 2207.2-2271.6m (correction: 323.3m)
PKP-01,118503.09,453402.51,2219.9666783228263,7.9156,60.55452,2.549405,2207.245625,2271.6459574468086,64.4,22.716662832999923,tvd_corrected,AH 2530.5-2603.5m → TVD 2207.2-2271.6m (correction: 323.3m)
PKP-01,118503.09,453402.51,2220.0550189709015,7.9078,60.641815,2.553474,2207.245625,2271.6459574468086,64.4,22.716662832999923,tvd_corrected,AH 2530.5-2603.5m → TVD 2207.2-2271.6m (correction: 323.3m)
PKP-01,118503.09,453402.51,2220.143359618977,8.0888,61.244995,2.558952,2207.245625,2271.6459574468086,64.4,22.716662832999923,tvd_corrected,AH 2530.5-2603.5m → TVD 2207.2-2271.6m (correction: 323.3m)
PKP-01,118503.09,453402.51,2220.231700267052,8.3025,61.911057,2.564887,2207.245625,2271.6459574468086,64.4,22.716662832999923,tvd_corrected,AH 2530.5-2603.5m → TVD 2207.2-2271.6m (correction: 323.3m)
PKP-01,118503.09,453402.51,2220.3200409151273,8.3932,62.198845,2.568964,2207.245625,2271.6459574468086,64.4,22.716662832999923,tvd_corrected,AH 2530.5-2603.5m → TVD 2207.2-2271.6m (correction: 323.3m)
PKP-01,118503.09,453402.51,2220.4083815632025,8.322799999999999,62.143814,2.569552,2207.245625,2271.6459574468086,64.4,22.716662832999923,tvd_corrected,AH 2530.5-2603.5m → TVD 2207.2-2271.6m (correction: 323.3m)
PKP-01,118503.09,453402.51,2220.4967222112773,8.1899,61.994606,2.56808,2207.245625,2271.6459574468086,64.4,22.716662832999923,tvd_corrected,AH 2530.5-2603.5m → TVD 2207.2-2271.6m (correction: 323.3m)
PKP-01,118503.09,453402.51,2220.5850628593525,8.1299,61.900658,2.56631,2207.245625,2271.6459574468086,64.4,22.716662832999923,tvd_corrected,AH 2530.5-2603.5m → TVD 2207.2-2271.6m (correction: 323.3m)
PKP-01,118503.09,453402.51,2220.673403507428,8.211400000000001,62.100304,2.56471,2207.245625,2271.6459574468086,64.4,22.716662832999923,tvd_corrected,AH 2530.5-2603.5m → TVD 2207.2-2271.6m (correction: 323.3m)
PKP-01,118503.09,453402.51,2220.761744155503,8.4275,62.818336,2.563394,2207.245625,2271.6459574468086,64.4,22.716662832999923,tvd_corrected,AH 2530.5-2603.5m → TVD 2207.2-2271.6m (correction: 323.3m)
PKP-01,118503.09,453402.51,2220.8500848035783,8.722000000000001,63.951324,2.562809,2207.245625,2271.6459574468086,64.4,22.716662832999923,tvd_corrected,AH 2530.5-2603.5m → TVD 2207.2-2271.6m (correction: 323.3m)
PKP-01,118503.09,453402.51,2220.9384254516535,8.9898,65.242523,2.563681,2207.245625,2271.6459574468086,64.4,22.716662832999923,tvd_corrected,AH 2530.5-2603.5m → TVD 2207.2-2271.6m (correction: 323.3m)
PKP-01,118503.09,453402.51,2221.026766099729,9.1142,66.546494,2.566657,2207.245625,2271.6459574468086,64.4,22.716662832999923,tvd_corrected,AH 2530.5-2603.5m → TVD 2207.2-2271.6m (correction: 323.3m)
PKP-01,118503.09,453402.51,2221.1151067478036,9.0655,67.654373,2.569984,2207.245625,2271.6459574468086,64.4,22.716662832999923,tvd_corrected,AH 2530.5-2603.5m → TVD 2207.2-2271.6m (correction: 323.3m)
PKP-01,118503.09,453402.51,2221.203447395879,8.9154,68.215195,2.570349,2207.245625,2271.6459574468086,64.4,22.716662832999923,tvd_corrected,AH 2530.5-2603.5m → TVD 2207.2-2271.6m (correction: 323.3m)
PKP-01,118503.09,453402.51,2221.291788043954,8.7422,68.016846,2.567773,2207.245625,2271.6459574468086,64.4,22.716662832999923,tvd_corrected,AH 2530.5-2603.5m → TVD 2207.2-2271.6m (correction: 323.3m)
PKP-01,118503.09,453402.51,2221.3801286920293,8.5865,67.22876,2.564882,2207.245625,2271.6459574468086,64.4,22.716662832999923,tvd_corrected,AH 2530.5-2603.5m → TVD 2207.2-2271.6m (correction: 323.3m)
PKP-01,118503.09,453402.51,2221.4684693401045,8.4524,66.219223,2.563083,2207.245625,2271.6459574468086,64.4,22.716662832999923,tvd_corrected,AH 2530.5-2603.5m → TVD 2207.2-2271.6m (correction: 323.3m)
PKP-01,118503.09,453402.51,2221.55680998818,8.3155,65.396912,2.563385,2207.245625,2271.6459574468086,64.4,22.716662832999923,tvd_corrected,AH 2530.5-2603.5m → TVD 2207.2-2271.6m (correction: 323.3m)
PKP-01,118503.09,453402.51,2221.645150636255,8.1651,65.097504,2.567386,2207.245625,2271.6459574468086,64.4,22.716662832999923,tvd_corrected,AH 2530.5-2603.5m → TVD 2207.2-2271.6m (correction: 323.3m)
PKP-01,118503.09,453402.51,2221.7334912843303,8.0434,65.381668,2.575192,2207.245625,2271.6459574468086,64.4,22.716662832999923,tvd_corrected,AH 2530.5-2603.5m → TVD 2207.2-2271.6m (correction: 323.3m)
PKP-01,118503.09,453402.51,2221.821831932405,7.9823,65.875961,2.583977,2207.245625,2271.6459574468086,64.4,22.716662832999923,tvd_corrected,AH 2530.5-2603.5m → TVD 2207.2-2271.6m (correction: 323.3m)
PKP-01,118503.09,453402.51,2221.9101725804803,7.937900000000001,66.083252,2.590278,2207.245625,2271.6459574468086,64.4,22.716662832999923,tvd_corrected,AH 2530.5-2603.5m → TVD 2207.2-2271.6m (correction: 323.3m)
PKP-01,118503.09,453402.51,2221.9985132285556,7.8313,65.721802,2.592925,2207.245625,2271.6459574468086,64.4,22.716662832999923,tvd_corrected,AH 2530.5-2603.5m → TVD 2207.2-2271.6m (correction: 323.3m)
PKP-01,118503.09,453402.51,2222.086853876631,7.629900000000001,64.72522,2.593499,2207.245625,2271.6459574468086,64.4,22.716662832999923,tvd_corrected,AH 2530.5-2603.5m → TVD 2207.2-2271.6m (correction: 323.3m)
PKP-01,118503.09,453402.51,2222.175194524706,7.375199999999999,63.253113,2.593415,2207.245625,2271.6459574468086,64.4,22.716662832999923,tvd_corrected,AH 2530.5-2603.5m → TVD 2207.2-2271.6m (correction: 323.3m)
PKP-01,118503.09,453402.51,2222.2635351727813,7.1617,61.742447,2.592237,2207.245625,2271.6459574468086,64.4,22.716662832999923,tvd_corrected,AH 2530.5-2603.5m → TVD 2207.2-2271.6m (correction: 323.3m)
PKP-01,118503.09,453402.51,2222.3518758208565,7.0869,60.584953,2.589315,2207.245625,2271.6459574468086,64.4,22.716662832999923,tvd_corrected,AH 2530.5-2603.5m → TVD 2207.2-2271.6m (correction: 323.3m)
PKP-01,118503.09,453402.51,2222.4402164689313,7.2017,60.034935,2.585137,2207.245625,2271.6459574468086,64.4,22.716662832999923,tvd_corrected,AH 2530.5-2603.5m → TVD 2207.2-2271.6m (correction: 323.3m)
PKP-01,118503.09,453402.51,2222.5285571170066,7.4798,60.207092,2.580371,2207.245625,2271.6459574468086,64.4,22.716662832999923,tvd_corrected,AH 2530.5-2603.5m → TVD 2207.2-2271.6m (correction: 323.3m)
PKP-01,118503.09,453402.51,2222.616897765082,7.856899999999999,60.91143,2.575184,2207.245625,2271.6459574468086,64.4,22.716662832999923,tvd_corrected,AH 2530.5-2603.5m → TVD 2207.2-2271.6m (correction: 323.3m)
PKP-01,118503.09,453402.51,2222.705238413157,8.265,61.699036,2.569942,2207.245625,2271.6459574468086,64.4,22.716662832999923,tvd_corrected,AH 2530.5-2603.5m → TVD 2207.2-2271.6m (correction: 323.3m)
PKP-01,118503.09,453402.51,2222.7935790612323,8.6504,62.357323,2.566008,2207.245625,2271.6459574468086,64.4,22.716662832999923,tvd_corrected,AH 2530.5-2603.5m → TVD 2207.2-2271.6m (correction: 323.3m)
PKP-01,118503.09,453402.51,2222.8819197093076,8.9653,63.017784,2.565529,2207.245625,2271.6459574468086,64.4,22.716662832999923,tvd_corrected,AH 2530.5-2603.5m → TVD 2207.2-2271.6m (correction: 323.3m)
PKP-01,118503.09,453402.51,2222.970260357383,9.1685,63.814667,2.570068,2207.245625,2271.6459574468086,64.4,22.716662832999923,tvd_corrected,AH 2530.5-2603.5m → TVD 2207.2-2271.6m (correction: 323.3m)
PKP-01,118503.09,453402.51,2223.0586010054576,9.2473,64.789902,2.580025,2207.245625,2271.6459574468086,64.4,22.716662832999923,tvd_corrected,AH 2530.5-2603.5m → TVD 2207.2-2271.6m (correction: 323.3m)
PKP-01,118503.09,453402.51,2223.146941653533,9.2138,65.954163,2.592287,2207.245625,2271.6459574468086,64.4,22.716662832999923,tvd_corrected,AH 2530.5-2603.5m → TVD 2207.2-2271.6m (correction: 323.3m)
PKP-01,118503.09,453402.51,2223.235282301608,9.0864,67.151764,2.601976,2207.245625,2271.6459574468086,64.4,22.716662832999923,tvd_corrected,AH 2530.5-2603.5m → TVD 2207.2-2271.6m (correction: 323.3m)
PKP-01,118503.09,453402.51,2223.3236229496833,8.8771,68.060532,2.606468,2207.245625,2271.6459574468086,64.4,22.716662832999923,tvd_corrected,AH 2530.5-2603.5m → TVD 2207.2-2271.6m (correction: 323.3m)
PKP-01,118503.09,453402.51,2223.4119635977586,8.6148,68.566376,2.604473,2207.245625,2271.6459574468086,64.4,22.716662832999923,tvd_corrected,AH 2530.5-2603.5m → TVD 2207.2-2271.6m (correction: 323.3m)
PKP-01,118503.09,453402.51,2223.500304245834,8.3796,68.67421,2.594372,2207.245625,2271.6459574468086,64.4,22.716662832999923,tvd_corrected,AH 2530.5-2603.5m → TVD 2207.2-2271.6m (correction: 323.3m)
PKP-01,118503.09,453402.51,2223.588644893909,8.256,68.085022,2.578648,2207.245625,2271.6459574468086,64.4,22.716662832999923,tvd_corrected,AH 2530.5-2603.5m → TVD 2207.2-2271.6m (correction: 323.3m)
PKP-01,118503.09,453402.51,2223.676985541984,8.2967,66.587524,2.563899,2207.245625,2271.6459574468086,64.4,22.716662832999923,tvd_corrected,AH 2530.5-2603.5m → TVD 2207.2-2271.6m (correction: 323.3m)
PKP-01,118503.09,453402.51,2223.765326190059,8.483699999999999,64.574753,2.553036,2207.245625,2271.6459574468086,64.4,22.716662832999923,tvd_corrected,AH 2530.5-2603.5m → TVD 2207.2-2271.6m (correction: 323.3m)
PKP-01,118503.09,453402.51,2223.8536668381344,8.7219,62.954231,2.547255,2207.245625,2271.6459574468086,64.4,22.716662832999923,tvd_corrected,AH 2530.5-2603.5m → TVD 2207.2-2271.6m (correction: 323.3m)
PKP-01,118503.09,453402.51,2223.9420074862096,8.937000000000001,62.380219,2.548598,2207.245625,2271.6459574468086,64.4,22.716662832999923,tvd_corrected,AH 2530.5-2603.5m → TVD 2207.2-2271.6m (correction: 323.3m)
PKP-01,118503.09,453402.51,2224.030348134285,9.1351,62.9655,2.556996,2207.245625,2271.6459574468086,64.4,22.716662832999923,tvd_corrected,AH 2530.5-2603.5m → TVD 2207.2-2271.6m (correction: 323.3m)
PKP-01,118503.09,453402.51,2224.11868878236,9.3406,64.481445,2.567338,2207.245625,2271.6459574468086,64.4,22.716662832999923,tvd_corrected,AH 2530.5-2603.5m → TVD 2207.2-2271.6m (correction: 323.3m)
PKP-01,118503.09,453402.51,2224.2070294304353,9.5503,66.351669,2.573159,2207.245625,2271.6459574468086,64.4,22.716662832999923,tvd_corrected,AH 2530.5-2603.5m → TVD 2207.2-2271.6m (correction: 323.3m)
PKP-01,118503.09,453402.51,2224.2953700785106,9.7472,67.974136,2.570587,2207.245625,2271.6459574468086,64.4,22.716662832999923,tvd_corrected,AH 2530.5-2603.5m → TVD 2207.2-2271.6m (correction: 323.3m)
PKP-01,118503.09,453402.51,2224.3837107265854,9.8769,68.824036,2.561698,2207.245625,2271.6459574468086,64.4,22.716662832999923,tvd_corrected,AH 2530.5-2603.5m → TVD 2207.2-2271.6m (correction: 323.3m)
PKP-01,118503.09,453402.51,2224.4720513746606,9.9155,68.869476,2.552395,2207.245625,2271.6459574468086,64.4,22.716662832999923,tvd_corrected,AH 2530.5-2603.5m → TVD 2207.2-2271.6m (correction: 323.3m)
PKP-01,118503.09,453402.51,2224.560392022736,9.9,68.31813,2.54782,2207.245625,2271.6459574468086,64.4,22.716662832999923,tvd_corrected,AH 2530.5-2603.5m → TVD 2207.2-2271.6m (correction: 323.3m)
PKP-01,118503.09,453402.51,2224.648732670811,9.8999,67.464066,2.549216,2207.245625,2271.6459574468086,64.4,22.716662832999923,tvd_corrected,AH 2530.5-2603.5m → TVD 2207.2-2271.6m (correction: 323.3m)
PKP-01,118503.09,453402.51,2224.7370733188864,9.956,66.725601,2.554512,2207.245625,2271.6459574468086,64.4,22.716662832999923,tvd_corrected,AH 2530.5-2603.5m → TVD 2207.2-2271.6m (correction: 323.3m)
PKP-01,118503.09,453402.51,2224.8254139669616,10.0515,66.731934,2.559445,2207.245625,2271.6459574468086,64.4,22.716662832999923,tvd_corrected,AH 2530.5-2603.5m → TVD 2207.2-2271.6m (correction: 323.3m)
PKP-01,118503.09,453402.51,2224.913754615037,10.1301,67.617859,2.561103,2207.245625,2271.6459574468086,64.4,22.716662832999923,tvd_corrected,AH 2530.5-2603.5m → TVD 2207.2-2271.6m (correction: 323.3m)
PKP-01,118503.09,453402.51,2225.0020952631116,10.1438,68.966766,2.559808,2207.245625,2271.6459574468086,64.4,22.716662832999923,tvd_corrected,AH 2530.5-2603.5m → TVD 2207.2-2271.6m (correction: 323.3m)
PKP-01,118503.09,453402.51,2225.090435911187,10.0749,70.070343,2.556894,2207.245625,2271.6459574468086,64.4,22.716662832999923,tvd_corrected,AH 2530.5-2603.5m → TVD 2207.2-2271.6m (correction: 323.3m)
PKP-01,118503.09,453402.51,2225.178776559262,9.9498,70.539948,2.553584,2207.245625,2271.6459574468086,64.4,22.716662832999923,tvd_corrected,AH 2530.5-2603.5m → TVD 2207.2-2271.6m (correction: 323.3m)
PKP-01,118503.09,453402.51,2225.2671172073374,9.7933,70.581818,2.551421,2207.245625,2271.6459574468086,64.4,22.716662832999923,tvd_corrected,AH 2530.5-2603.5m → TVD 2207.2-2271.6m (correction: 323.3m)
PKP-01,118503.09,453402.51,2225.3554578554126,9.6347,70.799057,2.55269,2207.245625,2271.6459574468086,64.4,22.716662832999923,tvd_corrected,AH 2530.5-2603.5m → TVD 2207.2-2271.6m (correction: 323.3m)
PKP-01,118503.09,453402.51,2225.443798503488,9.487,71.680756,2.55825,2207.245625,2271.6459574468086,64.4,22.716662832999923,tvd_corrected,AH 2530.5-2603.5m → TVD 2207.2-2271.6m (correction: 323.3m)
PKP-01,118503.09,453402.51,2225.532139151563,9.3396,73.267349,2.567446,2207.245625,2271.6459574468086,64.4,22.716662832999923,tvd_corrected,AH 2530.5-2603.5m → TVD 2207.2-2271.6m (correction: 323.3m)
PKP-01,118503.09,453402.51,2225.620479799638,9.1749,75.155746,2.578926,2207.245625,2271.6459574468086,64.4,22.716662832999923,tvd_corrected,AH 2530.5-2603.5m → TVD 2207.2-2271.6m (correction: 323.3m)
PKP-01,118503.09,453402.51,2225.708820447713,9.0297,76.795776,2.589569,2207.245625,2271.6459574468086,64.4,22.716662832999923,tvd_corrected,AH 2530.5-2603.5m → TVD 2207.2-2271.6m (correction: 323.3m)
PKP-01,118503.09,453402.51,2225.7971610957884,8.9647,77.316666,2.592641,2207.245625,2271.6459574468086,64.4,22.716662832999923,tvd_corrected,AH 2530.5-2603.5m → TVD 2207.2-2271.6m (correction: 323.3m)
PKP-01,118503.09,453402.51,2225.8855017438636,8.971400000000001,76.207138,2.58294,2207.245625,2271.6459574468086,64.4,22.716662832999923,tvd_corrected,AH 2530.5-2603.5m → TVD 2207.2-2271.6m (correction: 323.3m)
PKP-01,118503.09,453402.51,2225.973842391939,9.0387,73.524353,2.559825,2207.245625,2271.6459574468086,64.4,22.716662832999923,tvd_corrected,AH 2530.5-2603.5m → TVD 2207.2-2271.6m (correction: 323.3m)
PKP-01,118503.09,453402.51,2226.062183040014,9.1674,69.843918,2.531534,2207.245625,2271.6459574468086,64.4,22.716662832999923,tvd_corrected,AH 2530.5-2603.5m → TVD 2207.2-2271.6m (correction: 323.3m)
PKP-01,118503.09,453402.51,2226.1505236880894,9.34,66.003601,2.508842,2207.245625,2271.6459574468086,64.4,22.716662832999923,tvd_corrected,AH 2530.5-2603.5m → TVD 2207.2-2271.6m (correction: 323.3m)
PKP-01,118503.09,453402.51,2226.2388643361646,9.5538,63.006187,2.495411,2207.245625,2271.6459574468086,64.4,22.716662832999923,tvd_corrected,AH 2530.5-2603.5m → TVD 2207.2-2271.6m (correction: 323.3m)
PKP-01,118503.09,453402.51,2226.3272049842394,9.8304,61.336311,2.488139,2207.245625,2271.6459574468086,64.4,22.716662832999923,tvd_corrected,AH 2530.5-2603.5m → TVD 2207.2-2271.6m (correction: 323.3m)
PKP-01,118503.09,453402.51,2226.4155456323147,10.1791,60.43544,2.483979,2207.245625,2271.6459574468086,64.4,22.716662832999923,tvd_corrected,AH 2530.5-2603.5m → TVD 2207.2-2271.6m (correction: 323.3m)
PKP-01,118503.09,453402.51,2226.50388628039,10.626,59.70507,2.481783,2207.245625,2271.6459574468086,64.4,22.716662832999923,tvd_corrected,AH 2530.5-2603.5m → TVD 2207.2-2271.6m (correction: 323.3m)
PKP-01,118503.09,453402.51,2226.592226928465,11.1512,59.145943,2.480865,2207.245625,2271.6459574468086,64.4,22.716662832999923,tvd_corrected,AH 2530.5-2603.5m → TVD 2207.2-2271.6m (correction: 323.3m)
PKP-01,118503.09,453402.51,2226.6805675765404,11.7007,58.943817,2.480757,2207.245625,2271.6459574468086,64.4,22.716662832999923,tvd_corrected,AH 2530.5-2603.5m → TVD 2207.2-2271.6m (correction: 323.3m)
PKP-01,118503.09,453402.51,2226.7689082246156,12.1653,59.22731,2.481149,2207.245625,2271.6459574468086,64.4,22.716662832999923,tvd_corrected,AH 2530.5-2603.5m → TVD 2207.2-2271.6m (correction: 323.3m)
PKP-01,118503.09,453402.51,2226.857248872691,12.4509,59.943481,2.481416,2207.245625,2271.6459574468086,64.4,22.716662832999923,tvd_corrected,AH 2530.5-2603.5m → TVD 2207.2-2271.6m (correction: 323.3m)
PKP-01,118503.09,453402.51,2226.9455895207657,12.5411,60.700493,2.480629,2207.245625,2271.6459574468086,64.4,22.716662832999923,tvd_corrected,AH 2530.5-2603.5m → TVD 2207.2-2271.6m (correction: 323.3m)
PKP-01,118503.09,453402.51,2227.033930168841,12.4862,60.787956,2.477566,2207.245625,2271.6459574468086,64.4,22.716662832999923,tvd_corrected,AH 2530.5-2603.5m → TVD 2207.2-2271.6m (correction: 323.3m)
PKP-01,118503.09,453402.51,2227.122270816916,12.4092,60.017426,2.471966,2207.245625,2271.6459574468086,64.4,22.716662832999923,tvd_corrected,AH 2530.5-2603.5m → TVD 2207.2-2271.6m (correction: 323.3m)
PKP-01,118503.09,453402.51,2227.2106114649914,12.3634,58.911346,2.467622,2207.245625,2271.6459574468086,64.4,22.716662832999923,tvd_corrected,AH 2530.5-2603.5m → TVD 2207.2-2271.6m (correction: 323.3m)
PKP-01,118503.09,453402.51,2227.2989521130667,12.2948,58.275139,2.470942,2207.245625,2271.6459574468086,64.4,22.716662832999923,tvd_corrected,AH 2530.5-2603.5m → TVD 2207.2-2271.6m (correction: 323.3m)
PKP-01,118503.09,453402.51,2227.387292761142,12.1788,58.417244,2.48395,2207.245625,2271.6459574468086,64.4,22.716662832999923,tvd_corrected,AH 2530.5-2603.5m → TVD 2207.2-2271.6m (correction: 323.3m)
PKP-01,118503.09,453402.51,2227.475633409217,12.1181,59.259476,2.503043,2207.245625,2271.6459574468086,64.4,22.716662832999923,tvd_corrected,AH 2530.5-2603.5m → TVD 2207.2-2271.6m (correction: 323.3m)
PKP-01,118503.09,453402.51,2227.563974057292,12.1812,60.374451,2.520592,2207.245625,2271.6459574468086,64.4,22.716662832999923,tvd_corrected,AH 2530.5-2603.5m → TVD 2207.2-2271.6m (correction: 323.3m)
PKP-01,118503.09,453402.51,2227.652314705367,12.254,61.195587,2.531157,2207.245625,2271.6459574468086,64.4,22.716662832999923,tvd_corrected,AH 2530.5-2603.5m → TVD 2207.2-2271.6m (correction: 323.3m)
PKP-01,118503.09,453402.51,2227.7406553534424,12.16,61.324928,2.533175,2207.245625,2271.6459574468086,64.4,22.716662832999923,tvd_corrected,AH 2530.5-2603.5m → TVD 2207.2-2271.6m (correction: 323.3m)
PKP-01,118503.09,453402.51,2227.8289960015177,11.8524,60.930298,2.52947,2207.245625,2271.6459574468086,64.4,22.716662832999923,tvd_corrected,AH 2530.5-2603.5m → TVD 2207.2-2271.6m (correction: 323.3m)
PKP-01,118503.09,453402.51,2227.917336649593,11.477,60.435509,2.525012,2207.245625,2271.6459574468086,64.4,22.716662832999923,tvd_corrected,AH 2530.5-2603.5m → TVD 2207.2-2271.6m (correction: 323.3m)
PKP-01,118503.09,453402.51,2228.005677297668,11.224,60.147278,2.523907,2207.245625,2271.6459574468086,64.4,22.716662832999923,tvd_corrected,AH 2530.5-2603.5m → TVD 2207.2-2271.6m (correction: 323.3m)
PKP-01,118503.09,453402.51,2228.0940179457434,11.1595,60.135468,2.525264,2207.245625,2271.6459574468086,64.4,22.716662832999923,tvd_corrected,AH 2530.5-2603.5m → TVD 2207.2-2271.6m (correction: 323.3m)
PKP-01,118503.09,453402.51,2228.182358593818,11.2528,60.41008,2.526458,2207.245625,2271.6459574468086,64.4,22.716662832999923,tvd_corrected,AH 2530.5-2603.5m → TVD 2207.2-2271.6m (correction: 323.3m)
PKP-01,118503.09,453402.51,2228.2706992418935,11.4086,60.974022,2.526467,2207.245625,2271.6459574468086,64.4,22.716662832999923,tvd_corrected,AH 2530.5-2603.5m → TVD 2207.2-2271.6m (correction: 323.3m)
PKP-01,118503.09,453402.51,2228.3590398899687,11.5659,61.79142,2.524515,2207.245625,2271.6459574468086,64.4,22.716662832999923,tvd_corrected,AH 2530.5-2603.5m → TVD 2207.2-2271.6m (correction: 323.3m)
PKP-01,118503.09,453402.51,2228.447380538044,11.703,62.708916,2.519966,2207.245625,2271.6459574468086,64.4,22.716662832999923,tvd_corrected,AH 2530.5-2603.5m → TVD 2207.2-2271.6m (correction: 323.3m)
PKP-01,118503.09,453402.51,2228.535721186119,11.7948,63.487717,2.514117,2207.245625,2271.6459574468086,64.4,22.716662832999923,tvd_corrected,AH 2530.5-2603.5m → TVD 2207.2-2271.6m (correction: 323.3m)
PKP-01,118503.09,453402.51,2228.6240618341944,11.8053,63.812981,2.509825,2207.245625,2271.6459574468086,64.4,22.716662832999923,tvd_corrected,AH 2530.5-2603.5m → TVD 2207.2-2271.6m (correction: 323.3m)
PKP-01,118503.09,453402.51,2228.7124024822697,11.7357,63.453239,2.50826,2207.245625,2271.6459574468086,64.4,22.716662832999923,tvd_corrected,AH 2530.5-2603.5m → TVD 2207.2-2271.6m (correction: 323.3m)
PKP-01,118503.09,453402.51,2228.800743130345,11.6319,62.462067,2.508061,2207.245625,2271.6459574468086,64.4,22.716662832999923,tvd_corrected,AH 2530.5-2603.5m → TVD 2207.2-2271.6m (correction: 323.3m)
PKP-01,118503.09,453402.51,2228.8890837784197,11.54,61.292496,2.507883,2207.245625,2271.6459574468086,64.4,22.716662832999923,tvd_corrected,AH 2530.5-2603.5m → TVD 2207.2-2271.6m (correction: 323.3m)
PKP-01,118503.09,453402.51,2228.977424426495,11.4807,60.621628,2.507978,2207.245625,2271.6459574468086,64.4,22.716662832999923,tvd_corrected,AH 2530.5-2603.5m → TVD 2207.2-2271.6m (correction: 323.3m)
PKP-01,118503.09,453402.51,2229.06576507457,11.4724,60.897339,2.508323,2207.245625,2271.6459574468086,64.4,22.716662832999923,tvd_corrected,AH 2530.5-2603.5m → TVD 2207.2-2271.6m (correction: 323.3m)
PKP-01,118503.09,453402.51,2229.1541057226455,11.5565,62.117027,2.5081,2207.245625,2271.6459574468086,64.4,22.716662832999923,tvd_corrected,AH 2530.5-2603.5m → TVD 2207.2-2271.6m (correction: 323.3m)
PKP-01,118503.09,453402.51,2229.2424463707207,11.7539,63.813232,2.507955,2207.245625,2271.6459574468086,64.4,22.716662832999923,tvd_corrected,AH 2530.5-2603.5m → TVD 2207.2-2271.6m (correction: 323.3m)
PKP-01,118503.09,453402.51,2229.330787018796,11.9943,65.396149,2.509871,2207.245625,2271.6459574468086,64.4,22.716662832999923,tvd_corrected,AH 2530.5-2603.5m → TVD 2207.2-2271.6m (correction: 323.3m)
PKP-01,118503.09,453402.51,2229.419127666871,12.1442,66.419891,2.513838,2207.245625,2271.6459574468086,64.4,22.716662832999923,tvd_corrected,AH 2530.5-2603.5m → TVD 2207.2-2271.6m (correction: 323.3m)
PKP-01,118503.09,453402.51,2229.507468314946,12.136,66.677979,2.518315,2207.245625,2271.6459574468086,64.4,22.716662832999923,tvd_corrected,AH 2530.5-2603.5m → TVD 2207.2-2271.6m (correction: 323.3m)
PKP-01,118503.09,453402.51,2229.595808963021,11.9821,66.236633,2.522185,2207.245625,2271.6459574468086,64.4,22.716662832999923,tvd_corrected,AH 2530.5-2603.5m → TVD 2207.2-2271.6m (correction: 323.3m)
PKP-01,118503.09,453402.51,2229.6841496110965,11.7126,65.51329,2.524288,2207.245625,2271.6459574468086,64.4,22.716662832999923,tvd_corrected,AH 2530.5-2603.5m → TVD 2207.2-2271.6m (correction: 323.3m)
PKP-01,118503.09,453402.51,2229.7724902591717,11.4374,65.032043,2.524643,2207.245625,2271.6459574468086,64.4,22.716662832999923,tvd_corrected,AH 2530.5-2603.5m → TVD 2207.2-2271.6m (correction: 323.3m)
PKP-01,118503.09,453402.51,2229.860830907247,11.321,64.956482,2.524735,2207.245625,2271.6459574468086,64.4,22.716662832999923,tvd_corrected,AH 2530.5-2603.5m → TVD 2207.2-2271.6m (correction: 323.3m)
PKP-01,118503.09,453402.51,2229.949171555322,11.3931,64.992767,2.525759,2207.245625,2271.6459574468086,64.4,22.716662832999923,tvd_corrected,AH 2530.5-2603.5m → TVD 2207.2-2271.6m (correction: 323.3m)
PKP-01,118503.09,453402.51,2230.0375122033975,11.5594,64.842209,2.528808,2207.245625,2271.6459574468086,64.4,22.716662832999923,tvd_corrected,AH 2530.5-2603.5m → TVD 2207.2-2271.6m (correction: 323.3m)
PKP-01,118503.09,453402.51,2230.1258528514722,11.7302,64.4617,2.535394,2207.245625,2271.6459574468086,64.4,22.716662832999923,tvd_corrected,AH 2530.5-2603.5m → TVD 2207.2-2271.6m (correction: 323.3m)
PKP-01,118503.09,453402.51,2230.2141934995475,11.8073,63.892746,2.545384,2207.245625,2271.6459574468086,64.4,22.716662832999923,tvd_corrected,AH 2530.5-2603.5m → TVD 2207.2-2271.6m (correction: 323.3m)
PKP-01,118503.09,453402.51,2230.3025341476227,11.7243,63.278969,2.555683,2207.245625,2271.6459574468086,64.4,22.716662832999923,tvd_corrected,AH 2530.5-2603.5m → TVD 2207.2-2271.6m (correction: 323.3m)
PKP-01,118503.09,453402.51,2230.390874795698,11.5391,62.915886,2.561827,2207.245625,2271.6459574468086,64.4,22.716662832999923,tvd_corrected,AH 2530.5-2603.5m → TVD 2207.2-2271.6m (correction: 323.3m)
PKP-01,118503.09,453402.51,2230.4792154437732,11.382,62.942078,2.561181,2207.245625,2271.6459574468086,64.4,22.716662832999923,tvd_corrected,AH 2530.5-2603.5m → TVD 2207.2-2271.6m (correction: 323.3m)
PKP-01,118503.09,453402.51,2230.5675560918485,11.3493,63.246635,2.554408,2207.245625,2271.6459574468086,64.4,22.716662832999923,tvd_corrected,AH 2530.5-2603.5m → TVD 2207.2-2271.6m (correction: 323.3m)
PKP-01,118503.09,453402.51,2230.6558967399237,11.477,63.713097,2.545212,2207.245625,2271.6459574468086,64.4,22.716662832999923,tvd_corrected,AH 2530.5-2603.5m → TVD 2207.2-2271.6m (correction: 323.3m)
PKP-01,118503.09,453402.51,2230.744237387999,11.77,64.389404,2.537505,2207.245625,2271.6459574468086,64.4,22.716662832999923,tvd_corrected,AH 2530.5-2603.5m → TVD 2207.2-2271.6m (correction: 323.3m)
PKP-01,118503.09,453402.51,2230.8325780360738,12.1618,65.324951,2.533415,2207.245625,2271.6459574468086,64.4,22.716662832999923,tvd_corrected,AH 2530.5-2603.5m → TVD 2207.2-2271.6m (correction: 323.3m)
PKP-01,118503.09,453402.51,2230.920918684149,12.4935,66.438644,2.532742,2207.245625,2271.6459574468086,64.4,22.716662832999923,tvd_corrected,AH 2530.5-2603.5m → TVD 2207.2-2271.6m (correction: 323.3m)
PKP-01,118503.09,453402.51,2231.0092593322242,12.6427,67.588211,2.533347,2207.245625,2271.6459574468086,64.4,22.716662832999923,tvd_corrected,AH 2530.5-2603.5m → TVD 2207.2-2271.6m (correction: 323.3m)
PKP-01,118503.09,453402.51,2231.0975999802995,12.629,68.716522,2.532809,2207.245625,2271.6459574468086,64.4,22.716662832999923,tvd_corrected,AH 2530.5-2603.5m → TVD 2207.2-2271.6m (correction: 323.3m)
PKP-01,118503.09,453402.51,2231.1859406283747,12.4786,69.74437,2.531352,2207.245625,2271.6459574468086,64.4,22.716662832999923,tvd_corrected,AH 2530.5-2603.5m → TVD 2207.2-2271.6m (correction: 323.3m)
PKP-01,118503.09,453402.51,2231.27428127645,12.16,70.305161,2.530981,2207.245625,2271.6459574468086,64.4,22.716662832999923,tvd_corrected,AH 2530.5-2603.5m → TVD 2207.2-2271.6m (correction: 323.3m)
PKP-01,118503.09,453402.51,2231.3626219245252,11.7023,70.012604,2.531267,2207.245625,2271.6459574468086,64.4,22.716662832999923,tvd_corrected,AH 2530.5-2603.5m → TVD 2207.2-2271.6m (correction: 323.3m)
PKP-01,118503.09,453402.51,2231.4509625726,11.1725,68.754135,2.52985,2207.245625,2271.6459574468086,64.4,22.716662832999923,tvd_corrected,AH 2530.5-2603.5m → TVD 2207.2-2271.6m (correction: 323.3m)
PKP-01,118503.09,453402.51,2231.5393032206753,10.6226,66.683578,2.526147,2207.245625,2271.6459574468086,64.4,22.716662832999923,tvd_corrected,AH 2530.5-2603.5m → TVD 2207.2-2271.6m (correction: 323.3m)
PKP-01,118503.09,453402.51,2231.6276438687505,10.1483,64.228058,2.521661,2207.245625,2271.6459574468086,64.4,22.716662832999923,tvd_corrected,AH 2530.5-2603.5m → TVD 2207.2-2271.6m (correction: 323.3m)
PKP-01,118503.09,453402.51,2231.7159845168258,9.9024,62.139214,2.518215,2207.245625,2271.6459574468086,64.4,22.716662832999923,tvd_corrected,AH 2530.5-2603.5m → TVD 2207.2-2271.6m (correction: 323.3m)
PKP-01,118503.09,453402.51,2231.804325164901,9.9723,61.026939,2.516839,2207.245625,2271.6459574468086,64.4,22.716662832999923,tvd_corrected,AH 2530.5-2603.5m → TVD 2207.2-2271.6m (correction: 323.3m)
PKP-01,118503.09,453402.51,2231.8926658129762,10.3048,60.861351,2.517906,2207.245625,2271.6459574468086,64.4,22.716662832999923,tvd_corrected,AH 2530.5-2603.5m → TVD 2207.2-2271.6m (correction: 323.3m)
PKP-01,118503.09,453402.51,2231.9810064610515,10.7431,61.234474,2.520944,2207.245625,2271.6459574468086,64.4,22.716662832999923,tvd_corrected,AH 2530.5-2603.5m → TVD 2207.2-2271.6m (correction: 323.3m)
PKP-01,118503.09,453402.51,2232.0693471091263,11.1464,61.991211,2.524793,2207.245625,2271.6459574468086,64.4,22.716662832999923,tvd_corrected,AH 2530.5-2603.5m → TVD 2207.2-2271.6m (correction: 323.3m)
PKP-01,118503.09,453402.51,2232.1576877572015,11.4568,63.204193,2.528802,2207.245625,2271.6459574468086,64.4,22.716662832999923,tvd_corrected,AH 2530.5-2603.5m → TVD 2207.2-2271.6m (correction: 323.3m)
PKP-01,118503.09,453402.51,2232.246028405277,11.6668,64.865219,2.532891,2207.245625,2271.6459574468086,64.4,22.716662832999923,tvd_corrected,AH 2530.5-2603.5m → TVD 2207.2-2271.6m (correction: 323.3m)
PKP-01,118503.09,453402.51,2232.334369053352,11.7433,66.921814,2.536296,2207.245625,2271.6459574468086,64.4,22.716662832999923,tvd_corrected,AH 2530.5-2603.5m → TVD 2207.2-2271.6m (correction: 323.3m)
PKP-01,118503.09,453402.51,2232.4227097014273,11.6092,69.269897,2.538224,2207.245625,2271.6459574468086,64.4,22.716662832999923,tvd_corrected,AH 2530.5-2603.5m → TVD 2207.2-2271.6m (correction: 323.3m)
PKP-01,118503.09,453402.51,2232.5110503495025,11.2596,71.38829,2.538693,2207.245625,2271.6459574468086,64.4,22.716662832999923,tvd_corrected,AH 2530.5-2603.5m → TVD 2207.2-2271.6m (correction: 323.3m)
PKP-01,118503.09,453402.51,2232.5993909975778,10.8242,72.631424,2.537699,2207.245625,2271.6459574468086,64.4,22.716662832999923,tvd_corrected,AH 2530.5-2603.5m → TVD 2207.2-2271.6m (correction: 323.3m)
PKP-01,118503.09,453402.51,2232.6877316456525,10.4586,72.799545,2.535759,2207.245625,2271.6459574468086,64.4,22.716662832999923,tvd_corrected,AH 2530.5-2603.5m → TVD 2207.2-2271.6m (correction: 323.3m)
PKP-01,118503.09,453402.51,2232.776072293728,10.25,72.044937,2.534091,2207.245625,2271.6459574468086,64.4,22.716662832999923,tvd_corrected,AH 2530.5-2603.5m → TVD 2207.2-2271.6m (correction: 323.3m)
PKP-01,118503.09,453402.51,2232.864412941803,10.2337,70.408951,2.533087,2207.245625,2271.6459574468086,64.4,22.716662832999923,tvd_corrected,AH 2530.5-2603.5m → TVD 2207.2-2271.6m (correction: 323.3m)
PKP-01,118503.09,453402.51,2232.9527535898783,10.3287,68.281174,2.53289,2207.245625,2271.6459574468086,64.4,22.716662832999923,tvd_corrected,AH 2530.5-2603.5m → TVD 2207.2-2271.6m (correction: 323.3m)
PKP-01,118503.09,453402.51,2233.0410942379535,10.3692,66.488785,2.534089,2207.245625,2271.6459574468086,64.4,22.716662832999923,tvd_corrected,AH 2530.5-2603.5m → TVD 2207.2-2271.6m (correction: 323.3m)
PKP-01,118503.09,453402.51,2233.129434886029,10.3119,65.313599,2.536758,2207.245625,2271.6459574468086,64.4,22.716662832999923,tvd_corrected,AH 2530.5-2603.5m → TVD 2207.2-2271.6m (correction: 323.3m)
PKP-01,118503.09,453402.51,2233.217775534104,10.1687,64.594986,2.539898,2207.245625,2271.6459574468086,64.4,22.716662832999923,tvd_corrected,AH 2530.5-2603.5m → TVD 2207.2-2271.6m (correction: 323.3m)
PKP-01,118503.09,453402.51,2233.3061161821793,9.9217,64.200882,2.542283,2207.245625,2271.6459574468086,64.4,22.716662832999923,tvd_corrected,AH 2530.5-2603.5m → TVD 2207.2-2271.6m (correction: 323.3m)
PKP-01,118503.09,453402.51,2233.394456830254,9.6565,64.024246,2.542406,2207.245625,2271.6459574468086,64.4,22.716662832999923,tvd_corrected,AH 2530.5-2603.5m → TVD 2207.2-2271.6m (correction: 323.3m)
PKP-01,118503.09,453402.51,2233.4827974783293,9.5059,64.050766,2.539108,2207.245625,2271.6459574468086,64.4,22.716662832999923,tvd_corrected,AH 2530.5-2603.5m → TVD 2207.2-2271.6m (correction: 323.3m)
PKP-01,118503.09,453402.51,2233.5711381264045,9.4741,64.445602,2.531753,2207.245625,2271.6459574468086,64.4,22.716662832999923,tvd_corrected,AH 2530.5-2603.5m → TVD 2207.2-2271.6m (correction: 323.3m)
PKP-01,118503.09,453402.51,2233.65947877448,9.591,65.171219,2.521828,2207.245625,2271.6459574468086,64.4,22.716662832999923,tvd_corrected,AH 2530.5-2603.5m → TVD 2207.2-2271.6m (correction: 323.3m)
PKP-01,118503.09,453402.51,2233.747819422555,9.8742,65.867264,2.512728,2207.245625,2271.6459574468086,64.4,22.716662832999923,tvd_corrected,AH 2530.5-2603.5m → TVD 2207.2-2271.6m (correction: 323.3m)
PKP-01,118503.09,453402.51,2233.8361600706303,10.2147,66.194168,2.507737,2207.245625,2271.6459574468086,64.4,22.716662832999923,tvd_corrected,AH 2530.5-2603.5m → TVD 2207.2-2271.6m (correction: 323.3m)
PKP-01,118503.09,453402.51,2233.9245007187055,10.4343,65.906235,2.508188,2207.245625,2271.6459574468086,64.4,22.716662832999923,tvd_corrected,AH 2530.5-2603.5m → TVD 2207.2-2271.6m (correction: 323.3m)
PKP-01,118503.09,453402.51,2234.0128413667803,10.4605,65.197952,2.512674,2207.245625,2271.6459574468086,64.4,22.716662832999923,tvd_corrected,AH 2530.5-2603.5m → TVD 2207.2-2271.6m (correction: 323.3m)
PKP-01,118503.09,453402.51,2234.1011820148556,10.3047,64.636154,2.520035,2207.245625,2271.6459574468086,64.4,22.716662832999923,tvd_corrected,AH 2530.5-2603.5m → TVD 2207.2-2271.6m (correction: 323.3m)
PKP-01,118503.09,453402.51,2234.189522662931,10.0523,64.496643,2.526662,2207.245625,2271.6459574468086,64.4,22.716662832999923,tvd_corrected,AH 2530.5-2603.5m → TVD 2207.2-2271.6m (correction: 323.3m)
PKP-01,118503.09,453402.51,2234.277863311006,9.816,64.622375,2.529059,2207.245625,2271.6459574468086,64.4,22.716662832999923,tvd_corrected,AH 2530.5-2603.5m → TVD 2207.2-2271.6m (correction: 323.3m)
PKP-01,118503.09,453402.51,2234.3662039590813,9.7336,64.919571,2.527252,2207.245625,2271.6459574468086,64.4,22.716662832999923,tvd_corrected,AH 2530.5-2603.5m → TVD 2207.2-2271.6m (correction: 323.3m)
PKP-01,118503.09,453402.51,2234.4545446071565,9.8542,65.135681,2.524376,2207.245625,2271.6459574468086,64.4,22.716662832999923,tvd_corrected,AH 2530.5-2603.5m → TVD 2207.2-2271.6m (correction: 323.3m)
PKP-01,118503.09,453402.51,2234.542885255232,10.1353,64.995682,2.522994,2207.245625,2271.6459574468086,64.4,22.716662832999923,tvd_corrected,AH 2530.5-2603.5m → TVD 2207.2-2271.6m (correction: 323.3m)
PKP-01,118503.09,453402.51,2234.6312259033066,10.4599,64.733231,2.526002,2207.245625,2271.6459574468086,64.4,22.716662832999923,tvd_corrected,AH 2530.5-2603.5m → TVD 2207.2-2271.6m (correction: 323.3m)
PKP-01,118503.09,453402.51,2234.719566551382,10.7328,64.588608,2.53442,2207.245625,2271.6459574468086,64.4,22.716662832999923,tvd_corrected,AH 2530.5-2603.5m → TVD 2207.2-2271.6m (correction: 323.3m)
PKP-01,118503.09,453402.51,2234.807907199457,10.9233,64.472961,2.546801,2207.245625,2271.6459574468086,64.4,22.716662832999923,tvd_corrected,AH 2530.5-2603.5m → TVD 2207.2-2271.6m (correction: 323.3m)
PKP-01,118503.09,453402.51,2234.8962478475323,10.9571,64.513397,2.557792,2207.245625,2271.6459574468086,64.4,22.716662832999923,tvd_corrected,AH 2530.5-2603.5m → TVD 2207.2-2271.6m (correction: 323.3m)
PKP-01,118503.09,453402.51,2234.9845884956076,10.768,64.75441,2.563253,2207.245625,2271.6459574468086,64.4,22.716662832999923,tvd_corrected,AH 2530.5-2603.5m → TVD 2207.2-2271.6m (correction: 323.3m)
PKP-01,118503.09,453402.51,2235.072929143683,10.3955,64.773468,2.562467,2207.245625,2271.6459574468086,64.4,22.716662832999923,tvd_corrected,AH 2530.5-2603.5m → TVD 2207.2-2271.6m (correction: 323.3m)
PKP-01,118503.09,453402.51,2235.161269791758,9.9732,64.401733,2.558014,2207.245625,2271.6459574468086,64.4,22.716662832999923,tvd_corrected,AH 2530.5-2603.5m → TVD 2207.2-2271.6m (correction: 323.3m)
PKP-01,118503.09,453402.51,2235.2496104398333,9.6019,63.794853,2.552878,2207.245625,2271.6459574468086,64.4,22.716662832999923,tvd_corrected,AH 2530.5-2603.5m → TVD 2207.2-2271.6m (correction: 323.3m)
PKP-01,118503.09,453402.51,2235.337951087908,9.3931,62.949814,2.549989,2207.245625,2271.6459574468086,64.4,22.716662832999923,tvd_corrected,AH 2530.5-2603.5m → TVD 2207.2-2271.6m (correction: 323.3m)
PKP-01,118503.09,453402.51,2235.4262917359833,9.3769,61.994789,2.549033,2207.245625,2271.6459574468086,64.4,22.716662832999923,tvd_corrected,AH 2530.5-2603.5m → TVD 2207.2-2271.6m (correction: 323.3m)
PKP-01,118503.09,453402.51,2235.5146323840586,9.4878,61.30159,2.546786,2207.245625,2271.6459574468086,64.4,22.716662832999923,tvd_corrected,AH 2530.5-2603.5m → TVD 2207.2-2271.6m (correction: 323.3m)
PKP-01,118503.09,453402.51,2235.602973032134,9.7008,61.185524,2.542421,2207.245625,2271.6459574468086,64.4,22.716662832999923,tvd_corrected,AH 2530.5-2603.5m → TVD 2207.2-2271.6m (correction: 323.3m)
PKP-01,118503.09,453402.51,2235.691313680209,9.9465,61.548836,2.538932,2207.245625,2271.6459574468086,64.4,22.716662832999923,tvd_corrected,AH 2530.5-2603.5m → TVD 2207.2-2271.6m (correction: 323.3m)
PKP-01,118503.09,453402.51,2235.7796543282843,10.1327,62.049713,2.539465,2207.245625,2271.6459574468086,64.4,22.716662832999923,tvd_corrected,AH 2530.5-2603.5m → TVD 2207.2-2271.6m (correction: 323.3m)
PKP-01,118503.09,453402.51,2235.8679949763596,10.1824,62.278145,2.545177,2207.245625,2271.6459574468086,64.4,22.716662832999923,tvd_corrected,AH 2530.5-2603.5m → TVD 2207.2-2271.6m (correction: 323.3m)
PKP-01,118503.09,453402.51,2235.9563356244344,10.0952,61.980118,2.552708,2207.245625,2271.6459574468086,64.4,22.716662832999923,tvd_corrected,AH 2530.5-2603.5m → TVD 2207.2-2271.6m (correction: 323.3m)
PKP-01,118503.09,453402.51,2236.0446762725096,9.8793,61.377014,2.555357,2207.245625,2271.6459574468086,64.4,22.716662832999923,tvd_corrected,AH 2530.5-2603.5m → TVD 2207.2-2271.6m (correction: 323.3m)
PKP-01,118503.09,453402.51,2236.133016920585,9.6166,61.377296,2.549708,2207.245625,2271.6459574468086,64.4,22.716662832999923,tvd_corrected,AH 2530.5-2603.5m → TVD 2207.2-2271.6m (correction: 323.3m)
PKP-01,118503.09,453402.51,2236.22135756866,9.418,62.588593,2.538823,2207.245625,2271.6459574468086,64.4,22.716662832999923,tvd_corrected,AH 2530.5-2603.5m → TVD 2207.2-2271.6m (correction: 323.3m)
PKP-01,118503.09,453402.51,2236.3096982167353,9.3833,64.751328,2.528822,2207.245625,2271.6459574468086,64.4,22.716662832999923,tvd_corrected,AH 2530.5-2603.5m → TVD 2207.2-2271.6m (correction: 323.3m)
PKP-01,118503.09,453402.51,2236.3980388648106,9.502,66.959641,2.524297,2207.245625,2271.6459574468086,64.4,22.716662832999923,tvd_corrected,AH 2530.5-2603.5m → TVD 2207.2-2271.6m (correction: 323.3m)
PKP-01,118503.09,453402.51,2236.486379512886,9.6811,68.4534,2.525794,2207.245625,2271.6459574468086,64.4,22.716662832999923,tvd_corrected,AH 2530.5-2603.5m → TVD 2207.2-2271.6m (correction: 323.3m)
PKP-01,118503.09,453402.51,2236.5747201609606,9.8217,68.655334,2.532275,2207.245625,2271.6459574468086,64.4,22.716662832999923,tvd_corrected,AH 2530.5-2603.5m → TVD 2207.2-2271.6m (correction: 323.3m)
PKP-01,118503.09,453402.51,2236.663060809036,9.8701,67.596161,2.540563,2207.245625,2271.6459574468086,64.4,22.716662832999923,tvd_corrected,AH 2530.5-2603.5m → TVD 2207.2-2271.6m (correction: 323.3m)
PKP-01,118503.09,453402.51,2236.751401457111,9.8098,65.745911,2.546781,2207.245625,2271.6459574468086,64.4,22.716662832999923,tvd_corrected,AH 2530.5-2603.5m → TVD 2207.2-2271.6m (correction: 323.3m)
PKP-01,118503.09,453402.51,2236.8397421051864,9.676,63.743515,2.550427,2207.245625,2271.6459574468086,64.4,22.716662832999923,tvd_corrected,AH 2530.5-2603.5m → TVD 2207.2-2271.6m (correction: 323.3m)
PKP-01,118503.09,453402.51,2236.9280827532616,9.5074,61.794823,2.552943,2207.245625,2271.6459574468086,64.4,22.716662832999923,tvd_corrected,AH 2530.5-2603.5m → TVD 2207.2-2271.6m (correction: 323.3m)
PKP-01,118503.09,453402.51,2237.016423401337,9.3251,59.992714,2.553412,2207.245625,2271.6459574468086,64.4,22.716662832999923,tvd_corrected,AH 2530.5-2603.5m → TVD 2207.2-2271.6m (correction: 323.3m)
PKP-01,118503.09,453402.51,2237.104764049412,9.1411,58.454308,2.550929,2207.245625,2271.6459574468086,64.4,22.716662832999923,tvd_corrected,AH 2530.5-2603.5m → TVD 2207.2-2271.6m (correction: 323.3m)
PKP-01,118503.09,453402.51,2237.193104697487,8.9808,57.213524,2.545322,2207.245625,2271.6459574468086,64.4,22.716662832999923,tvd_corrected,AH 2530.5-2603.5m → TVD 2207.2-2271.6m (correction: 323.3m)
PKP-01,118503.09,453402.51,2237.281445345562,8.9047,56.288818,2.535486,2207.245625,2271.6459574468086,64.4,22.716662832999923,tvd_corrected,AH 2530.5-2603.5m → TVD 2207.2-2271.6m (correction: 323.3m)
PKP-01,118503.09,453402.51,2237.3697859936374,8.985999999999999,55.726158,2.521901,2207.245625,2271.6459574468086,64.4,22.716662832999923,tvd_corrected,AH 2530.5-2603.5m → TVD 2207.2-2271.6m (correction: 323.3m)
PKP-01,118503.09,453402.51,2237.4581266417126,9.2643,55.663292,2.508133,2207.245625,2271.6459574468086,64.4,22.716662832999923,tvd_corrected,AH 2530.5-2603.5m → TVD 2207.2-2271.6m (correction: 323.3m)
PKP-01,118503.09,453402.51,2237.546467289788,9.695,56.140373,2.497061,2207.245625,2271.6459574468086,64.4,22.716662832999923,tvd_corrected,AH 2530.5-2603.5m → TVD 2207.2-2271.6m (correction: 323.3m)
PKP-01,118503.09,453402.51,2237.634807937863,10.2024,56.97229,2.489554,2207.245625,2271.6459574468086,64.4,22.716662832999923,tvd_corrected,AH 2530.5-2603.5m → TVD 2207.2-2271.6m (correction: 323.3m)
PKP-01,118503.09,453402.51,2237.7231485859384,10.7004,57.735893,2.486269,2207.245625,2271.6459574468086,64.4,22.716662832999923,tvd_corrected,AH 2530.5-2603.5m → TVD 2207.2-2271.6m (correction: 323.3m)
PKP-01,118503.09,453402.51,2237.8114892340136,11.0919,58.033409,2.485939,2207.245625,2271.6459574468086,64.4,22.716662832999923,tvd_corrected,AH 2530.5-2603.5m → TVD 2207.2-2271.6m (correction: 323.3m)
PKP-01,118503.09,453402.51,2237.8998298820884,11.3217,57.884239,2.486373,2207.245625,2271.6459574468086,64.4,22.716662832999923,tvd_corrected,AH 2530.5-2603.5m → TVD 2207.2-2271.6m (correction: 323.3m)
PKP-01,118503.09,453402.51,2237.9881705301636,11.4035,57.705215,2.487013,2207.245625,2271.6459574468086,64.4,22.716662832999923,tvd_corrected,AH 2530.5-2603.5m → TVD 2207.2-2271.6m (correction: 323.3m)
PKP-01,118503.09,453402.51,2238.076511178239,11.405,58.136894,2.488645,2207.245625,2271.6459574468086,64.4,22.716662832999923,tvd_corrected,AH 2530.5-2603.5m → TVD 2207.2-2271.6m (correction: 323.3m)
PKP-01,118503.09,453402.51,2238.164851826314,11.397,59.634163,2.492091,2207.245625,2271.6459574468086,64.4,22.716662832999923,tvd_corrected,AH 2530.5-2603.5m → TVD 2207.2-2271.6m (correction: 323.3m)
PKP-01,118503.09,453402.51,2238.2531924743894,11.4086,61.951675,2.497485,2207.245625,2271.6459574468086,64.4,22.716662832999923,tvd_corrected,AH 2530.5-2603.5m → TVD 2207.2-2271.6m (correction: 323.3m)
PKP-01,118503.09,453402.51,2238.3415331224646,11.4075,64.200302,2.504183,2207.245625,2271.6459574468086,64.4,22.716662832999923,tvd_corrected,AH 2530.5-2603.5m → TVD 2207.2-2271.6m (correction: 323.3m)
PKP-01,118503.09,453402.51,2238.42987377054,11.3224,65.575592,2.510942,2207.245625,2271.6459574468086,64.4,22.716662832999923,tvd_corrected,AH 2530.5-2603.5m → TVD 2207.2-2271.6m (correction: 323.3m)
PKP-01,118503.09,453402.51,2238.5182144186147,11.1188,65.744629,2.515999,2207.245625,2271.6459574468086,64.4,22.716662832999923,tvd_corrected,AH 2530.5-2603.5m → TVD 2207.2-2271.6m (correction: 323.3m)
PKP-01,118503.09,453402.51,2238.60655506669,10.8545,64.866302,2.518218,2207.245625,2271.6459574468086,64.4,22.716662832999923,tvd_corrected,AH 2530.5-2603.5m → TVD 2207.2-2271.6m (correction: 323.3m)
PKP-01,118503.09,453402.51,2238.694895714765,10.6366,63.508316,2.518767,2207.245625,2271.6459574468086,64.4,22.716662832999923,tvd_corrected,AH 2530.5-2603.5m → TVD 2207.2-2271.6m (correction: 323.3m)
PKP-01,118503.09,453402.51,2238.7832363628404,10.52,62.417931,2.520741,2207.245625,2271.6459574468086,64.4,22.716662832999923,tvd_corrected,AH 2530.5-2603.5m → TVD 2207.2-2271.6m (correction: 323.3m)
PKP-01,118503.09,453402.51,2238.8715770109156,10.4454,61.903908,2.524712,2207.245625,2271.6459574468086,64.4,22.716662832999923,tvd_corrected,AH 2530.5-2603.5m → TVD 2207.2-2271.6m (correction: 323.3m)
PKP-01,118503.09,453402.51,2238.959917658991,10.2844,61.829887,2.528682,2207.245625,2271.6459574468086,64.4,22.716662832999923,tvd_corrected,AH 2530.5-2603.5m → TVD 2207.2-2271.6m (correction: 323.3m)
PKP-01,118503.09,453402.51,2239.048258307066,9.913,61.974808,2.532916,2207.245625,2271.6459574468086,64.4,22.716662832999923,tvd_corrected,AH 2530.5-2603.5m → TVD 2207.2-2271.6m (correction: 323.3m)
PKP-01,118503.09,453402.51,2239.136598955141,9.3182,62.236519,2.538753,2207.245625,2271.6459574468086,64.4,22.716662832999923,tvd_corrected,AH 2530.5-2603.5m → TVD 2207.2-2271.6m (correction: 323.3m)
PKP-01,118503.09,453402.51,2239.224939603216,8.6306,62.438622,2.545218,2207.245625,2271.6459574468086,64.4,22.716662832999923,tvd_corrected,AH 2530.5-2603.5m → TVD 2207.2-2271.6m (correction: 323.3m)
PKP-01,118503.09,453402.51,2239.3132802512914,8.0139,62.303177,2.55101,2207.245625,2271.6459574468086,64.4,22.716662832999923,tvd_corrected,AH 2530.5-2603.5m → TVD 2207.2-2271.6m (correction: 323.3m)
PKP-01,118503.09,453402.51,2239.4016208993667,7.6151,61.710922,2.555353,2207.245625,2271.6459574468086,64.4,22.716662832999923,tvd_corrected,AH 2530.5-2603.5m → TVD 2207.2-2271.6m (correction: 323.3m)
PKP-01,118503.09,453402.51,2239.489961547442,7.4836,60.86599,2.55657,2207.245625,2271.6459574468086,64.4,22.716662832999923,tvd_corrected,AH 2530.5-2603.5m → TVD 2207.2-2271.6m (correction: 323.3m)
PKP-01,118503.09,453402.51,2239.578302195517,7.535200000000001,60.134529,2.552896,2207.245625,2271.6459574468086,64.4,22.716662832999923,tvd_corrected,AH 2530.5-2603.5m → TVD 2207.2-2271.6m (correction: 323.3m)
PKP-01,118503.09,453402.51,2239.6666428435924,7.6517,59.799896,2.545709,2207.245625,2271.6459574468086,64.4,22.716662832999923,tvd_corrected,AH 2530.5-2603.5m → TVD 2207.2-2271.6m (correction: 323.3m)
PKP-01,118503.09,453402.51,2239.7549834916676,7.76,59.908485,2.538902,2207.245625,2271.6459574468086,64.4,22.716662832999923,tvd_corrected,AH 2530.5-2603.5m → TVD 2207.2-2271.6m (correction: 323.3m)
PKP-01,118503.09,453402.51,2239.8433241397424,7.8227,60.379677,2.534068,2207.245625,2271.6459574468086,64.4,22.716662832999923,tvd_corrected,AH 2530.5-2603.5m → TVD 2207.2-2271.6m (correction: 323.3m)
PKP-01,118503.09,453402.51,2239.9316647878177,7.838000000000001,61.036354,2.530271,2207.245625,2271.6459574468086,64.4,22.716662832999923,tvd_corrected,AH 2530.5-2603.5m → TVD 2207.2-2271.6m (correction: 323.3m)
PKP-01,118503.09,453402.51,2240.020005435893,7.838299999999999,61.539345,2.526831,2207.245625,2271.6459574468086,64.4,22.716662832999923,tvd_corrected,AH 2530.5-2603.5m → TVD 2207.2-2271.6m (correction: 323.3m)
PKP-01,118503.09,453402.51,2240.108346083968,7.842799999999999,61.60318,2.523409,2207.245625,2271.6459574468086,64.4,22.716662832999923,tvd_corrected,AH 2530.5-2603.5m → TVD 2207.2-2271.6m (correction: 323.3m)
PKP-01,118503.09,453402.51,2240.1966867320434,7.8625,61.214722,2.521233,2207.245625,2271.6459574468086,64.4,22.716662832999923,tvd_corrected,AH 2530.5-2603.5m → TVD 2207.2-2271.6m (correction: 323.3m)
PKP-01,118503.09,453402.51,2240.2850273801187,7.9125,60.397606,2.523462,2207.245625,2271.6459574468086,64.4,22.716662832999923,tvd_corrected,AH 2530.5-2603.5m → TVD 2207.2-2271.6m (correction: 323.3m)
PKP-01,118503.09,453402.51,2240.373368028194,7.966299999999999,59.257706,2.530996,2207.245625,2271.6459574468086,64.4,22.716662832999923,tvd_corrected,AH 2530.5-2603.5m → TVD 2207.2-2271.6m (correction: 323.3m)
PKP-01,118503.09,453402.51,2240.4617086762687,7.9683,58.188461,2.541753,2207.245625,2271.6459574468086,64.4,22.716662832999923,tvd_corrected,AH 2530.5-2603.5m → TVD 2207.2-2271.6m (correction: 323.3m)
PKP-01,118503.09,453402.51,2240.550049324344,7.9024,57.637779,2.552359,2207.245625,2271.6459574468086,64.4,22.716662832999923,tvd_corrected,AH 2530.5-2603.5m → TVD 2207.2-2271.6m (correction: 323.3m)
PKP-01,118503.09,453402.51,2240.638389972419,7.8032,57.826653,2.558646,2207.245625,2271.6459574468086,64.4,22.716662832999923,tvd_corrected,AH 2530.5-2603.5m → TVD 2207.2-2271.6m (correction: 323.3m)
PKP-01,118503.09,453402.51,2240.7267306204944,7.732,58.734474,2.559758,2207.245625,2271.6459574468086,64.4,22.716662832999923,tvd_corrected,AH 2530.5-2603.5m → TVD 2207.2-2271.6m (correction: 323.3m)
PKP-01,118503.09,453402.51,2240.8150712685697,7.751099999999999,60.056503,2.559836,2207.245625,2271.6459574468086,64.4,22.716662832999923,tvd_corrected,AH 2530.5-2603.5m → TVD 2207.2-2271.6m (correction: 323.3m)
PKP-01,118503.09,453402.51,2240.903411916645,7.8735,61.439346,2.56115,2207.245625,2271.6459574468086,64.4,22.716662832999923,tvd_corrected,AH 2530.5-2603.5m → TVD 2207.2-2271.6m (correction: 323.3m)
PKP-01,118503.09,453402.51,2240.99175256472,8.0327,62.699532,2.562676,2207.245625,2271.6459574468086,64.4,22.716662832999923,tvd_corrected,AH 2530.5-2603.5m → TVD 2207.2-2271.6m (correction: 323.3m)
PKP-01,118503.09,453402.51,2241.080093212795,8.132100000000001,63.62368,2.563924,2207.245625,2271.6459574468086,64.4,22.716662832999923,tvd_corrected,AH 2530.5-2603.5m → TVD 2207.2-2271.6m (correction: 323.3m)
PKP-01,118503.09,453402.51,2241.16843386087,8.1348,63.892174,2.564563,2207.245625,2271.6459574468086,64.4,22.716662832999923,tvd_corrected,AH 2530.5-2603.5m → TVD 2207.2-2271.6m (correction: 323.3m)
PKP-01,118503.09,453402.51,2241.2567745089455,8.0666,63.421455,2.563848,2207.245625,2271.6459574468086,64.4,22.716662832999923,tvd_corrected,AH 2530.5-2603.5m → TVD 2207.2-2271.6m (correction: 323.3m)
PKP-01,118503.09,453402.51,2241.3451151570207,7.9583,62.478371,2.561725,2207.245625,2271.6459574468086,64.4,22.716662832999923,tvd_corrected,AH 2530.5-2603.5m → TVD 2207.2-2271.6m (correction: 323.3m)
PKP-01,118503.09,453402.51,2241.433455805096,7.8367,61.357323,2.558404,2207.245625,2271.6459574468086,64.4,22.716662832999923,tvd_corrected,AH 2530.5-2603.5m → TVD 2207.2-2271.6m (correction: 323.3m)
PKP-01,118503.09,453402.51,2241.521796453171,7.7345,60.214607,2.553668,2207.245625,2271.6459574468086,64.4,22.716662832999923,tvd_corrected,AH 2530.5-2603.5m → TVD 2207.2-2271.6m (correction: 323.3m)
PKP-01,118503.09,453402.51,2241.6101371012464,7.6663,59.18615,2.547016,2207.245625,2271.6459574468086,64.4,22.716662832999923,tvd_corrected,AH 2530.5-2603.5m → TVD 2207.2-2271.6m (correction: 323.3m)
PKP-01,118503.09,453402.51,2241.6984777493217,7.6306,58.351189,2.53849,2207.245625,2271.6459574468086,64.4,22.716662832999923,tvd_corrected,AH 2530.5-2603.5m → TVD 2207.2-2271.6m (correction: 323.3m)
PKP-01,118503.09,453402.51,2241.7868183973965,7.6537,57.768707,2.530981,2207.245625,2271.6459574468086,64.4,22.716662832999923,tvd_corrected,AH 2530.5-2603.5m → TVD 2207.2-2271.6m (correction: 323.3m)
PKP-01,118503.09,453402.51,2241.8751590454717,7.7752,57.591789,2.527405,2207.245625,2271.6459574468086,64.4,22.716662832999923,tvd_corrected,AH 2530.5-2603.5m → TVD 2207.2-2271.6m (correction: 323.3m)
PKP-01,118503.09,453402.51,2241.963499693547,8.0115,57.995224,2.527215,2207.245625,2271.6459574468086,64.4,22.716662832999923,tvd_corrected,AH 2530.5-2603.5m → TVD 2207.2-2271.6m (correction: 323.3m)
PKP-01,118503.09,453402.51,2242.051840341622,8.3284,58.905083,2.527695,2207.245625,2271.6459574468086,64.4,22.716662832999923,tvd_corrected,AH 2530.5-2603.5m → TVD 2207.2-2271.6m (correction: 323.3m)
PKP-01,118503.09,453402.51,2242.1401809896975,8.654399999999999,59.933891,2.525463,2207.245625,2271.6459574468086,64.4,22.716662832999923,tvd_corrected,AH 2530.5-2603.5m → TVD 2207.2-2271.6m (correction: 323.3m)
PKP-01,118503.09,453402.51,2242.2285216377727,8.915,60.651222,2.517673,2207.245625,2271.6459574468086,64.4,22.716662832999923,tvd_corrected,AH 2530.5-2603.5m → TVD 2207.2-2271.6m (correction: 323.3m)
PKP-01,118503.09,453402.51,2242.316862285848,9.071,60.786201,2.505637,2207.245625,2271.6459574468086,64.4,22.716662832999923,tvd_corrected,AH 2530.5-2603.5m → TVD 2207.2-2271.6m (correction: 323.3m)
PKP-01,118503.09,453402.51,2242.4052029339227,9.1423,60.323265,2.492877,2207.245625,2271.6459574468086,64.4,22.716662832999923,tvd_corrected,AH 2530.5-2603.5m → TVD 2207.2-2271.6m (correction: 323.3m)
PKP-01,118503.09,453402.51,2242.493543581998,9.2072,59.677536,2.483096,2207.245625,2271.6459574468086,64.4,22.716662832999923,tvd_corrected,AH 2530.5-2603.5m → TVD 2207.2-2271.6m (correction: 323.3m)
PKP-01,118503.09,453402.51,2242.5818842300732,9.4045,59.483734,2.478001,2207.245625,2271.6459574468086,64.4,22.716662832999923,tvd_corrected,AH 2530.5-2603.5m → TVD 2207.2-2271.6m (correction: 323.3m)
PKP-01,118503.09,453402.51,2242.6702248781485,9.7751,59.840538,2.477841,2207.245625,2271.6459574468086,64.4,22.716662832999923,tvd_corrected,AH 2530.5-2603.5m → TVD 2207.2-2271.6m (correction: 323.3m)
PKP-01,118503.09,453402.51,2242.7585655262237,10.1473,60.190117,2.483091,2207.245625,2271.6459574468086,64.4,22.716662832999923,tvd_corrected,AH 2530.5-2603.5m → TVD 2207.2-2271.6m (correction: 323.3m)
PKP-01,118503.09,453402.51,2242.846906174299,10.3636,60.09333,2.493088,2207.245625,2271.6459574468086,64.4,22.716662832999923,tvd_corrected,AH 2530.5-2603.5m → TVD 2207.2-2271.6m (correction: 323.3m)
PKP-01,118503.09,453402.51,2242.935246822374,10.3421,59.619614,2.506313,2207.245625,2271.6459574468086,64.4,22.716662832999923,tvd_corrected,AH 2530.5-2603.5m → TVD 2207.2-2271.6m (correction: 323.3m)
PKP-01,118503.09,453402.51,2243.023587470449,10.0749,59.267426,2.520666,2207.245625,2271.6459574468086,64.4,22.716662832999923,tvd_corrected,AH 2530.5-2603.5m → TVD 2207.2-2271.6m (correction: 323.3m)
PKP-01,118503.09,453402.51,2243.1119281185242,9.6483,59.519012,2.535634,2207.245625,2271.6459574468086,64.4,22.716662832999923,tvd_corrected,AH 2530.5-2603.5m → TVD 2207.2-2271.6m (correction: 323.3m)
PKP-01,118503.09,453402.51,2243.2002687665995,9.247,60.377983,2.550308,2207.245625,2271.6459574468086,64.4,22.716662832999923,tvd_corrected,AH 2530.5-2603.5m → TVD 2207.2-2271.6m (correction: 323.3m)
PKP-01,118503.09,453402.51,2243.2886094146747,9.013,61.116325,2.563685,2207.245625,2271.6459574468086,64.4,22.716662832999923,tvd_corrected,AH 2530.5-2603.5m → TVD 2207.2-2271.6m (correction: 323.3m)
PKP-01,118503.09,453402.51,2243.37695006275,8.998299999999999,60.765656,2.575382,2207.245625,2271.6459574468086,64.4,22.716662832999923,tvd_corrected,AH 2530.5-2603.5m → TVD 2207.2-2271.6m (correction: 323.3m)
PKP-01,118503.09,453402.51,2243.4652907108252,9.1765,58.939049,2.582939,2207.245625,2271.6459574468086,64.4,22.716662832999923,tvd_corrected,AH 2530.5-2603.5m → TVD 2207.2-2271.6m (correction: 323.3m)
PKP-01,118503.09,453402.51,2243.5536313589005,9.4248,56.529076,2.5834,2207.245625,2271.6459574468086,64.4,22.716662832999923,tvd_corrected,AH 2530.5-2603.5m → TVD 2207.2-2271.6m (correction: 323.3m)
PKP-01,118503.09,453402.51,2243.6419720069753,9.6104,54.857674,2.577137,2207.245625,2271.6459574468086,64.4,22.716662832999923,tvd_corrected,AH 2530.5-2603.5m → TVD 2207.2-2271.6m (correction: 323.3m)
PKP-01,118503.09,453402.51,2243.7303126550505,9.6372,54.500847,2.567004,2207.245625,2271.6459574468086,64.4,22.716662832999923,tvd_corrected,AH 2530.5-2603.5m → TVD 2207.2-2271.6m (correction: 323.3m)
PKP-01,118503.09,453402.51,2243.8186533031258,9.499,54.881981,2.553716,2207.245625,2271.6459574468086,64.4,22.716662832999923,tvd_corrected,AH 2530.5-2603.5m → TVD 2207.2-2271.6m (correction: 323.3m)
PKP-01,118503.09,453402.51,2243.906993951201,9.3041,55.230202,2.538492,2207.245625,2271.6459574468086,64.4,22.716662832999923,tvd_corrected,AH 2530.5-2603.5m → TVD 2207.2-2271.6m (correction: 323.3m)
PKP-01,118503.09,453402.51,2243.9953345992762,9.2005,55.220673,2.524031,2207.245625,2271.6459574468086,64.4,22.716662832999923,tvd_corrected,AH 2530.5-2603.5m → TVD 2207.2-2271.6m (correction: 323.3m)
PKP-01,118503.09,453402.51,2244.0836752473515,9.2618,54.942879,2.511746,2207.245625,2271.6459574468086,64.4,22.716662832999923,tvd_corrected,AH 2530.5-2603.5m → TVD 2207.2-2271.6m (correction: 323.3m)
PKP-01,118503.09,453402.51,2244.1720158954267,9.4764,54.899261,2.504091,2207.245625,2271.6459574468086,64.4,22.716662832999923,tvd_corrected,AH 2530.5-2603.5m → TVD 2207.2-2271.6m (correction: 323.3m)
PKP-01,118503.09,453402.51,2244.260356543502,9.7553,55.409096,2.503582,2207.245625,2271.6459574468086,64.4,22.716662832999923,tvd_corrected,AH 2530.5-2603.5m → TVD 2207.2-2271.6m (correction: 323.3m)
PKP-01,118503.09,453402.51,2244.348697191577,10.0118,56.124786,2.511202,2207.245625,2271.6459574468086,64.4,22.716662832999923,tvd_corrected,AH 2530.5-2603.5m → TVD 2207.2-2271.6m (correction: 323.3m)
PKP-01,118503.09,453402.51,2244.437037839652,10.1294,56.391747,2.524932,2207.245625,2271.6459574468086,64.4,22.716662832999923,tvd_corrected,AH 2530.5-2603.5m → TVD 2207.2-2271.6m (correction: 323.3m)
PKP-01,118503.09,453402.51,2244.5253784877273,10.0084,56.107109,2.539862,2207.245625,2271.6459574468086,64.4,22.716662832999923,tvd_corrected,AH 2530.5-2603.5m → TVD 2207.2-2271.6m (correction: 323.3m)
PKP-01,118503.09,453402.51,2244.6137191358025,9.6002,55.729675,2.552271,2207.245625,2271.6459574468086,64.4,22.716662832999923,tvd_corrected,AH 2530.5-2603.5m → TVD 2207.2-2271.6m (correction: 323.3m)
PKP-01,118503.09,453402.51,2244.7020597838778,9.0104,55.783592,2.55879,2207.245625,2271.6459574468086,64.4,22.716662832999923,tvd_corrected,AH 2530.5-2603.5m → TVD 2207.2-2271.6m (correction: 323.3m)
PKP-01,118503.09,453402.51,2244.790400431953,8.411200000000001,56.452271,2.55933,2207.245625,2271.6459574468086,64.4,22.716662832999923,tvd_corrected,AH 2530.5-2603.5m → TVD 2207.2-2271.6m (correction: 323.3m)
PKP-01,118503.09,453402.51,2244.8787410800282,7.996399999999999,57.583244,2.554659,2207.245625,2271.6459574468086,64.4,22.716662832999923,tvd_corrected,AH 2530.5-2603.5m → TVD 2207.2-2271.6m (correction: 323.3m)
PKP-01,118503.09,453402.51,2244.967081728103,7.9,58.575218,2.549245,2207.245625,2271.6459574468086,64.4,22.716662832999923,tvd_corrected,AH 2530.5-2603.5m → TVD 2207.2-2271.6m (correction: 323.3m)
PKP-01,118503.09,453402.51,2245.0554223761783,8.1122,59.033485,2.546446,2207.245625,2271.6459574468086,64.4,22.716662832999923,tvd_corrected,AH 2530.5-2603.5m → TVD 2207.2-2271.6m (correction: 323.3m)
PKP-01,118503.09,453402.51,2245.1437630242535,8.529200000000001,59.240837,2.545385,2207.245625,2271.6459574468086,64.4,22.716662832999923,tvd_corrected,AH 2530.5-2603.5m → TVD 2207.2-2271.6m (correction: 323.3m)
PKP-01,118503.09,453402.51,2245.232103672329,8.975,59.544365,2.545261,2207.245625,2271.6459574468086,64.4,22.716662832999923,tvd_corrected,AH 2530.5-2603.5m → TVD 2207.2-2271.6m (correction: 323.3m)
PKP-01,118503.09,453402.51,2245.320444320404,9.302,59.866768,2.545893,2207.245625,2271.6459574468086,64.4,22.716662832999923,tvd_corrected,AH 2530.5-2603.5m → TVD 2207.2-2271.6m (correction: 323.3m)
PKP-01,118503.09,453402.51,2245.4087849684793,9.372,60.125648,2.54519,2207.245625,2271.6459574468086,64.4,22.716662832999923,tvd_corrected,AH 2530.5-2603.5m → TVD 2207.2-2271.6m (correction: 323.3m)
PKP-01,118503.09,453402.51,2245.4971256165545,9.2116,60.45388,2.541874,2207.245625,2271.6459574468086,64.4,22.716662832999923,tvd_corrected,AH 2530.5-2603.5m → TVD 2207.2-2271.6m (correction: 323.3m)
PKP-01,118503.09,453402.51,2245.5854662646293,8.9664,60.847153,2.537321,2207.245625,2271.6459574468086,64.4,22.716662832999923,tvd_corrected,AH 2530.5-2603.5m → TVD 2207.2-2271.6m (correction: 323.3m)
PKP-01,118503.09,453402.51,2245.6738069127045,8.8078,61.204399,2.53421,2207.245625,2271.6459574468086,64.4,22.716662832999923,tvd_corrected,AH 2530.5-2603.5m → TVD 2207.2-2271.6m (correction: 323.3m)
PKP-01,118503.09,453402.51,2245.76214756078,8.7739,61.526649,2.534329,2207.245625,2271.6459574468086,64.4,22.716662832999923,tvd_corrected,AH 2530.5-2603.5m → TVD 2207.2-2271.6m (correction: 323.3m)
PKP-01,118503.09,453402.51,2245.850488208855,8.8089,61.791222,2.538836,2207.245625,2271.6459574468086,64.4,22.716662832999923,tvd_corrected,AH 2530.5-2603.5m → TVD 2207.2-2271.6m (correction: 323.3m)
PKP-01,118503.09,453402.51,2245.9388288569303,8.8044,61.873779,2.547758,2207.245625,2271.6459574468086,64.4,22.716662832999923,tvd_corrected,AH 2530.5-2603.5m → TVD 2207.2-2271.6m (correction: 323.3m)
PKP-01,118503.09,453402.51,2246.0271695050055,8.6447,61.718163,2.560469,2207.245625,2271.6459574468086,64.4,22.716662832999923,tvd_corrected,AH 2530.5-2603.5m → TVD 2207.2-2271.6m (correction: 323.3m)
PKP-01,118503.09,453402.51,2246.115510153081,8.340200000000001,61.460083,2.576352,2207.245625,2271.6459574468086,64.4,22.716662832999923,tvd_corrected,AH 2530.5-2603.5m → TVD 2207.2-2271.6m (correction: 323.3m)
PKP-01,118503.09,453402.51,2246.2038508011556,8.064200000000001,61.235374,2.596513,2207.245625,2271.6459574468086,64.4,22.716662832999923,tvd_corrected,AH 2530.5-2603.5m → TVD 2207.2-2271.6m (correction: 323.3m)
PKP-01,118503.09,453402.51,2246.292191449231,7.925899999999999,60.91082,2.622027,2207.245625,2271.6459574468086,64.4,22.716662832999923,tvd_corrected,AH 2530.5-2603.5m → TVD 2207.2-2271.6m (correction: 323.3m)
PKP-01,118503.09,453402.51,2246.380532097306,7.8825,60.184669,2.654381,2207.245625,2271.6459574468086,64.4,22.716662832999923,tvd_corrected,AH 2530.5-2603.5m → TVD 2207.2-2271.6m (correction: 323.3m)
PKP-01,118503.09,453402.51,2246.4688727453813,7.9681,59.005219,2.696288,2207.245625,2271.6459574468086,64.4,22.716662832999923,tvd_corrected,AH 2530.5-2603.5m → TVD 2207.2-2271.6m (correction: 323.3m)
PKP-01,118503.09,453402.51,2246.5572133934565,8.2664,57.594604,2.748326,2207.245625,2271.6459574468086,64.4,22.716662832999923,tvd_corrected,AH 2530.5-2603.5m → TVD 2207.2-2271.6m (correction: 323.3m)
PKP-01,118503.09,453402.51,2246.645554041532,8.7418,56.176041,2.803775,2207.245625,2271.6459574468086,64.4,22.716662832999923,tvd_corrected,AH 2530.5-2603.5m → TVD 2207.2-2271.6m (correction: 323.3m)
PKP-01,118503.09,453402.51,2246.733894689607,9.2826,54.931305,2.84714,2207.245625,2271.6459574468086,64.4,22.716662832999923,tvd_corrected,AH 2530.5-2603.5m → TVD 2207.2-2271.6m (correction: 323.3m)
PKP-01,118503.09,453402.51,2246.8222353376823,9.7154,54.153992,2.856256,2207.245625,2271.6459574468086,64.4,22.716662832999923,tvd_corrected,AH 2530.5-2603.5m → TVD 2207.2-2271.6m (correction: 323.3m)
PKP-01,118503.09,453402.51,2246.910575985757,9.889,53.960556,2.820315,2207.245625,2271.6459574468086,64.4,22.716662832999923,tvd_corrected,AH 2530.5-2603.5m → TVD 2207.2-2271.6m (correction: 323.3m)
PKP-01,118503.09,453402.51,2246.9989166338323,9.8441,54.211731,2.752366,2207.245625,2271.6459574468086,64.4,22.716662832999923,tvd_corrected,AH 2530.5-2603.5m → TVD 2207.2-2271.6m (correction: 323.3m)
PKP-01,118503.09,453402.51,2247.0872572819076,9.743,54.761749,2.679208,2207.245625,2271.6459574468086,64.4,22.716662832999923,tvd_corrected,AH 2530.5-2603.5m → TVD 2207.2-2271.6m (correction: 323.3m)
PKP-01,118503.09,453402.51,2247.175597929983,9.7022,55.479988,2.616786,2207.245625,2271.6459574468086,64.4,22.716662832999923,tvd_corrected,AH 2530.5-2603.5m → TVD 2207.2-2271.6m (correction: 323.3m)
PKP-01,118503.09,453402.51,2247.263938578058,9.7183,56.291046,2.567411,2207.245625,2271.6459574468086,64.4,22.716662832999923,tvd_corrected,AH 2530.5-2603.5m → TVD 2207.2-2271.6m (correction: 323.3m)
PKP-01,118503.09,453402.51,2247.3522792261333,9.7688,57.234222,2.531454,2207.245625,2271.6459574468086,64.4,22.716662832999923,tvd_corrected,AH 2530.5-2603.5m → TVD 2207.2-2271.6m (correction: 323.3m)
PKP-01,118503.09,453402.51,2247.4406198742086,9.922,58.395226,2.508818,2207.245625,2271.6459574468086,64.4,22.716662832999923,tvd_corrected,AH 2530.5-2603.5m → TVD 2207.2-2271.6m (correction: 323.3m)
PKP-01,118503.09,453402.51,2247.5289605222833,10.2311,59.575058,2.500258,2207.245625,2271.6459574468086,64.4,22.716662832999923,tvd_corrected,AH 2530.5-2603.5m → TVD 2207.2-2271.6m (correction: 323.3m)
PKP-01,118503.09,453402.51,2247.6173011703586,10.553,60.323479,2.505018,2207.245625,2271.6459574468086,64.4,22.716662832999923,tvd_corrected,AH 2530.5-2603.5m → TVD 2207.2-2271.6m (correction: 323.3m)
PKP-01,118503.09,453402.51,2247.705641818434,10.678,60.441208,2.51766,2207.245625,2271.6459574468086,64.4,22.716662832999923,tvd_corrected,AH 2530.5-2603.5m → TVD 2207.2-2271.6m (correction: 323.3m)
PKP-01,118503.09,453402.51,2247.793982466509,10.5375,60.076996,2.531066,2207.245625,2271.6459574468086,64.4,22.716662832999923,tvd_corrected,AH 2530.5-2603.5m → TVD 2207.2-2271.6m (correction: 323.3m)
PKP-01,118503.09,453402.51,2247.8823231145843,10.2069,59.603203,2.54201,2207.245625,2271.6459574468086,64.4,22.716662832999923,tvd_corrected,AH 2530.5-2603.5m → TVD 2207.2-2271.6m (correction: 323.3m)
PKP-01,118503.09,453402.51,2247.9706637626596,9.7981,59.466499,2.550664,2207.245625,2271.6459574468086,64.4,22.716662832999923,tvd_corrected,AH 2530.5-2603.5m → TVD 2207.2-2271.6m (correction: 323.3m)
PKP-01,118503.09,453402.51,2248.059004410735,9.4123,59.914284,2.557873,2207.245625,2271.6459574468086,64.4,22.716662832999923,tvd_corrected,AH 2530.5-2603.5m → TVD 2207.2-2271.6m (correction: 323.3m)
PKP-01,118503.09,453402.51,2248.1473450588096,9.0636,60.807495,2.56388,2207.245625,2271.6459574468086,64.4,22.716662832999923,tvd_corrected,AH 2530.5-2603.5m → TVD 2207.2-2271.6m (correction: 323.3m)
PKP-01,118503.09,453402.51,2248.235685706885,8.7264,61.896255,2.568577,2207.245625,2271.6459574468086,64.4,22.716662832999923,tvd_corrected,AH 2530.5-2603.5m → TVD 2207.2-2271.6m (correction: 323.3m)
PKP-01,118503.09,453402.51,2248.32402635496,8.3894,62.995171,2.572616,2207.245625,2271.6459574468086,64.4,22.716662832999923,tvd_corrected,AH 2530.5-2603.5m → TVD 2207.2-2271.6m (correction: 323.3m)
PKP-01,118503.09,453402.51,2248.4123670030353,8.0587,63.878288,2.576388,2207.245625,2271.6459574468086,64.4,22.716662832999923,tvd_corrected,AH 2530.5-2603.5m → TVD 2207.2-2271.6m (correction: 323.3m)
PKP-01,118503.09,453402.51,2248.5007076511106,7.779800000000001,64.271591,2.579873,2207.245625,2271.6459574468086,64.4,22.716662832999923,tvd_corrected,AH 2530.5-2603.5m → TVD 2207.2-2271.6m (correction: 323.3m)
PKP-01,118503.09,453402.51,2248.589048299186,7.6263,64.044525,2.584462,2207.245625,2271.6459574468086,64.4,22.716662832999923,tvd_corrected,AH 2530.5-2603.5m → TVD 2207.2-2271.6m (correction: 323.3m)
PKP-01,118503.09,453402.51,2248.677388947261,7.6211,63.298477,2.591115,2207.245625,2271.6459574468086,64.4,22.716662832999923,tvd_corrected,AH 2530.5-2603.5m → TVD 2207.2-2271.6m (correction: 323.3m)
PKP-01,118503.09,453402.51,2248.7657295953363,7.6929,62.438217,2.597208,2207.245625,2271.6459574468086,64.4,22.716662832999923,tvd_corrected,AH 2530.5-2603.5m → TVD 2207.2-2271.6m (correction: 323.3m)
PKP-01,118503.09,453402.51,2248.854070243411,7.7834,61.99678,2.598436,2207.245625,2271.6459574468086,64.4,22.716662832999923,tvd_corrected,AH 2530.5-2603.5m → TVD 2207.2-2271.6m (correction: 323.3m)
PKP-01,118503.09,453402.51,2248.9424108914864,7.877499999999999,62.336075,2.592672,2207.245625,2271.6459574468086,64.4,22.716662832999923,tvd_corrected,AH 2530.5-2603.5m → TVD 2207.2-2271.6m (correction: 323.3m)
PKP-01,118503.09,453402.51,2249.0307515395616,7.943799999999999,63.456474,2.581625,2207.245625,2271.6459574468086,64.4,22.716662832999923,tvd_corrected,AH 2530.5-2603.5m → TVD 2207.2-2271.6m (correction: 323.3m)
PKP-01,118503.09,453402.51,2249.119092187637,7.9971,65.005814,2.570031,2207.245625,2271.6459574468086,64.4,22.716662832999923,tvd_corrected,AH 2530.5-2603.5m → TVD 2207.2-2271.6m (correction: 323.3m)
PKP-01,118503.09,453402.51,2249.207432835712,8.1323,66.363632,2.563538,2207.245625,2271.6459574468086,64.4,22.716662832999923,tvd_corrected,AH 2530.5-2603.5m → TVD 2207.2-2271.6m (correction: 323.3m)
PKP-01,118503.09,453402.51,2249.2957734837873,8.3968,66.99263,2.565433,2207.245625,2271.6459574468086,64.4,22.716662832999923,tvd_corrected,AH 2530.5-2603.5m → TVD 2207.2-2271.6m (correction: 323.3m)
PKP-01,118503.09,453402.51,2249.3841141318626,8.7324,66.756134,2.574466,2207.245625,2271.6459574468086,64.4,22.716662832999923,tvd_corrected,AH 2530.5-2603.5m → TVD 2207.2-2271.6m (correction: 323.3m)
PKP-01,118503.09,453402.51,2249.4724547799374,9.0592,65.852325,2.586192,2207.245625,2271.6459574468086,64.4,22.716662832999923,tvd_corrected,AH 2530.5-2603.5m → TVD 2207.2-2271.6m (correction: 323.3m)
PKP-01,118503.09,453402.51,2249.5607954280126,9.312,64.598038,2.596729,2207.245625,2271.6459574468086,64.4,22.716662832999923,tvd_corrected,AH 2530.5-2603.5m → TVD 2207.2-2271.6m (correction: 323.3m)
PKP-01,118503.09,453402.51,2249.649136076088,9.4403,63.341805,2.603932,2207.245625,2271.6459574468086,64.4,22.716662832999923,tvd_corrected,AH 2530.5-2603.5m → TVD 2207.2-2271.6m (correction: 323.3m)
PKP-01,118503.09,453402.51,2249.737476724163,9.4564,62.382881,2.605169,2207.245625,2271.6459574468086,64.4,22.716662832999923,tvd_corrected,AH 2530.5-2603.5m → TVD 2207.2-2271.6m (correction: 323.3m)
PKP-01,118503.09,453402.51,2249.8258173722384,9.4529,61.949188,2.600248,2207.245625,2271.6459574468086,64.4,22.716662832999923,tvd_corrected,AH 2530.5-2603.5m → TVD 2207.2-2271.6m (correction: 323.3m)
PKP-01,118503.09,453402.51,2249.9141580203136,9.5115,62.251221,2.594619,2207.245625,2271.6459574468086,64.4,22.716662832999923,tvd_corrected,AH 2530.5-2603.5m → TVD 2207.2-2271.6m (correction: 323.3m)
PKP-01,118503.09,453402.51,2250.002498668389,9.6102,63.233345,2.592314,2207.245625,2271.6459574468086,64.4,22.716662832999923,tvd_corrected,AH 2530.5-2603.5m → TVD 2207.2-2271.6m (correction: 323.3m)
PKP-01,118503.09,453402.51,2250.0908393164636,9.667,64.306931,2.592119,2207.245625,2271.6459574468086,64.4,22.716662832999923,tvd_corrected,AH 2530.5-2603.5m → TVD 2207.2-2271.6m (correction: 323.3m)
PKP-01,118503.09,453402.51,2250.179179964539,9.6446,64.855179,2.592285,2207.245625,2271.6459574468086,64.4,22.716662832999923,tvd_corrected,AH 2530.5-2603.5m → TVD 2207.2-2271.6m (correction: 323.3m)
PKP-01,118503.09,453402.51,2250.267520612614,9.5637,64.704712,2.590509,2207.245625,2271.6459574468086,64.4,22.716662832999923,tvd_corrected,AH 2530.5-2603.5m → TVD 2207.2-2271.6m (correction: 323.3m)
PKP-01,118503.09,453402.51,2250.3558612606894,9.4712,63.803108,2.583099,2207.245625,2271.6459574468086,64.4,22.716662832999923,tvd_corrected,AH 2530.5-2603.5m → TVD 2207.2-2271.6m (correction: 323.3m)
PKP-01,118503.09,453402.51,2250.4442019087646,9.4294,62.191422,2.569599,2207.245625,2271.6459574468086,64.4,22.716662832999923,tvd_corrected,AH 2530.5-2603.5m → TVD 2207.2-2271.6m (correction: 323.3m)
PKP-01,118503.09,453402.51,2250.53254255684,9.4762,60.260139,2.553815,2207.245625,2271.6459574468086,64.4,22.716662832999923,tvd_corrected,AH 2530.5-2603.5m → TVD 2207.2-2271.6m (correction: 323.3m)
PKP-01,118503.09,453402.51,2250.620883204915,9.5751,58.415428,2.54046,2207.245625,2271.6459574468086,64.4,22.716662832999923,tvd_corrected,AH 2530.5-2603.5m → TVD 2207.2-2271.6m (correction: 323.3m)
PKP-01,118503.09,453402.51,2250.7092238529904,9.653,56.934471,2.531999,2207.245625,2271.6459574468086,64.4,22.716662832999923,tvd_corrected,AH 2530.5-2603.5m → TVD 2207.2-2271.6m (correction: 323.3m)
PKP-01,118503.09,453402.51,2250.797564501065,9.6806,56.237885,2.528481,2207.245625,2271.6459574468086,64.4,22.716662832999923,tvd_corrected,AH 2530.5-2603.5m → TVD 2207.2-2271.6m (correction: 323.3m)
PKP-01,118503.09,453402.51,2250.8859051491404,9.6731,56.623009,2.52968,2207.245625,2271.6459574468086,64.4,22.716662832999923,tvd_corrected,AH 2530.5-2603.5m → TVD 2207.2-2271.6m (correction: 323.3m)
PKP-01,118503.09,453402.51,2250.9742457972156,9.656,57.737358,2.534705,2207.245625,2271.6459574468086,64.4,22.716662832999923,tvd_corrected,AH 2530.5-2603.5m → TVD 2207.2-2271.6m (correction: 323.3m)
PKP-01,118503.09,453402.51,2251.062586445291,9.6454,58.876389,2.541264,2207.245625,2271.6459574468086,64.4,22.716662832999923,tvd_corrected,AH 2530.5-2603.5m → TVD 2207.2-2271.6m (correction: 323.3m)
PKP-01,118503.09,453402.51,2251.150927093366,9.6387,59.678696,2.547561,2207.245625,2271.6459574468086,64.4,22.716662832999923,tvd_corrected,AH 2530.5-2603.5m → TVD 2207.2-2271.6m (correction: 323.3m)
PKP-01,118503.09,453402.51,2251.2392677414414,9.6219,60.248833,2.553707,2207.245625,2271.6459574468086,64.4,22.716662832999923,tvd_corrected,AH 2530.5-2603.5m → TVD 2207.2-2271.6m (correction: 323.3m)
PKP-01,118503.09,453402.51,2251.3276083895166,9.5902,60.743118,2.559734,2207.245625,2271.6459574468086,64.4,22.716662832999923,tvd_corrected,AH 2530.5-2603.5m → TVD 2207.2-2271.6m (correction: 323.3m)
PKP-01,118503.09,453402.51,2251.4159490375914,9.5471,61.249184,2.565119,2207.245625,2271.6459574468086,64.4,22.716662832999923,tvd_corrected,AH 2530.5-2603.5m → TVD 2207.2-2271.6m (correction: 323.3m)
PKP-01,118503.09,453402.51,2251.5042896856667,9.4833,61.775284,2.569789,2207.245625,2271.6459574468086,64.4,22.716662832999923,tvd_corrected,AH 2530.5-2603.5m → TVD 2207.2-2271.6m (correction: 323.3m)
PKP-01,118503.09,453402.51,2251.592630333742,9.3766,62.134537,2.573961,2207.245625,2271.6459574468086,64.4,22.716662832999923,tvd_corrected,AH 2530.5-2603.5m → TVD 2207.2-2271.6m (correction: 323.3m)
PKP-01,118503.09,453402.51,2251.680970981817,9.1939,62.153717,2.578077,2207.245625,2271.6459574468086,64.4,22.716662832999923,tvd_corrected,AH 2530.5-2603.5m → TVD 2207.2-2271.6m (correction: 323.3m)
PKP-01,118503.09,453402.51,2251.7693116298924,8.8869,61.956764,2.582248,2207.245625,2271.6459574468086,64.4,22.716662832999923,tvd_corrected,AH 2530.5-2603.5m → TVD 2207.2-2271.6m (correction: 323.3m)
PKP-01,118503.09,453402.51,2251.8576522779676,8.466899999999999,61.895966,2.585782,2207.245625,2271.6459574468086,64.4,22.716662832999923,tvd_corrected,AH 2530.5-2603.5m → TVD 2207.2-2271.6m (correction: 323.3m)
PKP-01,118503.09,453402.51,2251.945992926043,7.996300000000001,62.049049,2.587318,2207.245625,2271.6459574468086,64.4,22.716662832999923,tvd_corrected,AH 2530.5-2603.5m → TVD 2207.2-2271.6m (correction: 323.3m)
PKP-01,118503.09,453402.51,2252.0343335741177,7.5952,62.136688,2.585643,2207.245625,2271.6459574468086,64.4,22.716662832999923,tvd_corrected,AH 2530.5-2603.5m → TVD 2207.2-2271.6m (correction: 323.3m)
PKP-01,118503.09,453402.51,2252.122674222193,7.3541,62.007011,2.580769,2207.245625,2271.6459574468086,64.4,22.716662832999923,tvd_corrected,AH 2530.5-2603.5m → TVD 2207.2-2271.6m (correction: 323.3m)
PKP-01,118503.09,453402.51,2252.211014870268,7.3059,61.744698,2.572524,2207.245625,2271.6459574468086,64.4,22.716662832999923,tvd_corrected,AH 2530.5-2603.5m → TVD 2207.2-2271.6m (correction: 323.3m)
PKP-01,118503.09,453402.51,2252.2993555183434,7.4185,61.41375,2.562216,2207.245625,2271.6459574468086,64.4,22.716662832999923,tvd_corrected,AH 2530.5-2603.5m → TVD 2207.2-2271.6m (correction: 323.3m)
PKP-01,118503.09,453402.51,2252.3876961664187,7.6013,61.013855,2.553011,2207.245625,2271.6459574468086,64.4,22.716662832999923,tvd_corrected,AH 2530.5-2603.5m → TVD 2207.2-2271.6m (correction: 323.3m)
PKP-01,118503.09,453402.51,2252.476036814494,7.8138,60.716248,2.546774,2207.245625,2271.6459574468086,64.4,22.716662832999923,tvd_corrected,AH 2530.5-2603.5m → TVD 2207.2-2271.6m (correction: 323.3m)
PKP-01,118503.09,453402.51,2252.564377462569,8.0721,60.759079,2.543785,2207.245625,2271.6459574468086,64.4,22.716662832999923,tvd_corrected,AH 2530.5-2603.5m → TVD 2207.2-2271.6m (correction: 323.3m)
PKP-01,118503.09,453402.51,2252.652718110644,8.402700000000001,61.10022,2.543762,2207.245625,2271.6459574468086,64.4,22.716662832999923,tvd_corrected,AH 2530.5-2603.5m → TVD 2207.2-2271.6m (correction: 323.3m)
PKP-01,118503.09,453402.51,2252.741058758719,8.7727,61.761467,2.546406,2207.245625,2271.6459574468086,64.4,22.716662832999923,tvd_corrected,AH 2530.5-2603.5m → TVD 2207.2-2271.6m (correction: 323.3m)
PKP-01,118503.09,453402.51,2252.8293994067944,9.1222,62.948708,2.549923,2207.245625,2271.6459574468086,64.4,22.716662832999923,tvd_corrected,AH 2530.5-2603.5m → TVD 2207.2-2271.6m (correction: 323.3m)
PKP-01,118503.09,453402.51,2252.9177400548697,9.3841,64.48764,2.552677,2207.245625,2271.6459574468086,64.4,22.716662832999923,tvd_corrected,AH 2530.5-2603.5m → TVD 2207.2-2271.6m (correction: 323.3m)
PKP-01,118503.09,453402.51,2253.006080702945,9.4933,65.631134,2.553944,2207.245625,2271.6459574468086,64.4,22.716662832999923,tvd_corrected,AH 2530.5-2603.5m → TVD 2207.2-2271.6m (correction: 323.3m)
PKP-01,118503.09,453402.51,2253.09442135102,9.4923,65.741699,2.553706,2207.245625,2271.6459574468086,64.4,22.716662832999923,tvd_corrected,AH 2530.5-2603.5m → TVD 2207.2-2271.6m (correction: 323.3m)
PKP-01,118503.09,453402.51,2253.1827619990954,9.4542,64.524719,2.553504,2207.245625,2271.6459574468086,64.4,22.716662832999923,tvd_corrected,AH 2530.5-2603.5m → TVD 2207.2-2271.6m (correction: 323.3m)
PKP-01,118503.09,453402.51,2253.2711026471707,9.4234,62.317413,2.556359,2207.245625,2271.6459574468086,64.4,22.716662832999923,tvd_corrected,AH 2530.5-2603.5m → TVD 2207.2-2271.6m (correction: 323.3m)
PKP-01,118503.09,453402.51,2253.3594432952455,9.3881,60.135437,2.562959,2207.245625,2271.6459574468086,64.4,22.716662832999923,tvd_corrected,AH 2530.5-2603.5m → TVD 2207.2-2271.6m (correction: 323.3m)
PKP-01,118503.09,453402.51,2253.4477839433207,9.2507,58.773674,2.569429,2207.245625,2271.6459574468086,64.4,22.716662832999923,tvd_corrected,AH 2530.5-2603.5m → TVD 2207.2-2271.6m (correction: 323.3m)
PKP-01,118503.09,453402.51,2253.536124591396,9.0732,58.454857,2.570789,2207.245625,2271.6459574468086,64.4,22.716662832999923,tvd_corrected,AH 2530.5-2603.5m → TVD 2207.2-2271.6m (correction: 323.3m)
PKP-01,118503.09,453402.51,2253.624465239471,9.037,58.887115,2.567468,2207.245625,2271.6459574468086,64.4,22.716662832999923,tvd_corrected,AH 2530.5-2603.5m → TVD 2207.2-2271.6m (correction: 323.3m)
PKP-01,118503.09,453402.51,2253.7128058875464,9.1561,59.808281,2.562107,2207.245625,2271.6459574468086,64.4,22.716662832999923,tvd_corrected,AH 2530.5-2603.5m → TVD 2207.2-2271.6m (correction: 323.3m)
PKP-01,118503.09,453402.51,2253.8011465356217,9.2983,60.875954,2.557317,2207.245625,2271.6459574468086,64.4,22.716662832999923,tvd_corrected,AH 2530.5-2603.5m → TVD 2207.2-2271.6m (correction: 323.3m)
PKP-01,118503.09,453402.51,2253.889487183697,9.4461,61.943092,2.555185,2207.245625,2271.6459574468086,64.4,22.716662832999923,tvd_corrected,AH 2530.5-2603.5m → TVD 2207.2-2271.6m (correction: 323.3m)
PKP-01,118503.09,453402.51,2253.9778278317717,9.5854,63.067787,2.556877,2207.245625,2271.6459574468086,64.4,22.716662832999923,tvd_corrected,AH 2530.5-2603.5m → TVD 2207.2-2271.6m (correction: 323.3m)
PKP-01,118503.09,453402.51,2254.066168479847,9.6329,64.396439,2.56052,2207.245625,2271.6459574468086,64.4,22.716662832999923,tvd_corrected,AH 2530.5-2603.5m → TVD 2207.2-2271.6m (correction: 323.3m)
PKP-01,118503.09,453402.51,2254.154509127922,9.5565,65.772629,2.563702,2207.245625,2271.6459574468086,64.4,22.716662832999923,tvd_corrected,AH 2530.5-2603.5m → TVD 2207.2-2271.6m (correction: 323.3m)
PKP-01,118503.09,453402.51,2254.2428497759975,9.4214,67.07782,2.565459,2207.245625,2271.6459574468086,64.4,22.716662832999923,tvd_corrected,AH 2530.5-2603.5m → TVD 2207.2-2271.6m (correction: 323.3m)
PKP-01,118503.09,453402.51,2254.3311904240727,9.2762,68.595566,2.566086,2207.245625,2271.6459574468086,64.4,22.716662832999923,tvd_corrected,AH 2530.5-2603.5m → TVD 2207.2-2271.6m (correction: 323.3m)
PKP-01,118503.09,453402.51,2254.419531072148,9.1227,70.337036,2.566257,2207.245625,2271.6459574468086,64.4,22.716662832999923,tvd_corrected,AH 2530.5-2603.5m → TVD 2207.2-2271.6m (correction: 323.3m)
PKP-01,118503.09,453402.51,2254.507871720223,9.0161,71.886688,2.568901,2207.245625,2271.6459574468086,64.4,22.716662832999923,tvd_corrected,AH 2530.5-2603.5m → TVD 2207.2-2271.6m (correction: 323.3m)
PKP-01,118503.09,453402.51,2254.596212368298,8.963000000000001,72.919846,2.577086,2207.245625,2271.6459574468086,64.4,22.716662832999923,tvd_corrected,AH 2530.5-2603.5m → TVD 2207.2-2271.6m (correction: 323.3m)
PKP-01,118503.09,453402.51,2254.6845530163732,8.8178,72.87793,2.587893,2207.245625,2271.6459574468086,64.4,22.716662832999923,tvd_corrected,AH 2530.5-2603.5m → TVD 2207.2-2271.6m (correction: 323.3m)
PKP-01,118503.09,453402.51,2254.7728936644485,8.4756,71.638504,2.593133,2207.245625,2271.6459574468086,64.4,22.716662832999923,tvd_corrected,AH 2530.5-2603.5m → TVD 2207.2-2271.6m (correction: 323.3m)
PKP-01,118503.09,453402.51,2254.8612343125237,8.0131,69.836044,2.588882,2207.245625,2271.6459574468086,64.4,22.716662832999923,tvd_corrected,AH 2530.5-2603.5m → TVD 2207.2-2271.6m (correction: 323.3m)
PKP-01,118503.09,453402.51,2254.949574960599,7.634499999999999,68.145935,2.577837,2207.245625,2271.6459574468086,64.4,22.716662832999923,tvd_corrected,AH 2530.5-2603.5m → TVD 2207.2-2271.6m (correction: 323.3m)
PKP-01,118503.09,453402.51,2255.037915608674,7.577,66.802032,2.566219,2207.245625,2271.6459574468086,64.4,22.716662832999923,tvd_corrected,AH 2530.5-2603.5m → TVD 2207.2-2271.6m (correction: 323.3m)
PKP-01,118503.09,453402.51,2255.1262562567495,7.930099999999999,66.037659,2.561016,2207.245625,2271.6459574468086,64.4,22.716662832999923,tvd_corrected,AH 2530.5-2603.5m → TVD 2207.2-2271.6m (correction: 323.3m)
PKP-01,118503.09,453402.51,2255.2145969048247,8.4748,65.703781,2.564983,2207.245625,2271.6459574468086,64.4,22.716662832999923,tvd_corrected,AH 2530.5-2603.5m → TVD 2207.2-2271.6m (correction: 323.3m)
PKP-01,118503.09,453402.51,2255.3029375528995,8.9848,65.148453,2.572468,2207.245625,2271.6459574468086,64.4,22.716662832999923,tvd_corrected,AH 2530.5-2603.5m → TVD 2207.2-2271.6m (correction: 323.3m)
PKP-01,118503.09,453402.51,2255.3912782009747,9.3118,63.966255,2.577419,2207.245625,2271.6459574468086,64.4,22.716662832999923,tvd_corrected,AH 2530.5-2603.5m → TVD 2207.2-2271.6m (correction: 323.3m)
PKP-01,118503.09,453402.51,2255.47961884905,9.3932,62.456039,2.577138,2207.245625,2271.6459574468086,64.4,22.716662832999923,tvd_corrected,AH 2530.5-2603.5m → TVD 2207.2-2271.6m (correction: 323.3m)
PKP-01,118503.09,453402.51,2255.5679594971252,9.3158,61.160202,2.568287,2207.245625,2271.6459574468086,64.4,22.716662832999923,tvd_corrected,AH 2530.5-2603.5m → TVD 2207.2-2271.6m (correction: 323.3m)
PKP-01,118503.09,453402.51,2255.6563001452005,9.2569,60.486618,2.553079,2207.245625,2271.6459574468086,64.4,22.716662832999923,tvd_corrected,AH 2530.5-2603.5m → TVD 2207.2-2271.6m (correction: 323.3m)
PKP-01,118503.09,453402.51,2255.7446407932757,9.3725,60.708725,2.540812,2207.245625,2271.6459574468086,64.4,22.716662832999923,tvd_corrected,AH 2530.5-2603.5m → TVD 2207.2-2271.6m (correction: 323.3m)
PKP-01,118503.09,453402.51,2255.832981441351,9.6888,61.863243,2.533698,2207.245625,2271.6459574468086,64.4,22.716662832999923,tvd_corrected,AH 2530.5-2603.5m → TVD 2207.2-2271.6m (correction: 323.3m)
PKP-01,118503.09,453402.51,2255.9213220894258,10.1038,63.458466,2.530624,2207.245625,2271.6459574468086,64.4,22.716662832999923,tvd_corrected,AH 2530.5-2603.5m → TVD 2207.2-2271.6m (correction: 323.3m)
PKP-01,118503.09,453402.51,2256.009662737501,10.453,64.766098,2.533549,2207.245625,2271.6459574468086,64.4,22.716662832999923,tvd_corrected,AH 2530.5-2603.5m → TVD 2207.2-2271.6m (correction: 323.3m)
PKP-01,118503.09,453402.51,2256.0980033855762,10.5537,65.367554,2.538694,2207.245625,2271.6459574468086,64.4,22.716662832999923,tvd_corrected,AH 2530.5-2603.5m → TVD 2207.2-2271.6m (correction: 323.3m)
PKP-01,118503.09,453402.51,2256.1863440336515,10.3514,65.266632,2.539666,2207.245625,2271.6459574468086,64.4,22.716662832999923,tvd_corrected,AH 2530.5-2603.5m → TVD 2207.2-2271.6m (correction: 323.3m)
PKP-01,118503.09,453402.51,2256.2746846817267,10.0007,64.69519,2.538316,2207.245625,2271.6459574468086,64.4,22.716662832999923,tvd_corrected,AH 2530.5-2603.5m → TVD 2207.2-2271.6m (correction: 323.3m)
PKP-01,118503.09,453402.51,2256.363025329802,9.6914,63.925766,2.537965,2207.245625,2271.6459574468086,64.4,22.716662832999923,tvd_corrected,AH 2530.5-2603.5m → TVD 2207.2-2271.6m (correction: 323.3m)
PKP-01,118503.09,453402.51,2256.4513659778772,9.5027,63.22374,2.540304,2207.245625,2271.6459574468086,64.4,22.716662832999923,tvd_corrected,AH 2530.5-2603.5m → TVD 2207.2-2271.6m (correction: 323.3m)
PKP-01,118503.09,453402.51,2256.539706625952,9.3924,62.682465,2.547652,2207.245625,2271.6459574468086,64.4,22.716662832999923,tvd_corrected,AH 2530.5-2603.5m → TVD 2207.2-2271.6m (correction: 323.3m)
PKP-01,118503.09,453402.51,2256.6280472740273,9.3016,62.279877,2.55879,2207.245625,2271.6459574468086,64.4,22.716662832999923,tvd_corrected,AH 2530.5-2603.5m → TVD 2207.2-2271.6m (correction: 323.3m)
PKP-01,118503.09,453402.51,2256.7163879221025,9.1621,61.987442,2.56806,2207.245625,2271.6459574468086,64.4,22.716662832999923,tvd_corrected,AH 2530.5-2603.5m → TVD 2207.2-2271.6m (correction: 323.3m)
PKP-01,118503.09,453402.51,2256.8047285701778,8.9248,61.896149,2.570433,2207.245625,2271.6459574468086,64.4,22.716662832999923,tvd_corrected,AH 2530.5-2603.5m → TVD 2207.2-2271.6m (correction: 323.3m)
PKP-01,118503.09,453402.51,2256.893069218253,8.659500000000001,62.137901,2.564716,2207.245625,2271.6459574468086,64.4,22.716662832999923,tvd_corrected,AH 2530.5-2603.5m → TVD 2207.2-2271.6m (correction: 323.3m)
PKP-01,118503.09,453402.51,2256.9814098663282,8.5104,62.743599,2.553324,2207.245625,2271.6459574468086,64.4,22.716662832999923,tvd_corrected,AH 2530.5-2603.5m → TVD 2207.2-2271.6m (correction: 323.3m)
PKP-01,118503.09,453402.51,2257.0697505144035,8.5559,63.531845,2.540622,2207.245625,2271.6459574468086,64.4,22.716662832999923,tvd_corrected,AH 2530.5-2603.5m → TVD 2207.2-2271.6m (correction: 323.3m)
PKP-01,118503.09,453402.51,2257.1580911624787,8.7534,64.135376,2.531569,2207.245625,2271.6459574468086,64.4,22.716662832999923,tvd_corrected,AH 2530.5-2603.5m → TVD 2207.2-2271.6m (correction: 323.3m)
PKP-01,118503.09,453402.51,2257.2464318105535,9.0017,64.302231,2.528226,2207.245625,2271.6459574468086,64.4,22.716662832999923,tvd_corrected,AH 2530.5-2603.5m → TVD 2207.2-2271.6m (correction: 323.3m)
PKP-01,118503.09,453402.51,2257.334772458629,9.1911,64.10733,2.528842,2207.245625,2271.6459574468086,64.4,22.716662832999923,tvd_corrected,AH 2530.5-2603.5m → TVD 2207.2-2271.6m (correction: 323.3m)
PKP-01,118503.09,453402.51,2257.423113106704,9.2448,63.892288,2.530004,2207.245625,2271.6459574468086,64.4,22.716662832999923,tvd_corrected,AH 2530.5-2603.5m → TVD 2207.2-2271.6m (correction: 323.3m)
PKP-01,118503.09,453402.51,2257.5114537547793,9.1546,63.939804,2.529817,2207.245625,2271.6459574468086,64.4,22.716662832999923,tvd_corrected,AH 2530.5-2603.5m → TVD 2207.2-2271.6m (correction: 323.3m)
PKP-01,118503.09,453402.51,2257.5997944028545,8.9904,64.251663,2.528499,2207.245625,2271.6459574468086,64.4,22.716662832999923,tvd_corrected,AH 2530.5-2603.5m → TVD 2207.2-2271.6m (correction: 323.3m)
PKP-01,118503.09,453402.51,2257.6881350509298,8.8241,64.623779,2.528289,2207.245625,2271.6459574468086,64.4,22.716662832999923,tvd_corrected,AH 2530.5-2603.5m → TVD 2207.2-2271.6m (correction: 323.3m)
PKP-01,118503.09,453402.51,2257.776475699005,8.679499999999999,64.837891,2.531444,2207.245625,2271.6459574468086,64.4,22.716662832999923,tvd_corrected,AH 2530.5-2603.5m → TVD 2207.2-2271.6m (correction: 323.3m)
PKP-01,118503.09,453402.51,2257.86481634708,8.539,64.86795,2.537335,2207.245625,2271.6459574468086,64.4,22.716662832999923,tvd_corrected,AH 2530.5-2603.5m → TVD 2207.2-2271.6m (correction: 323.3m)
PKP-01,118503.09,453402.51,2257.953156995155,8.3774,64.913712,2.543272,2207.245625,2271.6459574468086,64.4,22.716662832999923,tvd_corrected,AH 2530.5-2603.5m → TVD 2207.2-2271.6m (correction: 323.3m)
PKP-01,118503.09,453402.51,2258.0414976432303,8.1777,65.101318,2.546891,2207.245625,2271.6459574468086,64.4,22.716662832999923,tvd_corrected,AH 2530.5-2603.5m → TVD 2207.2-2271.6m (correction: 323.3m)
PKP-01,118503.09,453402.51,2258.1298382913055,7.9371,65.235733,2.547209,2207.245625,2271.6459574468086,64.4,22.716662832999923,tvd_corrected,AH 2530.5-2603.5m → TVD 2207.2-2271.6m (correction: 323.3m)
PKP-01,118503.09,453402.51,2258.218178939381,7.6926,64.959808,2.546022,2207.245625,2271.6459574468086,64.4,22.716662832999923,tvd_corrected,AH 2530.5-2603.5m → TVD 2207.2-2271.6m (correction: 323.3m)
PKP-01,118503.09,453402.51,2258.306519587456,7.5061,64.099533,2.546801,2207.245625,2271.6459574468086,64.4,22.716662832999923,tvd_corrected,AH 2530.5-2603.5m → TVD 2207.2-2271.6m (correction: 323.3m)
PKP-01,118503.09,453402.51,2258.3948602355313,7.4034,62.796669,2.551193,2207.245625,2271.6459574468086,64.4,22.716662832999923,tvd_corrected,AH 2530.5-2603.5m → TVD 2207.2-2271.6m (correction: 323.3m)
PKP-01,118503.09,453402.51,2258.483200883606,7.3626,61.472702,2.558488,2207.245625,2271.6459574468086,64.4,22.716662832999923,tvd_corrected,AH 2530.5-2603.5m → TVD 2207.2-2271.6m (correction: 323.3m)
PKP-01,118503.09,453402.51,2258.5715415316813,7.3544,60.598557,2.567314,2207.245625,2271.6459574468086,64.4,22.716662832999923,tvd_corrected,AH 2530.5-2603.5m → TVD 2207.2-2271.6m (correction: 323.3m)
PKP-01,118503.09,453402.51,2258.6598821797566,7.3589,60.272118,2.575449,2207.245625,2271.6459574468086,64.4,22.716662832999923,tvd_corrected,AH 2530.5-2603.5m → TVD 2207.2-2271.6m (correction: 323.3m)
PKP-01,118503.09,453402.51,2258.748222827832,7.3602,60.112823,2.580169,2207.245625,2271.6459574468086,64.4,22.716662832999923,tvd_corrected,AH 2530.5-2603.5m → TVD 2207.2-2271.6m (correction: 323.3m)
PKP-01,118503.09,453402.51,2258.836563475907,7.343,59.777222,2.580142,2207.245625,2271.6459574468086,64.4,22.716662832999923,tvd_corrected,AH 2530.5-2603.5m → TVD 2207.2-2271.6m (correction: 323.3m)
PKP-01,118503.09,453402.51,2258.9249041239823,7.2937,59.329185,2.576079,2207.245625,2271.6459574468086,64.4,22.716662832999923,tvd_corrected,AH 2530.5-2603.5m → TVD 2207.2-2271.6m (correction: 323.3m)
PKP-01,118503.09,453402.51,2259.0132447720575,7.2094,59.044037,2.569656,2207.245625,2271.6459574468086,64.4,22.716662832999923,tvd_corrected,AH 2530.5-2603.5m → TVD 2207.2-2271.6m (correction: 323.3m)
PKP-01,118503.09,453402.51,2259.1015854201323,7.1131,59.211067,2.562945,2207.245625,2271.6459574468086,64.4,22.716662832999923,tvd_corrected,AH 2530.5-2603.5m → TVD 2207.2-2271.6m (correction: 323.3m)
PKP-01,118503.09,453402.51,2259.1899260682076,7.055300000000001,59.908432,2.557459,2207.245625,2271.6459574468086,64.4,22.716662832999923,tvd_corrected,AH 2530.5-2603.5m → TVD 2207.2-2271.6m (correction: 323.3m)
PKP-01,118503.09,453402.51,2259.278266716283,7.0928,60.737022,2.553165,2207.245625,2271.6459574468086,64.4,22.716662832999923,tvd_corrected,AH 2530.5-2603.5m → TVD 2207.2-2271.6m (correction: 323.3m)
PKP-01,118503.09,453402.51,2259.366607364358,7.253900000000001,61.077553,2.548855,2207.245625,2271.6459574468086,64.4,22.716662832999923,tvd_corrected,AH 2530.5-2603.5m → TVD 2207.2-2271.6m (correction: 323.3m)
PKP-01,118503.09,453402.51,2259.4549480124333,7.497,60.639534,2.544007,2207.245625,2271.6459574468086,64.4,22.716662832999923,tvd_corrected,AH 2530.5-2603.5m → TVD 2207.2-2271.6m (correction: 323.3m)
PKP-01,118503.09,453402.51,2259.5432886605086,7.7302,59.667473,2.539387,2207.245625,2271.6459574468086,64.4,22.716662832999923,tvd_corrected,AH 2530.5-2603.5m → TVD 2207.2-2271.6m (correction: 323.3m)
PKP-01,118503.09,453402.51,2259.631629308584,7.918799999999999,58.75087,2.535987,2207.245625,2271.6459574468086,64.4,22.716662832999923,tvd_corrected,AH 2530.5-2603.5m → TVD 2207.2-2271.6m (correction: 323.3m)
PKP-01,118503.09,453402.51,2259.719969956659,8.0953,58.474884,2.534345,2207.245625,2271.6459574468086,64.4,22.716662832999923,tvd_corrected,AH 2530.5-2603.5m → TVD 2207.2-2271.6m (correction: 323.3m)
PKP-01,118503.09,453402.51,2259.808310604734,8.2802,59.078247,2.534219,2207.245625,2271.6459574468086,64.4,22.716662832999923,tvd_corrected,AH 2530.5-2603.5m → TVD 2207.2-2271.6m (correction: 323.3m)
PKP-01,118503.09,453402.51,2259.896651252809,8.4459,60.387474,2.534332,2207.245625,2271.6459574468086,64.4,22.716662832999923,tvd_corrected,AH 2530.5-2603.5m → TVD 2207.2-2271.6m (correction: 323.3m)
PKP-01,118503.09,453402.51,2259.9849919008843,8.551,61.947433,2.532802,2207.245625,2271.6459574468086,64.4,22.716662832999923,tvd_corrected,AH 2530.5-2603.5m → TVD 2207.2-2271.6m (correction: 323.3m)
PKP-01,118503.09,453402.51,2260.0733325489596,8.5801,63.266899,2.528528,2207.245625,2271.6459574468086,64.4,22.716662832999923,tvd_corrected,AH 2530.5-2603.5m → TVD 2207.2-2271.6m (correction: 323.3m)
PKP-01,118503.09,453402.51,2260.161673197035,8.5648,63.974243,2.523223,2207.245625,2271.6459574468086,64.4,22.716662832999923,tvd_corrected,AH 2530.5-2603.5m → TVD 2207.2-2271.6m (correction: 323.3m)
PKP-01,118503.09,453402.51,2260.25001384511,8.587,64.115631,2.520826,2207.245625,2271.6459574468086,64.4,22.716662832999923,tvd_corrected,AH 2530.5-2603.5m → TVD 2207.2-2271.6m (correction: 323.3m)
PKP-01,118503.09,453402.51,2260.3383544931853,8.7157,64.146042,2.523845,2207.245625,2271.6459574468086,64.4,22.716662832999923,tvd_corrected,AH 2530.5-2603.5m → TVD 2207.2-2271.6m (correction: 323.3m)
PKP-01,118503.09,453402.51,2260.42669514126,8.927499999999998,64.615448,2.53128,2207.245625,2271.6459574468086,64.4,22.716662832999923,tvd_corrected,AH 2530.5-2603.5m → TVD 2207.2-2271.6m (correction: 323.3m)
PKP-01,118503.09,453402.51,2260.5150357893353,9.1217,65.718689,2.540671,2207.245625,2271.6459574468086,64.4,22.716662832999923,tvd_corrected,AH 2530.5-2603.5m → TVD 2207.2-2271.6m (correction: 323.3m)
PKP-01,118503.09,453402.51,2260.6033764374106,9.191199999999998,67.112045,2.549954,2207.245625,2271.6459574468086,64.4,22.716662832999923,tvd_corrected,AH 2530.5-2603.5m → TVD 2207.2-2271.6m (correction: 323.3m)
PKP-01,118503.09,453402.51,2260.691717085486,9.093,68.173035,2.55728,2207.245625,2271.6459574468086,64.4,22.716662832999923,tvd_corrected,AH 2530.5-2603.5m → TVD 2207.2-2271.6m (correction: 323.3m)
PKP-01,118503.09,453402.51,2260.780057733561,8.85,68.512009,2.562551,2207.245625,2271.6459574468086,64.4,22.716662832999923,tvd_corrected,AH 2530.5-2603.5m → TVD 2207.2-2271.6m (correction: 323.3m)
PKP-01,118503.09,453402.51,2260.8683983816363,8.5042,68.064392,2.566961,2207.245625,2271.6459574468086,64.4,22.716662832999923,tvd_corrected,AH 2530.5-2603.5m → TVD 2207.2-2271.6m (correction: 323.3m)
PKP-01,118503.09,453402.51,2260.9567390297116,8.0674,67.164536,2.571935,2207.245625,2271.6459574468086,64.4,22.716662832999923,tvd_corrected,AH 2530.5-2603.5m → TVD 2207.2-2271.6m (correction: 323.3m)
PKP-01,118503.09,453402.51,2261.0450796777864,7.555099999999999,66.247894,2.577494,2207.245625,2271.6459574468086,64.4,22.716662832999923,tvd_corrected,AH 2530.5-2603.5m → TVD 2207.2-2271.6m (correction: 323.3m)
PKP-01,118503.09,453402.51,2261.1334203258616,7.0483,65.529236,2.582176,2207.245625,2271.6459574468086,64.4,22.716662832999923,tvd_corrected,AH 2530.5-2603.5m → TVD 2207.2-2271.6m (correction: 323.3m)
PKP-01,118503.09,453402.51,2261.221760973937,6.6331,65.055679,2.585033,2207.245625,2271.6459574468086,64.4,22.716662832999923,tvd_corrected,AH 2530.5-2603.5m → TVD 2207.2-2271.6m (correction: 323.3m)
PKP-01,118503.09,453402.51,2261.310101622012,6.389,64.805023,2.585735,2207.245625,2271.6459574468086,64.4,22.716662832999923,tvd_corrected,AH 2530.5-2603.5m → TVD 2207.2-2271.6m (correction: 323.3m)
PKP-01,118503.09,453402.51,2261.3984422700873,6.3628,64.617905,2.584138,2207.245625,2271.6459574468086,64.4,22.716662832999923,tvd_corrected,AH 2530.5-2603.5m → TVD 2207.2-2271.6m (correction: 323.3m)
PKP-01,118503.09,453402.51,2261.4867829181626,6.4707,64.523529,2.581429,2207.245625,2271.6459574468086,64.4,22.716662832999923,tvd_corrected,AH 2530.5-2603.5m → TVD 2207.2-2271.6m (correction: 323.3m)
PKP-01,118503.09,453402.51,2261.575123566238,6.5741,64.724258,2.578984,2207.245625,2271.6459574468086,64.4,22.716662832999923,tvd_corrected,AH 2530.5-2603.5m → TVD 2207.2-2271.6m (correction: 323.3m)
PKP-01,118503.09,453402.51,2261.6634642143126,6.6178,64.893829,2.577095,2207.245625,2271.6459574468086,64.4,22.716662832999923,tvd_corrected,AH 2530.5-2603.5m → TVD 2207.2-2271.6m (correction: 323.3m)
PKP-01,118503.09,453402.51,2261.751804862388,6.6108,64.657074,2.576926,2207.245625,2271.6459574468086,64.4,22.716662832999923,tvd_corrected,AH 2530.5-2603.5m → TVD 2207.2-2271.6m (correction: 323.3m)
PKP-01,118503.09,453402.51,2261.840145510463,6.566,64.158356,2.578678,2207.245625,2271.6459574468086,64.4,22.716662832999923,tvd_corrected,AH 2530.5-2603.5m → TVD 2207.2-2271.6m (correction: 323.3m)
PKP-01,118503.09,453402.51,2261.9284861585384,6.4957,63.339157,2.580375,2207.245625,2271.6459574468086,64.4,22.716662832999923,tvd_corrected,AH 2530.5-2603.5m → TVD 2207.2-2271.6m (correction: 323.3m)
PKP-01,118503.09,453402.51,2262.0168268066136,6.4064,62.092522,2.582721,2207.245625,2271.6459574468086,64.4,22.716662832999923,tvd_corrected,AH 2530.5-2603.5m → TVD 2207.2-2271.6m (correction: 323.3m)
PKP-01,118503.09,453402.51,2262.105167454689,6.3012,61.100105,2.586854,2207.245625,2271.6459574468086,64.4,22.716662832999923,tvd_corrected,AH 2530.5-2603.5m → TVD 2207.2-2271.6m (correction: 323.3m)
PKP-01,118503.09,453402.51,2262.193508102764,6.1778,60.670853,2.591236,2207.245625,2271.6459574468086,64.4,22.716662832999923,tvd_corrected,AH 2530.5-2603.5m → TVD 2207.2-2271.6m (correction: 323.3m)
PKP-01,118503.09,453402.51,2262.2818487508393,6.085100000000001,60.438629,2.59271,2207.245625,2271.6459574468086,64.4,22.716662832999923,tvd_corrected,AH 2530.5-2603.5m → TVD 2207.2-2271.6m (correction: 323.3m)
PKP-01,118503.09,453402.51,2262.370189398914,6.0832,60.294533,2.589896,2207.245625,2271.6459574468086,64.4,22.716662832999923,tvd_corrected,AH 2530.5-2603.5m → TVD 2207.2-2271.6m (correction: 323.3m)
PKP-01,118503.09,453402.51,2262.4585300469894,6.1764,60.217079,2.582449,2207.245625,2271.6459574468086,64.4,22.716662832999923,tvd_corrected,AH 2530.5-2603.5m → TVD 2207.2-2271.6m (correction: 323.3m)
PKP-01,118503.09,453402.51,2262.5468706950646,6.333,60.074501,2.573031,2207.245625,2271.6459574468086,64.4,22.716662832999923,tvd_corrected,AH 2530.5-2603.5m → TVD 2207.2-2271.6m (correction: 323.3m)
PKP-01,118503.09,453402.51,2262.63521134314,6.493599999999999,60.09993,2.566101,2207.245625,2271.6459574468086,64.4,22.716662832999923,tvd_corrected,AH 2530.5-2603.5m → TVD 2207.2-2271.6m (correction: 323.3m)
PKP-01,118503.09,453402.51,2262.723551991215,6.6052,60.411072,2.563762,2207.245625,2271.6459574468086,64.4,22.716662832999923,tvd_corrected,AH 2530.5-2603.5m → TVD 2207.2-2271.6m (correction: 323.3m)
PKP-01,118503.09,453402.51,2262.8118926392904,6.649299999999999,60.630936,2.565846,2207.245625,2271.6459574468086,64.4,22.716662832999923,tvd_corrected,AH 2530.5-2603.5m → TVD 2207.2-2271.6m (correction: 323.3m)
PKP-01,118503.09,453402.51,2262.9002332873656,6.6629,60.583069,2.569754,2207.245625,2271.6459574468086,64.4,22.716662832999923,tvd_corrected,AH 2530.5-2603.5m → TVD 2207.2-2271.6m (correction: 323.3m)
PKP-01,118503.09,453402.51,2262.9885739354404,6.669700000000001,60.297005,2.572546,2207.245625,2271.6459574468086,64.4,22.716662832999923,tvd_corrected,AH 2530.5-2603.5m → TVD 2207.2-2271.6m (correction: 323.3m)
PKP-01,118503.09,453402.51,2263.0769145835156,6.7134,59.745689,2.574755,2207.245625,2271.6459574468086,64.4,22.716662832999923,tvd_corrected,AH 2530.5-2603.5m → TVD 2207.2-2271.6m (correction: 323.3m)
PKP-01,118503.09,453402.51,2263.165255231591,6.8226,59.056961,2.580282,2207.245625,2271.6459574468086,64.4,22.716662832999923,tvd_corrected,AH 2530.5-2603.5m → TVD 2207.2-2271.6m (correction: 323.3m)
PKP-01,118503.09,453402.51,2263.253595879666,6.8952,58.598053,2.589588,2207.245625,2271.6459574468086,64.4,22.716662832999923,tvd_corrected,AH 2530.5-2603.5m → TVD 2207.2-2271.6m (correction: 323.3m)
PKP-01,118503.09,453402.51,2263.3419365277414,6.7981,58.588531,2.601686,2207.245625,2271.6459574468086,64.4,22.716662832999923,tvd_corrected,AH 2530.5-2603.5m → TVD 2207.2-2271.6m (correction: 323.3m)
PKP-01,118503.09,453402.51,2263.4302771758166,6.5753,59.045357,2.617385,2207.245625,2271.6459574468086,64.4,22.716662832999923,tvd_corrected,AH 2530.5-2603.5m → TVD 2207.2-2271.6m (correction: 323.3m)
PKP-01,118503.09,453402.51,2263.518617823892,6.408600000000001,59.879807,2.630195,2207.245625,2271.6459574468086,64.4,22.716662832999923,tvd_corrected,AH 2530.5-2603.5m → TVD 2207.2-2271.6m (correction: 323.3m)
PKP-01,118503.09,453402.51,2263.6069584719667,6.4725,60.718811,2.633693,2207.245625,2271.6459574468086,64.4,22.716662832999923,tvd_corrected,AH 2530.5-2603.5m → TVD 2207.2-2271.6m (correction: 323.3m)
PKP-01,118503.09,453402.51,2263.695299120042,6.782299999999999,61.369942,2.635008,2207.245625,2271.6459574468086,64.4,22.716662832999923,tvd_corrected,AH 2530.5-2603.5m → TVD 2207.2-2271.6m (correction: 323.3m)
PKP-01,118503.09,453402.51,2263.783639768117,7.258299999999999,61.98674,2.638637,2207.245625,2271.6459574468086,64.4,22.716662832999923,tvd_corrected,AH 2530.5-2603.5m → TVD 2207.2-2271.6m (correction: 323.3m)
PKP-01,118503.09,453402.51,2263.8719804161924,7.795100000000001,62.88784,2.641436,2207.245625,2271.6459574468086,64.4,22.716662832999923,tvd_corrected,AH 2530.5-2603.5m → TVD 2207.2-2271.6m (correction: 323.3m)
PKP-01,118503.09,453402.51,2263.9603210642676,8.2577,64.045731,2.639671,2207.245625,2271.6459574468086,64.4,22.716662832999923,tvd_corrected,AH 2530.5-2603.5m → TVD 2207.2-2271.6m (correction: 323.3m)
PKP-01,118503.09,453402.51,2264.048661712343,8.551,64.973648,2.634131,2207.245625,2271.6459574468086,64.4,22.716662832999923,tvd_corrected,AH 2530.5-2603.5m → TVD 2207.2-2271.6m (correction: 323.3m)
PKP-01,118503.09,453402.51,2264.137002360418,8.6761,65.220108,2.627386,2207.245625,2271.6459574468086,64.4,22.716662832999923,tvd_corrected,AH 2530.5-2603.5m → TVD 2207.2-2271.6m (correction: 323.3m)
PKP-01,118503.09,453402.51,2264.2253430084934,8.642199999999999,64.599457,2.619256,2207.245625,2271.6459574468086,64.4,22.716662832999923,tvd_corrected,AH 2530.5-2603.5m → TVD 2207.2-2271.6m (correction: 323.3m)
PKP-01,118503.09,453402.51,2264.313683656568,8.501100000000001,63.565529,2.611837,2207.245625,2271.6459574468086,64.4,22.716662832999923,tvd_corrected,AH 2530.5-2603.5m → TVD 2207.2-2271.6m (correction: 323.3m)
PKP-01,118503.09,453402.51,2264.4020243046434,8.296199999999999,62.880905,2.608943,2207.245625,2271.6459574468086,64.4,22.716662832999923,tvd_corrected,AH 2530.5-2603.5m → TVD 2207.2-2271.6m (correction: 323.3m)
PKP-01,118503.09,453402.51,2264.4903649527187,8.0349,62.960518,2.60846,2207.245625,2271.6459574468086,64.4,22.716662832999923,tvd_corrected,AH 2530.5-2603.5m → TVD 2207.2-2271.6m (correction: 323.3m)
PKP-01,118503.09,453402.51,2264.578705600794,7.7694,63.539612,2.605336,2207.245625,2271.6459574468086,64.4,22.716662832999923,tvd_corrected,AH 2530.5-2603.5m → TVD 2207.2-2271.6m (correction: 323.3m)
PKP-01,118503.09,453402.51,2264.667046248869,7.545300000000001,64.190826,2.598416,2207.245625,2271.6459574468086,64.4,22.716662832999923,tvd_corrected,AH 2530.5-2603.5m → TVD 2207.2-2271.6m (correction: 323.3m)
PKP-01,118503.09,453402.51,2264.7553868969444,7.356,64.574875,2.589237,2207.245625,2271.6459574468086,64.4,22.716662832999923,tvd_corrected,AH 2530.5-2603.5m → TVD 2207.2-2271.6m (correction: 323.3m)
PKP-01,118503.09,453402.51,2264.8437275450196,7.213500000000001,64.448944,2.58009,2207.245625,2271.6459574468086,64.4,22.716662832999923,tvd_corrected,AH 2530.5-2603.5m → TVD 2207.2-2271.6m (correction: 323.3m)
PKP-01,118503.09,453402.51,2264.9320681930944,7.222,63.734657,2.573841,2207.245625,2271.6459574468086,64.4,22.716662832999923,tvd_corrected,AH 2530.5-2603.5m → TVD 2207.2-2271.6m (correction: 323.3m)
PKP-01,118503.09,453402.51,2265.0204088411697,7.405,62.726372,2.573146,2207.245625,2271.6459574468086,64.4,22.716662832999923,tvd_corrected,AH 2530.5-2603.5m → TVD 2207.2-2271.6m (correction: 323.3m)
PKP-01,118503.09,453402.51,2265.108749489245,7.6928,61.747093,2.578445,2207.245625,2271.6459574468086,64.4,22.716662832999923,tvd_corrected,AH 2530.5-2603.5m → TVD 2207.2-2271.6m (correction: 323.3m)
PKP-01,118503.09,453402.51,2265.19709013732,8.0266,60.891502,2.588136,2207.245625,2271.6459574468086,64.4,22.716662832999923,tvd_corrected,AH 2530.5-2603.5m → TVD 2207.2-2271.6m (correction: 323.3m)
PKP-01,118503.09,453402.51,2265.2854307853954,8.3034,60.273972,2.599004,2207.245625,2271.6459574468086,64.4,22.716662832999923,tvd_corrected,AH 2530.5-2603.5m → TVD 2207.2-2271.6m (correction: 323.3m)
PKP-01,118503.09,453402.51,2265.3737714334707,8.4327,60.119499,2.608196,2207.245625,2271.6459574468086,64.4,22.716662832999923,tvd_corrected,AH 2530.5-2603.5m → TVD 2207.2-2271.6m (correction: 323.3m)
PKP-01,118503.09,453402.51,2265.462112081546,8.4072,60.365387,2.612098,2207.245625,2271.6459574468086,64.4,22.716662832999923,tvd_corrected,AH 2530.5-2603.5m → TVD 2207.2-2271.6m (correction: 323.3m)
PKP-01,118503.09,453402.51,2265.5504527296207,8.2984,60.670296,2.610174,2207.245625,2271.6459574468086,64.4,22.716662832999923,tvd_corrected,AH 2530.5-2603.5m → TVD 2207.2-2271.6m (correction: 323.3m)
PKP-01,118503.09,453402.51,2265.638793377696,8.179400000000001,61.028419,2.604809,2207.245625,2271.6459574468086,64.4,22.716662832999923,tvd_corrected,AH 2530.5-2603.5m → TVD 2207.2-2271.6m (correction: 323.3m)
PKP-01,118503.09,453402.51,2265.727134025771,8.0983,61.535652,2.598993,2207.245625,2271.6459574468086,64.4,22.716662832999923,tvd_corrected,AH 2530.5-2603.5m → TVD 2207.2-2271.6m (correction: 323.3m)
PKP-01,118503.09,453402.51,2265.8154746738464,8.0367,61.990623,2.595317,2207.245625,2271.6459574468086,64.4,22.716662832999923,tvd_corrected,AH 2530.5-2603.5m → TVD 2207.2-2271.6m (correction: 323.3m)
PKP-01,118503.09,453402.51,2265.9038153219217,7.9302,62.157845,2.594503,2207.245625,2271.6459574468086,64.4,22.716662832999923,tvd_corrected,AH 2530.5-2603.5m → TVD 2207.2-2271.6m (correction: 323.3m)
PKP-01,118503.09,453402.51,2265.992155969997,7.7371,61.989494,2.593983,2207.245625,2271.6459574468086,64.4,22.716662832999923,tvd_corrected,AH 2530.5-2603.5m → TVD 2207.2-2271.6m (correction: 323.3m)
PKP-01,118503.09,453402.51,2266.080496618072,7.4731,61.498764,2.592144,2207.245625,2271.6459574468086,64.4,22.716662832999923,tvd_corrected,AH 2530.5-2603.5m → TVD 2207.2-2271.6m (correction: 323.3m)
PKP-01,118503.09,453402.51,2266.1688372661474,7.180000000000001,60.745232,2.590467,2207.245625,2271.6459574468086,64.4,22.716662832999923,tvd_corrected,AH 2530.5-2603.5m → TVD 2207.2-2271.6m (correction: 323.3m)
PKP-01,118503.09,453402.51,2266.257177914222,6.872300000000001,59.875153,2.58949,2207.245625,2271.6459574468086,64.4,22.716662832999923,tvd_corrected,AH 2530.5-2603.5m → TVD 2207.2-2271.6m (correction: 323.3m)
PKP-01,118503.09,453402.51,2266.3455185622975,6.5911,59.110748,2.589189,2207.245625,2271.6459574468086,64.4,22.716662832999923,tvd_corrected,AH 2530.5-2603.5m → TVD 2207.2-2271.6m (correction: 323.3m)
PKP-01,118503.09,453402.51,2266.4338592103727,6.4162,58.664711,2.590104,2207.245625,2271.6459574468086,64.4,22.716662832999923,tvd_corrected,AH 2530.5-2603.5m → TVD 2207.2-2271.6m (correction: 323.3m)
PKP-01,118503.09,453402.51,2266.522199858448,6.3969,58.700157,2.591485,2207.245625,2271.6459574468086,64.4,22.716662832999923,tvd_corrected,AH 2530.5-2603.5m → TVD 2207.2-2271.6m (correction: 323.3m)
PKP-01,118503.09,453402.51,2266.610540506523,6.534,59.299713,2.592837,2207.245625,2271.6459574468086,64.4,22.716662832999923,tvd_corrected,AH 2530.5-2603.5m → TVD 2207.2-2271.6m (correction: 323.3m)
PKP-01,118503.09,453402.51,2266.6988811545984,6.7885,60.369194,2.595303,2207.245625,2271.6459574468086,64.4,22.716662832999923,tvd_corrected,AH 2530.5-2603.5m → TVD 2207.2-2271.6m (correction: 323.3m)
PKP-01,118503.09,453402.51,2266.7872218026737,7.0981000000000005,61.712654,2.598677,2207.245625,2271.6459574468086,64.4,22.716662832999923,tvd_corrected,AH 2530.5-2603.5m → TVD 2207.2-2271.6m (correction: 323.3m)
PKP-01,118503.09,453402.51,2266.8755624507485,7.3819,63.006538,2.601059,2207.245625,2271.6459574468086,64.4,22.716662832999923,tvd_corrected,AH 2530.5-2603.5m → TVD 2207.2-2271.6m (correction: 323.3m)
PKP-01,118503.09,453402.51,2266.9639030988237,7.5769,63.749786,2.601189,2207.245625,2271.6459574468086,64.4,22.716662832999923,tvd_corrected,AH 2530.5-2603.5m → TVD 2207.2-2271.6m (correction: 323.3m)
PKP-01,118503.09,453402.51,2267.052243746899,7.675700000000001,63.513573,2.598911,2207.245625,2271.6459574468086,64.4,22.716662832999923,tvd_corrected,AH 2530.5-2603.5m → TVD 2207.2-2271.6m (correction: 323.3m)
PKP-01,118503.09,453402.51,2267.140584394974,7.713100000000001,62.243866,2.594873,2207.245625,2271.6459574468086,64.4,22.716662832999923,tvd_corrected,AH 2530.5-2603.5m → TVD 2207.2-2271.6m (correction: 323.3m)
PKP-01,118503.09,453402.51,2267.2289250430495,7.7267,60.290031,2.590307,2207.245625,2271.6459574468086,64.4,22.716662832999923,tvd_corrected,AH 2530.5-2603.5m → TVD 2207.2-2271.6m (correction: 323.3m)
PKP-01,118503.09,453402.51,2267.3172656911247,7.7323,58.342804,2.586078,2207.245625,2271.6459574468086,64.4,22.716662832999923,tvd_corrected,AH 2530.5-2603.5m → TVD 2207.2-2271.6m (correction: 323.3m)
PKP-01,118503.09,453402.51,2267.4056063392,7.736999999999999,57.318672,2.582428,2207.245625,2271.6459574468086,64.4,22.716662832999923,tvd_corrected,AH 2530.5-2603.5m → TVD 2207.2-2271.6m (correction: 323.3m)
PKP-01,118503.09,453402.51,2267.4939469872747,7.7617,57.90287,2.580065,2207.245625,2271.6459574468086,64.4,22.716662832999923,tvd_corrected,AH 2530.5-2603.5m → TVD 2207.2-2271.6m (correction: 323.3m)
PKP-01,118503.09,453402.51,2267.58228763535,7.8265,59.961273,2.579727,2207.245625,2271.6459574468086,64.4,22.716662832999923,tvd_corrected,AH 2530.5-2603.5m → TVD 2207.2-2271.6m (correction: 323.3m)
PKP-01,118503.09,453402.51,2267.6706282834252,7.933999999999999,62.574158,2.580503,2207.245625,2271.6459574468086,64.4,22.716662832999923,tvd_corrected,AH 2530.5-2603.5m → TVD 2207.2-2271.6m (correction: 323.3m)
PKP-01,118503.09,453402.51,2267.7589689315005,8.0915,64.833603,2.581081,2207.245625,2271.6459574468086,64.4,22.716662832999923,tvd_corrected,AH 2530.5-2603.5m → TVD 2207.2-2271.6m (correction: 323.3m)
PKP-01,118503.09,453402.51,2267.8473095795757,8.3116,66.255112,2.581109,2207.245625,2271.6459574468086,64.4,22.716662832999923,tvd_corrected,AH 2530.5-2603.5m → TVD 2207.2-2271.6m (correction: 323.3m)
PKP-01,118503.09,453402.51,2267.935650227651,8.5694,66.717072,2.579778,2207.245625,2271.6459574468086,64.4,22.716662832999923,tvd_corrected,AH 2530.5-2603.5m → TVD 2207.2-2271.6m (correction: 323.3m)
PKP-01,118503.09,453402.51,2268.023990875726,8.8092,66.434021,2.576424,2207.245625,2271.6459574468086,64.4,22.716662832999923,tvd_corrected,AH 2530.5-2603.5m → TVD 2207.2-2271.6m (correction: 323.3m)
PKP-01,118503.09,453402.51,2268.112331523801,8.9975,65.672638,2.572495,2207.245625,2271.6459574468086,64.4,22.716662832999923,tvd_corrected,AH 2530.5-2603.5m → TVD 2207.2-2271.6m (correction: 323.3m)
PKP-01,118503.09,453402.51,2268.2006721718762,9.1427,64.609344,2.570398,2207.245625,2271.6459574468086,64.4,22.716662832999923,tvd_corrected,AH 2530.5-2603.5m → TVD 2207.2-2271.6m (correction: 323.3m)
PKP-01,118503.09,453402.51,2268.2890128199515,9.2488,63.61853,2.571225,2207.245625,2271.6459574468086,64.4,22.716662832999923,tvd_corrected,AH 2530.5-2603.5m → TVD 2207.2-2271.6m (correction: 323.3m)
PKP-01,118503.09,453402.51,2268.3773534680267,9.3033,63.16024,2.574078,2207.245625,2271.6459574468086,64.4,22.716662832999923,tvd_corrected,AH 2530.5-2603.5m → TVD 2207.2-2271.6m (correction: 323.3m)
PKP-01,118503.09,453402.51,2268.465694116102,9.3263,63.419556,2.577164,2207.245625,2271.6459574468086,64.4,22.716662832999923,tvd_corrected,AH 2530.5-2603.5m → TVD 2207.2-2271.6m (correction: 323.3m)
PKP-01,118503.09,453402.51,2268.5540347641772,9.3619,64.363007,2.579463,2207.245625,2271.6459574468086,64.4,22.716662832999923,tvd_corrected,AH 2530.5-2603.5m → TVD 2207.2-2271.6m (correction: 323.3m)
PKP-01,118503.09,453402.51,2268.6423754122525,9.3889,65.533722,2.581674,2207.245625,2271.6459574468086,64.4,22.716662832999923,tvd_corrected,AH 2530.5-2603.5m → TVD 2207.2-2271.6m (correction: 323.3m)
PKP-01,118503.09,453402.51,2268.7307160603277,9.3083,66.118515,2.585066,2207.245625,2271.6459574468086,64.4,22.716662832999923,tvd_corrected,AH 2530.5-2603.5m → TVD 2207.2-2271.6m (correction: 323.3m)
PKP-01,118503.09,453402.51,2268.8190567084025,9.0579,65.832214,2.588758,2207.245625,2271.6459574468086,64.4,22.716662832999923,tvd_corrected,AH 2530.5-2603.5m → TVD 2207.2-2271.6m (correction: 323.3m)
PKP-01,118503.09,453402.51,2268.9073973564778,8.6759,65.092285,2.588671,2207.245625,2271.6459574468086,64.4,22.716662832999923,tvd_corrected,AH 2530.5-2603.5m → TVD 2207.2-2271.6m (correction: 323.3m)
PKP-01,118503.09,453402.51,2268.995738004553,8.3383,64.487503,2.580168,2207.245625,2271.6459574468086,64.4,22.716662832999923,tvd_corrected,AH 2530.5-2603.5m → TVD 2207.2-2271.6m (correction: 323.3m)
PKP-01,118503.09,453402.51,2269.0840786526282,8.3059,64.548126,2.564708,2207.245625,2271.6459574468086,64.4,22.716662832999923,tvd_corrected,AH 2530.5-2603.5m → TVD 2207.2-2271.6m (correction: 323.3m)
PKP-01,118503.09,453402.51,2269.1724193007035,8.7413,65.377914,2.550169,2207.245625,2271.6459574468086,64.4,22.716662832999923,tvd_corrected,AH 2530.5-2603.5m → TVD 2207.2-2271.6m (correction: 323.3m)
PKP-01,118503.09,453402.51,2269.2607599487787,9.5876,66.339371,2.543262,2207.245625,2271.6459574468086,64.4,22.716662832999923,tvd_corrected,AH 2530.5-2603.5m → TVD 2207.2-2271.6m (correction: 323.3m)
PKP-01,118503.09,453402.51,2269.349100596854,10.6169,66.647583,2.543462,2207.245625,2271.6459574468086,64.4,22.716662832999923,tvd_corrected,AH 2530.5-2603.5m → TVD 2207.2-2271.6m (correction: 323.3m)
PKP-01,118503.09,453402.51,2269.437441244929,11.4754,65.976044,2.545801,2207.245625,2271.6459574468086,64.4,22.716662832999923,tvd_corrected,AH 2530.5-2603.5m → TVD 2207.2-2271.6m (correction: 323.3m)
PKP-01,118503.09,453402.51,2269.525781893004,11.8607,64.684113,2.545836,2207.245625,2271.6459574468086,64.4,22.716662832999923,tvd_corrected,AH 2530.5-2603.5m → TVD 2207.2-2271.6m (correction: 323.3m)
PKP-01,118503.09,453402.51,2269.6141225410793,11.7173,63.601547,2.542308,2207.245625,2271.6459574468086,64.4,22.716662832999923,tvd_corrected,AH 2530.5-2603.5m → TVD 2207.2-2271.6m (correction: 323.3m)
PKP-01,118503.09,453402.51,2269.7024631891545,11.2353,63.455894,2.537037,2207.245625,2271.6459574468086,64.4,22.716662832999923,tvd_corrected,AH 2530.5-2603.5m → TVD 2207.2-2271.6m (correction: 323.3m)
PKP-01,118503.09,453402.51,2269.7908038372298,10.7028,64.275848,2.533346,2207.245625,2271.6459574468086,64.4,22.716662832999923,tvd_corrected,AH 2530.5-2603.5m → TVD 2207.2-2271.6m (correction: 323.3m)
PKP-01,118503.09,453402.51,2269.879144485305,10.2883,65.645813,2.533163,2207.245625,2271.6459574468086,64.4,22.716662832999923,tvd_corrected,AH 2530.5-2603.5m → TVD 2207.2-2271.6m (correction: 323.3m)
PKP-01,118503.09,453402.51,2269.9674851333803,10.0439,66.938934,2.535348,2207.245625,2271.6459574468086,64.4,22.716662832999923,tvd_corrected,AH 2530.5-2603.5m → TVD 2207.2-2271.6m (correction: 323.3m)
PKP-01,118503.09,453402.51,2270.055825781455,9.9782,67.593323,2.53819,2207.245625,2271.6459574468086,64.4,22.716662832999923,tvd_corrected,AH 2530.5-2603.5m → TVD 2207.2-2271.6m (correction: 323.3m)
PKP-01,118503.09,453402.51,2270.1441664295303,10.0488,67.5392,2.541181,2207.245625,2271.6459574468086,64.4,22.716662832999923,tvd_corrected,AH 2530.5-2603.5m → TVD 2207.2-2271.6m (correction: 323.3m)
PKP-01,118503.09,453402.51,2270.2325070776055,10.1606,67.280624,2.544289,2207.245625,2271.6459574468086,64.4,22.716662832999923,tvd_corrected,AH 2530.5-2603.5m → TVD 2207.2-2271.6m (correction: 323.3m)
PKP-01,118503.09,453402.51,2270.320847725681,10.2124,67.361069,2.548146,2207.245625,2271.6459574468086,64.4,22.716662832999923,tvd_corrected,AH 2530.5-2603.5m → TVD 2207.2-2271.6m (correction: 323.3m)
PKP-01,118503.09,453402.51,2270.409188373756,10.186,67.867905,2.552044,2207.245625,2271.6459574468086,64.4,22.716662832999923,tvd_corrected,AH 2530.5-2603.5m → TVD 2207.2-2271.6m (correction: 323.3m)
PKP-01,118503.09,453402.51,2270.4975290218313,10.1766,68.483658,2.554323,2207.245625,2271.6459574468086,64.4,22.716662832999923,tvd_corrected,AH 2530.5-2603.5m → TVD 2207.2-2271.6m (correction: 323.3m)
PKP-01,118503.09,453402.51,2270.5858696699065,10.2597,68.979782,2.554523,2207.245625,2271.6459574468086,64.4,22.716662832999923,tvd_corrected,AH 2530.5-2603.5m → TVD 2207.2-2271.6m (correction: 323.3m)
PKP-01,118503.09,453402.51,2270.6742103179813,10.3757,69.380829,2.550778,2207.245625,2271.6459574468086,64.4,22.716662832999923,tvd_corrected,AH 2530.5-2603.5m → TVD 2207.2-2271.6m (correction: 323.3m)
PKP-01,118503.09,453402.51,2270.7625509660566,10.3771,69.672546,2.543847,2207.245625,2271.6459574468086,64.4,22.716662832999923,tvd_corrected,AH 2530.5-2603.5m → TVD 2207.2-2271.6m (correction: 323.3m)
PKP-01,118503.09,453402.51,2270.850891614132,10.2239,69.707672,2.538121,2207.245625,2271.6459574468086,64.4,22.716662832999923,tvd_corrected,AH 2530.5-2603.5m → TVD 2207.2-2271.6m (correction: 323.3m)
PKP-01,118503.09,453402.51,2270.939232262207,10.0609,69.549271,2.538239,2207.245625,2271.6459574468086,64.4,22.716662832999923,tvd_corrected,AH 2530.5-2603.5m → TVD 2207.2-2271.6m (correction: 323.3m)
PKP-01,118503.09,453402.51,2271.0275729102823,10.0586,69.329575,2.545803,2207.245625,2271.6459574468086,64.4,22.716662832999923,tvd_corrected,AH 2530.5-2603.5m → TVD 2207.2-2271.6m (correction: 323.3m)
PKP-01,118503.09,453402.51,2271.1159135583575,10.2198,68.918457,2.556959,2207.245625,2271.6459574468086,64.4,22.716662832999923,tvd_corrected,AH 2530.5-2603.5m → TVD 2207.2-2271.6m (correction: 323.3m)
PKP-01,118503.09,453402.51,2271.204254206433,10.2694,68.360092,2.565042,2207.245625,2271.6459574468086,64.4,22.716662832999923,tvd_corrected,AH 2530.5-2603.5m → TVD 2207.2-2271.6m (correction: 323.3m)
PKP-01,118503.09,453402.51,2271.292594854508,9.8495,67.959564,2.571209,2207.245625,2271.6459574468086,64.4,22.716662832999923,tvd_corrected,AH 2530.5-2603.5m → TVD 2207.2-2271.6m (correction: 323.3m)
PKP-01,118503.09,453402.51,2271.380935502583,8.9238,67.73436,2.579832,2207.245625,2271.6459574468086,64.4,22.716662832999923,tvd_corrected,AH 2530.5-2603.5m → TVD 2207.2-2271.6m (correction: 323.3m)
PKP-01,118503.09,453402.51,2271.469276150658,7.8852,67.200012,2.591536,2207.245625,2271.6459574468086,64.4,22.716662832999923,tvd_corrected,AH 2530.5-2603.5m → TVD 2207.2-2271.6m (correction: 323.3m)
PKP-01,118503.09,453402.51,2271.5576167987333,7.0744,65.923126,2.606681,2207.245625,2271.6459574468086,64.4,22.716662832999923,tvd_corrected,AH 2530.5-2603.5m → TVD 2207.2-2271.6m (correction: 323.3m)
PKP-01,118503.09,453402.51,2271.6459574468086,6.7567,64.127319,2.622345,2207.245625,2271.6459574468086,64.4,22.716662832999923,tvd_corrected,AH 2530.5-2603.5m → TVD 2207.2-2271.6m (correction: 323.3m)
BLT-01,141577.55,456881.76,1862.4921546961325,13.83141,64.78102,2.702533,1862.4921546961325,1984.8676041666665,122.4,2.032828276097129,tvd_corrected,AH 1924.0-2052.7m → TVD 1862.5-1984.9m (correction: 61.5m)
BLT-01,141577.55,456881.76,1862.5646520003213,13.71863,63.2285,2.68838,1862.4921546961325,1984.8676041666665,122.4,2.032828276097129,tvd_corrected,AH 1924.0-2052.7m → TVD 1862.5-1984.9m (correction: 61.5m)
BLT-01,141577.55,456881.76,1862.6371493045099,13.45625,62.69407,2.670899,1862.4921546961325,1984.8676041666665,122.4,2.032828276097129,tvd_corrected,AH 1924.0-2052.7m → TVD 1862.5-1984.9m (correction: 61.5m)
BLT-01,141577.55,456881.76,1862.7096466086987,12.86815,62.77129,2.647428,1862.4921546961325,1984.8676041666665,122.4,2.032828276097129,tvd_corrected,AH 1924.0-2052.7m → TVD 1862.5-1984.9m (correction: 61.5m)
BLT-01,141577.55,456881.76,1862.7821439128872,11.68353,62.97287,2.614073,1862.4921546961325,1984.8676041666665,122.4,2.032828276097129,tvd_corrected,AH 1924.0-2052.7m → TVD 1862.5-1984.9m (correction: 61.5m)
BLT-01,141577.55,456881.76,1862.854641217076,10.5867,62.51448,2.586111,1862.4921546961325,1984.8676041666665,122.4,2.032828276097129,tvd_corrected,AH 1924.0-2052.7m → TVD 1862.5-1984.9m (correction: 61.5m)
BLT-01,141577.55,456881.76,1862.9271385212646,10.0902,61.78849,2.568097,1862.4921546961325,1984.8676041666665,122.4,2.032828276097129,tvd_corrected,AH 1924.0-2052.7m → TVD 1862.5-1984.9m (correction: 61.5m)
BLT-01,141577.55,456881.76,1862.9996358254534,10.01367,60.94621,2.557141,1862.4921546961325,1984.8676041666665,122.4,2.032828276097129,tvd_corrected,AH 1924.0-2052.7m → TVD 1862.5-1984.9m (correction: 61.5m)
BLT-01,141577.55,456881.76,1863.0721331296422,10.15614,60.11681,2.550294,1862.4921546961325,1984.8676041666665,122.4,2.032828276097129,tvd_corrected,AH 1924.0-2052.7m → TVD 1862.5-1984.9m (correction: 61.5m)
BLT-01,141577.55,456881.76,1863.1446304338308,10.28571,59.14326,2.548272,1862.4921546961325,1984.8676041666665,122.4,2.032828276097129,tvd_corrected,AH 1924.0-2052.7m → TVD 1862.5-1984.9m (correction: 61.5m)
BLT-01,141577.55,456881.76,1863.2171277380196,10.35583,57.85681,2.548422,1862.4921546961325,1984.8676041666665,122.4,2.032828276097129,tvd_corrected,AH 1924.0-2052.7m → TVD 1862.5-1984.9m (correction: 61.5m)
BLT-01,141577.55,456881.76,1863.2896250422082,10.40714,56.28184,2.549732,1862.4921546961325,1984.8676041666665,122.4,2.032828276097129,tvd_corrected,AH 1924.0-2052.7m → TVD 1862.5-1984.9m (correction: 61.5m)
BLT-01,141577.55,456881.76,1863.362122346397,10.46692,54.45234,2.551428,1862.4921546961325,1984.8676041666665,122.4,2.032828276097129,tvd_corrected,AH 1924.0-2052.7m → TVD 1862.5-1984.9m (correction: 61.5m)
BLT-01,141577.55,456881.76,1863.4346196505858,10.56034,52.50736,2.552187,1862.4921546961325,1984.8676041666665,122.4,2.032828276097129,tvd_corrected,AH 1924.0-2052.7m → TVD 1862.5-1984.9m (correction: 61.5m)
BLT-01,141577.55,456881.76,1863.5071169547743,10.59998,51.09169,2.551473,1862.4921546961325,1984.8676041666665,122.4,2.032828276097129,tvd_corrected,AH 1924.0-2052.7m → TVD 1862.5-1984.9m (correction: 61.5m)
BLT-01,141577.55,456881.76,1863.5796142589631,10.63572,50.26973,2.549664,1862.4921546961325,1984.8676041666665,122.4,2.032828276097129,tvd_corrected,AH 1924.0-2052.7m → TVD 1862.5-1984.9m (correction: 61.5m)
BLT-01,141577.55,456881.76,1863.6521115631517,10.68473,50.04124,2.547012,1862.4921546961325,1984.8676041666665,122.4,2.032828276097129,tvd_corrected,AH 1924.0-2052.7m → TVD 1862.5-1984.9m (correction: 61.5m)
BLT-01,141577.55,456881.76,1863.7246088673405,10.74487,50.312,2.543976,1862.4921546961325,1984.8676041666665,122.4,2.032828276097129,tvd_corrected,AH 1924.0-2052.7m → TVD 1862.5-1984.9m (correction: 61.5m)
BLT-01,141577.55,456881.76,1863.797106171529,10.73316,50.66552,2.540415,1862.4921546961325,1984.8676041666665,122.4,2.032828276097129,tvd_corrected,AH 1924.0-2052.7m → TVD 1862.5-1984.9m (correction: 61.5m)
BLT-01,141577.55,456881.76,1863.869603475718,10.65194,50.91455,2.536213,1862.4921546961325,1984.8676041666665,122.4,2.032828276097129,tvd_corrected,AH 1924.0-2052.7m → TVD 1862.5-1984.9m (correction: 61.5m)
BLT-01,141577.55,456881.76,1863.9421007799067,10.53229,51.01425,2.531571,1862.4921546961325,1984.8676041666665,122.4,2.032828276097129,tvd_corrected,AH 1924.0-2052.7m → TVD 1862.5-1984.9m (correction: 61.5m)
BLT-01,141577.55,456881.76,1864.0145980840953,10.44549,50.9485,2.527014,1862.4921546961325,1984.8676041666665,122.4,2.032828276097129,tvd_corrected,AH 1924.0-2052.7m → TVD 1862.5-1984.9m (correction: 61.5m)
BLT-01,141577.55,456881.76,1864.087095388284,10.39048,50.85974,2.523778,1862.4921546961325,1984.8676041666665,122.4,2.032828276097129,tvd_corrected,AH 1924.0-2052.7m → TVD 1862.5-1984.9m (correction: 61.5m)
BLT-01,141577.55,456881.76,1864.1595926924726,10.34193,50.67233,2.522053,1862.4921546961325,1984.8676041666665,122.4,2.032828276097129,tvd_corrected,AH 1924.0-2052.7m → TVD 1862.5-1984.9m (correction: 61.5m)
BLT-01,141577.55,456881.76,1864.2320899966614,10.28206,50.36319,2.523014,1862.4921546961325,1984.8676041666665,122.4,2.032828276097129,tvd_corrected,AH 1924.0-2052.7m → TVD 1862.5-1984.9m (correction: 61.5m)
BLT-01,141577.55,456881.76,1864.30458730085,10.18929,49.91233,2.52826,1862.4921546961325,1984.8676041666665,122.4,2.032828276097129,tvd_corrected,AH 1924.0-2052.7m → TVD 1862.5-1984.9m (correction: 61.5m)
BLT-01,141577.55,456881.76,1864.3770846050388,10.07351,49.52074,2.538863,1862.4921546961325,1984.8676041666665,122.4,2.032828276097129,tvd_corrected,AH 1924.0-2052.7m → TVD 1862.5-1984.9m (correction: 61.5m)
BLT-01,141577.55,456881.76,1864.4495819092276,9.892738,49.06865,2.550182,1862.4921546961325,1984.8676041666665,122.4,2.032828276097129,tvd_corrected,AH 1924.0-2052.7m → TVD 1862.5-1984.9m (correction: 61.5m)
BLT-01,141577.55,456881.76,1864.5220792134162,9.638505,48.3635,2.562034,1862.4921546961325,1984.8676041666665,122.4,2.032828276097129,tvd_corrected,AH 1924.0-2052.7m → TVD 1862.5-1984.9m (correction: 61.5m)
BLT-01,141577.55,456881.76,1864.594576517605,9.319262,47.25032,2.573992,1862.4921546961325,1984.8676041666665,122.4,2.032828276097129,tvd_corrected,AH 1924.0-2052.7m → TVD 1862.5-1984.9m (correction: 61.5m)
BLT-01,141577.55,456881.76,1864.6670738217936,9.213309,45.99543,2.579243,1862.4921546961325,1984.8676041666665,122.4,2.032828276097129,tvd_corrected,AH 1924.0-2052.7m → TVD 1862.5-1984.9m (correction: 61.5m)
BLT-01,141577.55,456881.76,1864.7395711259824,9.292732,45.10096,2.579856,1862.4921546961325,1984.8676041666665,122.4,2.032828276097129,tvd_corrected,AH 1924.0-2052.7m → TVD 1862.5-1984.9m (correction: 61.5m)
BLT-01,141577.55,456881.76,1864.8120684301712,9.437265,44.53033,2.57866,1862.4921546961325,1984.8676041666665,122.4,2.032828276097129,tvd_corrected,AH 1924.0-2052.7m → TVD 1862.5-1984.9m (correction: 61.5m)
BLT-01,141577.55,456881.76,1864.8845657343597,9.564254,44.26429,2.577205,1862.4921546961325,1984.8676041666665,122.4,2.032828276097129,tvd_corrected,AH 1924.0-2052.7m → TVD 1862.5-1984.9m (correction: 61.5m)
BLT-01,141577.55,456881.76,1864.9570630385485,9.577204,44.3246,2.574852,1862.4921546961325,1984.8676041666665,122.4,2.032828276097129,tvd_corrected,AH 1924.0-2052.7m → TVD 1862.5-1984.9m (correction: 61.5m)
BLT-01,141577.55,456881.76,1865.029560342737,9.484056,44.50964,2.571239,1862.4921546961325,1984.8676041666665,122.4,2.032828276097129,tvd_corrected,AH 1924.0-2052.7m → TVD 1862.5-1984.9m (correction: 61.5m)
BLT-01,141577.55,456881.76,1865.102057646926,9.341783,44.69986,2.56685,1862.4921546961325,1984.8676041666665,122.4,2.032828276097129,tvd_corrected,AH 1924.0-2052.7m → TVD 1862.5-1984.9m (correction: 61.5m)
BLT-01,141577.55,456881.76,1865.1745549511145,9.190156,44.84612,2.561993,1862.4921546961325,1984.8676041666665,122.4,2.032828276097129,tvd_corrected,AH 1924.0-2052.7m → TVD 1862.5-1984.9m (correction: 61.5m)
BLT-01,141577.55,456881.76,1865.2470522553033,9.106611,44.91922,2.557211,1862.4921546961325,1984.8676041666665,122.4,2.032828276097129,tvd_corrected,AH 1924.0-2052.7m → TVD 1862.5-1984.9m (correction: 61.5m)
BLT-01,141577.55,456881.76,1865.319549559492,9.018534,44.96194,2.554202,1862.4921546961325,1984.8676041666665,122.4,2.032828276097129,tvd_corrected,AH 1924.0-2052.7m → TVD 1862.5-1984.9m (correction: 61.5m)
BLT-01,141577.55,456881.76,1865.3920468636807,8.965296,45.14462,2.5532,1862.4921546961325,1984.8676041666665,122.4,2.032828276097129,tvd_corrected,AH 1924.0-2052.7m → TVD 1862.5-1984.9m (correction: 61.5m)
BLT-01,141577.55,456881.76,1865.4645441678695,8.946323,45.5098,2.554072,1862.4921546961325,1984.8676041666665,122.4,2.032828276097129,tvd_corrected,AH 1924.0-2052.7m → TVD 1862.5-1984.9m (correction: 61.5m)
BLT-01,141577.55,456881.76,1865.537041472058,8.94256,46.0779,2.556417,1862.4921546961325,1984.8676041666665,122.4,2.032828276097129,tvd_corrected,AH 1924.0-2052.7m → TVD 1862.5-1984.9m (correction: 61.5m)
BLT-01,141577.55,456881.76,1865.6095387762468,8.922872,46.72645,2.558198,1862.4921546961325,1984.8676041666665,122.4,2.032828276097129,tvd_corrected,AH 1924.0-2052.7m → TVD 1862.5-1984.9m (correction: 61.5m)
BLT-01,141577.55,456881.76,1865.6820360804354,8.988526,47.28381,2.559081,1862.4921546961325,1984.8676041666665,122.4,2.032828276097129,tvd_corrected,AH 1924.0-2052.7m → TVD 1862.5-1984.9m (correction: 61.5m)
BLT-01,141577.55,456881.76,1865.7545333846242,9.161521,47.49532,2.558547,1862.4921546961325,1984.8676041666665,122.4,2.032828276097129,tvd_corrected,AH 1924.0-2052.7m → TVD 1862.5-1984.9m (correction: 61.5m)
BLT-01,141577.55,456881.76,1865.827030688813,9.457024,47.03517,2.555948,1862.4921546961325,1984.8676041666665,122.4,2.032828276097129,tvd_corrected,AH 1924.0-2052.7m → TVD 1862.5-1984.9m (correction: 61.5m)
BLT-01,141577.55,456881.76,1865.8995279930016,9.609403,46.14564,2.553365,1862.4921546961325,1984.8676041666665,122.4,2.032828276097129,tvd_corrected,AH 1924.0-2052.7m → TVD 1862.5-1984.9m (correction: 61.5m)
BLT-01,141577.55,456881.76,1865.9720252971904,9.63553,45.37644,2.551964,1862.4921546961325,1984.8676041666665,122.4,2.032828276097129,tvd_corrected,AH 1924.0-2052.7m → TVD 1862.5-1984.9m (correction: 61.5m)
BLT-01,141577.55,456881.76,1866.044522601379,9.596552,44.63896,2.551702,1862.4921546961325,1984.8676041666665,122.4,2.032828276097129,tvd_corrected,AH 1924.0-2052.7m → TVD 1862.5-1984.9m (correction: 61.5m)
BLT-01,141577.55,456881.76,1866.1170199055678,9.548544,43.84235,2.552451,1862.4921546961325,1984.8676041666665,122.4,2.032828276097129,tvd_corrected,AH 1924.0-2052.7m → TVD 1862.5-1984.9m (correction: 61.5m)
BLT-01,141577.55,456881.76,1866.1895172097566,9.480533,42.95127,2.553389,1862.4921546961325,1984.8676041666665,122.4,2.032828276097129,tvd_corrected,AH 1924.0-2052.7m → TVD 1862.5-1984.9m (correction: 61.5m)
BLT-01,141577.55,456881.76,1866.2620145139451,9.466358,42.58097,2.553001,1862.4921546961325,1984.8676041666665,122.4,2.032828276097129,tvd_corrected,AH 1924.0-2052.7m → TVD 1862.5-1984.9m (correction: 61.5m)
BLT-01,141577.55,456881.76,1866.334511818134,9.561452,43.03982,2.551456,1862.4921546961325,1984.8676041666665,122.4,2.032828276097129,tvd_corrected,AH 1924.0-2052.7m → TVD 1862.5-1984.9m (correction: 61.5m)
BLT-01,141577.55,456881.76,1866.4070091223225,9.771316,44.33921,2.549126,1862.4921546961325,1984.8676041666665,122.4,2.032828276097129,tvd_corrected,AH 1924.0-2052.7m → TVD 1862.5-1984.9m (correction: 61.5m)
BLT-01,141577.55,456881.76,1866.4795064265113,9.915368,45.34311,2.547943,1862.4921546961325,1984.8676041666665,122.4,2.032828276097129,tvd_corrected,AH 1924.0-2052.7m → TVD 1862.5-1984.9m (correction: 61.5m)
BLT-01,141577.55,456881.76,1866.5520037306999,9.965529,45.34195,2.548522,1862.4921546961325,1984.8676041666665,122.4,2.032828276097129,tvd_corrected,AH 1924.0-2052.7m → TVD 1862.5-1984.9m (correction: 61.5m)
BLT-01,141577.55,456881.76,1866.6245010348887,10.03784,44.45745,2.54976,1862.4921546961325,1984.8676041666665,122.4,2.032828276097129,tvd_corrected,AH 1924.0-2052.7m → TVD 1862.5-1984.9m (correction: 61.5m)
BLT-01,141577.55,456881.76,1866.6969983390775,10.14522,42.92777,2.551114,1862.4921546961325,1984.8676041666665,122.4,2.032828276097129,tvd_corrected,AH 1924.0-2052.7m → TVD 1862.5-1984.9m (correction: 61.5m)
BLT-01,141577.55,456881.76,1866.769495643266,10.18696,41.49999,2.551958,1862.4921546961325,1984.8676041666665,122.4,2.032828276097129,tvd_corrected,AH 1924.0-2052.7m → TVD 1862.5-1984.9m (correction: 61.5m)
BLT-01,141577.55,456881.76,1866.8419929474549,10.26776,41.07945,2.552371,1862.4921546961325,1984.8676041666665,122.4,2.032828276097129,tvd_corrected,AH 1924.0-2052.7m → TVD 1862.5-1984.9m (correction: 61.5m)
BLT-01,141577.55,456881.76,1866.9144902516434,10.4023,41.14508,2.553041,1862.4921546961325,1984.8676041666665,122.4,2.032828276097129,tvd_corrected,AH 1924.0-2052.7m → TVD 1862.5-1984.9m (correction: 61.5m)
BLT-01,141577.55,456881.76,1866.9869875558322,10.53994,41.45532,2.55396,1862.4921546961325,1984.8676041666665,122.4,2.032828276097129,tvd_corrected,AH 1924.0-2052.7m → TVD 1862.5-1984.9m (correction: 61.5m)
BLT-01,141577.55,456881.76,1867.059484860021,10.56097,41.69583,2.554807,1862.4921546961325,1984.8676041666665,122.4,2.032828276097129,tvd_corrected,AH 1924.0-2052.7m → TVD 1862.5-1984.9m (correction: 61.5m)
BLT-01,141577.55,456881.76,1867.1319821642096,10.58948,41.45377,2.553518,1862.4921546961325,1984.8676041666665,122.4,2.032828276097129,tvd_corrected,AH 1924.0-2052.7m → TVD 1862.5-1984.9m (correction: 61.5m)
BLT-01,141577.55,456881.76,1867.2044794683984,10.7177,41.05235,2.550922,1862.4921546961325,1984.8676041666665,122.4,2.032828276097129,tvd_corrected,AH 1924.0-2052.7m → TVD 1862.5-1984.9m (correction: 61.5m)
BLT-01,141577.55,456881.76,1867.276976772587,10.92731,40.65929,2.547078,1862.4921546961325,1984.8676041666665,122.4,2.032828276097129,tvd_corrected,AH 1924.0-2052.7m → TVD 1862.5-1984.9m (correction: 61.5m)
BLT-01,141577.55,456881.76,1867.3494740767758,11.17998,40.464,2.541987,1862.4921546961325,1984.8676041666665,122.4,2.032828276097129,tvd_corrected,AH 1924.0-2052.7m → TVD 1862.5-1984.9m (correction: 61.5m)
BLT-01,141577.55,456881.76,1867.4219713809644,11.29187,40.54467,2.538635,1862.4921546961325,1984.8676041666665,122.4,2.032828276097129,tvd_corrected,AH 1924.0-2052.7m → TVD 1862.5-1984.9m (correction: 61.5m)
BLT-01,141577.55,456881.76,1867.4944686851532,11.37906,40.75605,2.535207,1862.4921546961325,1984.8676041666665,122.4,2.032828276097129,tvd_corrected,AH 1924.0-2052.7m → TVD 1862.5-1984.9m (correction: 61.5m)
BLT-01,141577.55,456881.76,1867.566965989342,11.46115,41.14647,2.531483,1862.4921546961325,1984.8676041666665,122.4,2.032828276097129,tvd_corrected,AH 1924.0-2052.7m → TVD 1862.5-1984.9m (correction: 61.5m)
BLT-01,141577.55,456881.76,1867.6394632935305,11.55472,41.78561,2.527324,1862.4921546961325,1984.8676041666665,122.4,2.032828276097129,tvd_corrected,AH 1924.0-2052.7m → TVD 1862.5-1984.9m (correction: 61.5m)
BLT-01,141577.55,456881.76,1867.7119605977193,11.66802,43.2149,2.523263,1862.4921546961325,1984.8676041666665,122.4,2.032828276097129,tvd_corrected,AH 1924.0-2052.7m → TVD 1862.5-1984.9m (correction: 61.5m)
BLT-01,141577.55,456881.76,1867.784457901908,11.73738,44.43917,2.520635,1862.4921546961325,1984.8676041666665,122.4,2.032828276097129,tvd_corrected,AH 1924.0-2052.7m → TVD 1862.5-1984.9m (correction: 61.5m)
BLT-01,141577.55,456881.76,1867.8569552060967,11.74172,45.3147,2.519471,1862.4921546961325,1984.8676041666665,122.4,2.032828276097129,tvd_corrected,AH 1924.0-2052.7m → TVD 1862.5-1984.9m (correction: 61.5m)
BLT-01,141577.55,456881.76,1867.9294525102853,11.69009,45.78723,2.51983,1862.4921546961325,1984.8676041666665,122.4,2.032828276097129,tvd_corrected,AH 1924.0-2052.7m → TVD 1862.5-1984.9m (correction: 61.5m)
BLT-01,141577.55,456881.76,1868.001949814474,11.72393,46.02428,2.521992,1862.4921546961325,1984.8676041666665,122.4,2.032828276097129,tvd_corrected,AH 1924.0-2052.7m → TVD 1862.5-1984.9m (correction: 61.5m)
BLT-01,141577.55,456881.76,1868.0744471186629,11.81019,45.8965,2.524777,1862.4921546961325,1984.8676041666665,122.4,2.032828276097129,tvd_corrected,AH 1924.0-2052.7m → TVD 1862.5-1984.9m (correction: 61.5m)
BLT-01,141577.55,456881.76,1868.1469444228514,11.87343,45.41636,2.528041,1862.4921546961325,1984.8676041666665,122.4,2.032828276097129,tvd_corrected,AH 1924.0-2052.7m → TVD 1862.5-1984.9m (correction: 61.5m)
BLT-01,141577.55,456881.76,1868.2194417270402,11.90165,44.73172,2.531136,1862.4921546961325,1984.8676041666665,122.4,2.032828276097129,tvd_corrected,AH 1924.0-2052.7m → TVD 1862.5-1984.9m (correction: 61.5m)
BLT-01,141577.55,456881.76,1868.2919390312288,11.94344,44.37481,2.531836,1862.4921546961325,1984.8676041666665,122.4,2.032828276097129,tvd_corrected,AH 1924.0-2052.7m → TVD 1862.5-1984.9m (correction: 61.5m)
BLT-01,141577.55,456881.76,1868.3644363354176,12.02824,45.10085,2.528146,1862.4921546961325,1984.8676041666665,122.4,2.032828276097129,tvd_corrected,AH 1924.0-2052.7m → TVD 1862.5-1984.9m (correction: 61.5m)
BLT-01,141577.55,456881.76,1868.4369336396064,12.03597,46.09595,2.524459,1862.4921546961325,1984.8676041666665,122.4,2.032828276097129,tvd_corrected,AH 1924.0-2052.7m → TVD 1862.5-1984.9m (correction: 61.5m)
BLT-01,141577.55,456881.76,1868.509430943795,11.97598,47.0314,2.522132,1862.4921546961325,1984.8676041666665,122.4,2.032828276097129,tvd_corrected,AH 1924.0-2052.7m → TVD 1862.5-1984.9m (correction: 61.5m)
BLT-01,141577.55,456881.76,1868.5819282479838,11.91812,47.52284,2.522329,1862.4921546961325,1984.8676041666665,122.4,2.032828276097129,tvd_corrected,AH 1924.0-2052.7m → TVD 1862.5-1984.9m (correction: 61.5m)
BLT-01,141577.55,456881.76,1868.6544255521724,12.15021,47.55919,2.521647,1862.4921546961325,1984.8676041666665,122.4,2.032828276097129,tvd_corrected,AH 1924.0-2052.7m → TVD 1862.5-1984.9m (correction: 61.5m)
BLT-01,141577.55,456881.76,1868.7269228563612,12.3679,47.38914,2.518789,1862.4921546961325,1984.8676041666665,122.4,2.032828276097129,tvd_corrected,AH 1924.0-2052.7m → TVD 1862.5-1984.9m (correction: 61.5m)
BLT-01,141577.55,456881.76,1868.7994201605497,12.49693,46.98953,2.512894,1862.4921546961325,1984.8676041666665,122.4,2.032828276097129,tvd_corrected,AH 1924.0-2052.7m → TVD 1862.5-1984.9m (correction: 61.5m)
BLT-01,141577.55,456881.76,1868.8719174647385,12.47522,46.30595,2.503036,1862.4921546961325,1984.8676041666665,122.4,2.032828276097129,tvd_corrected,AH 1924.0-2052.7m → TVD 1862.5-1984.9m (correction: 61.5m)
BLT-01,141577.55,456881.76,1868.9444147689273,12.56051,45.65128,2.495783,1862.4921546961325,1984.8676041666665,122.4,2.032828276097129,tvd_corrected,AH 1924.0-2052.7m → TVD 1862.5-1984.9m (correction: 61.5m)
BLT-01,141577.55,456881.76,1869.016912073116,12.72569,45.51196,2.493568,1862.4921546961325,1984.8676041666665,122.4,2.032828276097129,tvd_corrected,AH 1924.0-2052.7m → TVD 1862.5-1984.9m (correction: 61.5m)
BLT-01,141577.55,456881.76,1869.0894093773047,12.89176,45.76645,2.494196,1862.4921546961325,1984.8676041666665,122.4,2.032828276097129,tvd_corrected,AH 1924.0-2052.7m → TVD 1862.5-1984.9m (correction: 61.5m)
BLT-01,141577.55,456881.76,1869.1619066814933,12.99098,46.27211,2.495571,1862.4921546961325,1984.8676041666665,122.4,2.032828276097129,tvd_corrected,AH 1924.0-2052.7m → TVD 1862.5-1984.9m (correction: 61.5m)
BLT-01,141577.55,456881.76,1869.234403985682,13.03842,46.65652,2.496289,1862.4921546961325,1984.8676041666665,122.4,2.032828276097129,tvd_corrected,AH 1924.0-2052.7m → TVD 1862.5-1984.9m (correction: 61.5m)
BLT-01,141577.55,456881.76,1869.3069012898707,13.17564,46.91372,2.497338,1862.4921546961325,1984.8676041666665,122.4,2.032828276097129,tvd_corrected,AH 1924.0-2052.7m → TVD 1862.5-1984.9m (correction: 61.5m)
BLT-01,141577.55,456881.76,1869.3793985940595,13.33628,47.07852,2.499114,1862.4921546961325,1984.8676041666665,122.4,2.032828276097129,tvd_corrected,AH 1924.0-2052.7m → TVD 1862.5-1984.9m (correction: 61.5m)
BLT-01,141577.55,456881.76,1869.4518958982483,13.45182,47.19695,2.501922,1862.4921546961325,1984.8676041666665,122.4,2.032828276097129,tvd_corrected,AH 1924.0-2052.7m → TVD 1862.5-1984.9m (correction: 61.5m)
BLT-01,141577.55,456881.76,1869.5243932024368,13.30473,47.44938,2.506384,1862.4921546961325,1984.8676041666665,122.4,2.032828276097129,tvd_corrected,AH 1924.0-2052.7m → TVD 1862.5-1984.9m (correction: 61.5m)
BLT-01,141577.55,456881.76,1869.5968905066256,13.19133,47.71652,2.509815,1862.4921546961325,1984.8676041666665,122.4,2.032828276097129,tvd_corrected,AH 1924.0-2052.7m → TVD 1862.5-1984.9m (correction: 61.5m)
BLT-01,141577.55,456881.76,1869.6693878108142,13.16089,47.8463,2.511038,1862.4921546961325,1984.8676041666665,122.4,2.032828276097129,tvd_corrected,AH 1924.0-2052.7m → TVD 1862.5-1984.9m (correction: 61.5m)
BLT-01,141577.55,456881.76,1869.741885115003,13.21853,47.76609,2.50965,1862.4921546961325,1984.8676041666665,122.4,2.032828276097129,tvd_corrected,AH 1924.0-2052.7m → TVD 1862.5-1984.9m (correction: 61.5m)
BLT-01,141577.55,456881.76,1869.8143824191918,13.32454,47.39283,2.505587,1862.4921546961325,1984.8676041666665,122.4,2.032828276097129,tvd_corrected,AH 1924.0-2052.7m → TVD 1862.5-1984.9m (correction: 61.5m)
BLT-01,141577.55,456881.76,1869.8868797233804,13.54788,46.9278,2.500762,1862.4921546961325,1984.8676041666665,122.4,2.032828276097129,tvd_corrected,AH 1924.0-2052.7m → TVD 1862.5-1984.9m (correction: 61.5m)
BLT-01,141577.55,456881.76,1869.9593770275692,13.93627,46.45053,2.494016,1862.4921546961325,1984.8676041666665,122.4,2.032828276097129,tvd_corrected,AH 1924.0-2052.7m → TVD 1862.5-1984.9m (correction: 61.5m)
BLT-01,141577.55,456881.76,1870.0318743317578,14.42319,46.10734,2.486289,1862.4921546961325,1984.8676041666665,122.4,2.032828276097129,tvd_corrected,AH 1924.0-2052.7m → TVD 1862.5-1984.9m (correction: 61.5m)
BLT-01,141577.55,456881.76,1870.1043716359466,14.84742,46.18096,2.480052,1862.4921546961325,1984.8676041666665,122.4,2.032828276097129,tvd_corrected,AH 1924.0-2052.7m → TVD 1862.5-1984.9m (correction: 61.5m)
BLT-01,141577.55,456881.76,1870.1768689401351,15.09578,47.39333,2.476059,1862.4921546961325,1984.8676041666665,122.4,2.032828276097129,tvd_corrected,AH 1924.0-2052.7m → TVD 1862.5-1984.9m (correction: 61.5m)
BLT-01,141577.55,456881.76,1870.249366244324,15.18771,48.86097,2.471993,1862.4921546961325,1984.8676041666665,122.4,2.032828276097129,tvd_corrected,AH 1924.0-2052.7m → TVD 1862.5-1984.9m (correction: 61.5m)
BLT-01,141577.55,456881.76,1870.3218635485127,15.18304,50.17687,2.466799,1862.4921546961325,1984.8676041666665,122.4,2.032828276097129,tvd_corrected,AH 1924.0-2052.7m → TVD 1862.5-1984.9m (correction: 61.5m)
BLT-01,141577.55,456881.76,1870.3943608527013,15.1608,50.90643,2.45937,1862.4921546961325,1984.8676041666665,122.4,2.032828276097129,tvd_corrected,AH 1924.0-2052.7m → TVD 1862.5-1984.9m (correction: 61.5m)
BLT-01,141577.55,456881.76,1870.46685815689,15.388660000000002,50.79649,2.450989,1862.4921546961325,1984.8676041666665,122.4,2.032828276097129,tvd_corrected,AH 1924.0-2052.7m → TVD 1862.5-1984.9m (correction: 61.5m)
BLT-01,141577.55,456881.76,1870.5393554610787,15.75477,50.42748,2.445022,1862.4921546961325,1984.8676041666665,122.4,2.032828276097129,tvd_corrected,AH 1924.0-2052.7m → TVD 1862.5-1984.9m (correction: 61.5m)
BLT-01,141577.55,456881.76,1870.6118527652675,16.139609999999998,50.12342,2.441005,1862.4921546961325,1984.8676041666665,122.4,2.032828276097129,tvd_corrected,AH 1924.0-2052.7m → TVD 1862.5-1984.9m (correction: 61.5m)
BLT-01,141577.55,456881.76,1870.684350069456,16.41649,50.17305,2.438636,1862.4921546961325,1984.8676041666665,122.4,2.032828276097129,tvd_corrected,AH 1924.0-2052.7m → TVD 1862.5-1984.9m (correction: 61.5m)
BLT-01,141577.55,456881.76,1870.7568473736449,16.18397,50.85487,2.440727,1862.4921546961325,1984.8676041666665,122.4,2.032828276097129,tvd_corrected,AH 1924.0-2052.7m → TVD 1862.5-1984.9m (correction: 61.5m)
BLT-01,141577.55,456881.76,1870.8293446778337,15.48866,51.83044,2.450354,1862.4921546961325,1984.8676041666665,122.4,2.032828276097129,tvd_corrected,AH 1924.0-2052.7m → TVD 1862.5-1984.9m (correction: 61.5m)
BLT-01,141577.55,456881.76,1870.9018419820222,14.70496,52.69294,2.462759,1862.4921546961325,1984.8676041666665,122.4,2.032828276097129,tvd_corrected,AH 1924.0-2052.7m → TVD 1862.5-1984.9m (correction: 61.5m)
BLT-01,141577.55,456881.76,1870.974339286211,14.045179999999998,53.25412,2.475163,1862.4921546961325,1984.8676041666665,122.4,2.032828276097129,tvd_corrected,AH 1924.0-2052.7m → TVD 1862.5-1984.9m (correction: 61.5m)
BLT-01,141577.55,456881.76,1871.0468365903996,13.59755,53.69174,2.485935,1862.4921546961325,1984.8676041666665,122.4,2.032828276097129,tvd_corrected,AH 1924.0-2052.7m → TVD 1862.5-1984.9m (correction: 61.5m)
BLT-01,141577.55,456881.76,1871.1193338945884,13.40033,53.93921,2.493249,1862.4921546961325,1984.8676041666665,122.4,2.032828276097129,tvd_corrected,AH 1924.0-2052.7m → TVD 1862.5-1984.9m (correction: 61.5m)
BLT-01,141577.55,456881.76,1871.1918311987772,13.39209,54.08923,2.497421,1862.4921546961325,1984.8676041666665,122.4,2.032828276097129,tvd_corrected,AH 1924.0-2052.7m → TVD 1862.5-1984.9m (correction: 61.5m)
BLT-01,141577.55,456881.76,1871.2643285029658,13.55569,54.23185,2.498194,1862.4921546961325,1984.8676041666665,122.4,2.032828276097129,tvd_corrected,AH 1924.0-2052.7m → TVD 1862.5-1984.9m (correction: 61.5m)
BLT-01,141577.55,456881.76,1871.3368258071546,13.89939,54.58093,2.494307,1862.4921546961325,1984.8676041666665,122.4,2.032828276097129,tvd_corrected,AH 1924.0-2052.7m → TVD 1862.5-1984.9m (correction: 61.5m)
BLT-01,141577.55,456881.76,1871.4093231113432,14.28076,55.19405,2.485459,1862.4921546961325,1984.8676041666665,122.4,2.032828276097129,tvd_corrected,AH 1924.0-2052.7m → TVD 1862.5-1984.9m (correction: 61.5m)
BLT-01,141577.55,456881.76,1871.481820415532,14.94052,55.17039,2.467442,1862.4921546961325,1984.8676041666665,122.4,2.032828276097129,tvd_corrected,AH 1924.0-2052.7m → TVD 1862.5-1984.9m (correction: 61.5m)
BLT-01,141577.55,456881.76,1871.5543177197205,15.83281,54.30214,2.442293,1862.4921546961325,1984.8676041666665,122.4,2.032828276097129,tvd_corrected,AH 1924.0-2052.7m → TVD 1862.5-1984.9m (correction: 61.5m)
BLT-01,141577.55,456881.76,1871.6268150239093,16.77121,52.4896,2.415867,1862.4921546961325,1984.8676041666665,122.4,2.032828276097129,tvd_corrected,AH 1924.0-2052.7m → TVD 1862.5-1984.9m (correction: 61.5m)
BLT-01,141577.55,456881.76,1871.6993123280981,17.366880000000002,50.70413,2.397303,1862.4921546961325,1984.8676041666665,122.4,2.032828276097129,tvd_corrected,AH 1924.0-2052.7m → TVD 1862.5-1984.9m (correction: 61.5m)
BLT-01,141577.55,456881.76,1871.7718096322867,18.09434,49.34212,2.379594,1862.4921546961325,1984.8676041666665,122.4,2.032828276097129,tvd_corrected,AH 1924.0-2052.7m → TVD 1862.5-1984.9m (correction: 61.5m)
BLT-01,141577.55,456881.76,1871.8443069364755,18.85411,48.56746,2.364069,1862.4921546961325,1984.8676041666665,122.4,2.032828276097129,tvd_corrected,AH 1924.0-2052.7m → TVD 1862.5-1984.9m (correction: 61.5m)
BLT-01,141577.55,456881.76,1871.916804240664,19.46854,48.53413,2.353097,1862.4921546961325,1984.8676041666665,122.4,2.032828276097129,tvd_corrected,AH 1924.0-2052.7m → TVD 1862.5-1984.9m (correction: 61.5m)
BLT-01,141577.55,456881.76,1871.9893015448529,19.736790000000003,49.01558,2.347836,1862.4921546961325,1984.8676041666665,122.4,2.032828276097129,tvd_corrected,AH 1924.0-2052.7m → TVD 1862.5-1984.9m (correction: 61.5m)
BLT-01,141577.55,456881.76,1872.0617988490415,20.08812,49.73943,2.341743,1862.4921546961325,1984.8676041666665,122.4,2.032828276097129,tvd_corrected,AH 1924.0-2052.7m → TVD 1862.5-1984.9m (correction: 61.5m)
BLT-01,141577.55,456881.76,1872.1342961532303,20.42888,50.46375,2.336351,1862.4921546961325,1984.8676041666665,122.4,2.032828276097129,tvd_corrected,AH 1924.0-2052.7m → TVD 1862.5-1984.9m (correction: 61.5m)
BLT-01,141577.55,456881.76,1872.206793457419,20.67904,50.97717,2.333116,1862.4921546961325,1984.8676041666665,122.4,2.032828276097129,tvd_corrected,AH 1924.0-2052.7m → TVD 1862.5-1984.9m (correction: 61.5m)
BLT-01,141577.55,456881.76,1872.2792907616076,20.846780000000003,51.13967,2.334329,1862.4921546961325,1984.8676041666665,122.4,2.032828276097129,tvd_corrected,AH 1924.0-2052.7m → TVD 1862.5-1984.9m (correction: 61.5m)
BLT-01,141577.55,456881.76,1872.3517880657964,21.05733,50.77399,2.337666,1862.4921546961325,1984.8676041666665,122.4,2.032828276097129,tvd_corrected,AH 1924.0-2052.7m → TVD 1862.5-1984.9m (correction: 61.5m)
BLT-01,141577.55,456881.76,1872.424285369985,21.12356,50.19144,2.341455,1862.4921546961325,1984.8676041666665,122.4,2.032828276097129,tvd_corrected,AH 1924.0-2052.7m → TVD 1862.5-1984.9m (correction: 61.5m)
BLT-01,141577.55,456881.76,1872.4967826741738,20.96469,49.63193,2.344605,1862.4921546961325,1984.8676041666665,122.4,2.032828276097129,tvd_corrected,AH 1924.0-2052.7m → TVD 1862.5-1984.9m (correction: 61.5m)
BLT-01,141577.55,456881.76,1872.5692799783626,20.68369,49.58684,2.345719,1862.4921546961325,1984.8676041666665,122.4,2.032828276097129,tvd_corrected,AH 1924.0-2052.7m → TVD 1862.5-1984.9m (correction: 61.5m)
BLT-01,141577.55,456881.76,1872.6417772825512,20.32898,50.43628,2.34797,1862.4921546961325,1984.8676041666665,122.4,2.032828276097129,tvd_corrected,AH 1924.0-2052.7m → TVD 1862.5-1984.9m (correction: 61.5m)
BLT-01,141577.55,456881.76,1872.71427458674,20.02371,51.43184,2.351089,1862.4921546961325,1984.8676041666665,122.4,2.032828276097129,tvd_corrected,AH 1924.0-2052.7m → TVD 1862.5-1984.9m (correction: 61.5m)
BLT-01,141577.55,456881.76,1872.7867718909285,19.7909,52.18245,2.354877,1862.4921546961325,1984.8676041666665,122.4,2.032828276097129,tvd_corrected,AH 1924.0-2052.7m → TVD 1862.5-1984.9m (correction: 61.5m)
BLT-01,141577.55,456881.76,1872.8592691951173,19.57748,52.1429,2.358948,1862.4921546961325,1984.8676041666665,122.4,2.032828276097129,tvd_corrected,AH 1924.0-2052.7m → TVD 1862.5-1984.9m (correction: 61.5m)
BLT-01,141577.55,456881.76,1872.931766499306,19.18582,51.73436,2.363257,1862.4921546961325,1984.8676041666665,122.4,2.032828276097129,tvd_corrected,AH 1924.0-2052.7m → TVD 1862.5-1984.9m (correction: 61.5m)
BLT-01,141577.55,456881.76,1873.0042638034947,18.91813,51.26907,2.365921,1862.4921546961325,1984.8676041666665,122.4,2.032828276097129,tvd_corrected,AH 1924.0-2052.7m → TVD 1862.5-1984.9m (correction: 61.5m)
BLT-01,141577.55,456881.76,1873.0767611076835,18.773580000000003,50.82154,2.366535,1862.4921546961325,1984.8676041666665,122.4,2.032828276097129,tvd_corrected,AH 1924.0-2052.7m → TVD 1862.5-1984.9m (correction: 61.5m)
BLT-01,141577.55,456881.76,1873.149258411872,18.64244,50.4334,2.364929,1862.4921546961325,1984.8676041666665,122.4,2.032828276097129,tvd_corrected,AH 1924.0-2052.7m → TVD 1862.5-1984.9m (correction: 61.5m)
BLT-01,141577.55,456881.76,1873.221755716061,18.47631,49.69294,2.361582,1862.4921546961325,1984.8676041666665,122.4,2.032828276097129,tvd_corrected,AH 1924.0-2052.7m → TVD 1862.5-1984.9m (correction: 61.5m)
BLT-01,141577.55,456881.76,1873.2942530202495,18.43858,49.06785,2.358591,1862.4921546961325,1984.8676041666665,122.4,2.032828276097129,tvd_corrected,AH 1924.0-2052.7m → TVD 1862.5-1984.9m (correction: 61.5m)
BLT-01,141577.55,456881.76,1873.3667503244383,18.53229,48.68502,2.356445,1862.4921546961325,1984.8676041666665,122.4,2.032828276097129,tvd_corrected,AH 1924.0-2052.7m → TVD 1862.5-1984.9m (correction: 61.5m)
BLT-01,141577.55,456881.76,1873.4392476286268,18.74163,48.6525,2.355537,1862.4921546961325,1984.8676041666665,122.4,2.032828276097129,tvd_corrected,AH 1924.0-2052.7m → TVD 1862.5-1984.9m (correction: 61.5m)
BLT-01,141577.55,456881.76,1873.5117449328156,18.92069,48.73632,2.355472,1862.4921546961325,1984.8676041666665,122.4,2.032828276097129,tvd_corrected,AH 1924.0-2052.7m → TVD 1862.5-1984.9m (correction: 61.5m)
BLT-01,141577.55,456881.76,1873.5842422370044,19.12958,48.93339,2.355829,1862.4921546961325,1984.8676041666665,122.4,2.032828276097129,tvd_corrected,AH 1924.0-2052.7m → TVD 1862.5-1984.9m (correction: 61.5m)
BLT-01,141577.55,456881.76,1873.656739541193,19.37701,49.18948,2.356317,1862.4921546961325,1984.8676041666665,122.4,2.032828276097129,tvd_corrected,AH 1924.0-2052.7m → TVD 1862.5-1984.9m (correction: 61.5m)
BLT-01,141577.55,456881.76,1873.7292368453818,19.64332,49.48426,2.356565,1862.4921546961325,1984.8676041666665,122.4,2.032828276097129,tvd_corrected,AH 1924.0-2052.7m → TVD 1862.5-1984.9m (correction: 61.5m)
BLT-01,141577.55,456881.76,1873.8017341495704,19.55196,50.1988,2.354701,1862.4921546961325,1984.8676041666665,122.4,2.032828276097129,tvd_corrected,AH 1924.0-2052.7m → TVD 1862.5-1984.9m (correction: 61.5m)
BLT-01,141577.55,456881.76,1873.8742314537592,19.23993,50.86092,2.352575,1862.4921546961325,1984.8676041666665,122.4,2.032828276097129,tvd_corrected,AH 1924.0-2052.7m → TVD 1862.5-1984.9m (correction: 61.5m)
BLT-01,141577.55,456881.76,1873.946728757948,18.95683,51.45686,2.351126,1862.4921546961325,1984.8676041666665,122.4,2.032828276097129,tvd_corrected,AH 1924.0-2052.7m → TVD 1862.5-1984.9m (correction: 61.5m)
BLT-01,141577.55,456881.76,1874.0192260621366,18.86204,51.98003,2.351216,1862.4921546961325,1984.8676041666665,122.4,2.032828276097129,tvd_corrected,AH 1924.0-2052.7m → TVD 1862.5-1984.9m (correction: 61.5m)
BLT-01,141577.55,456881.76,1874.0917233663254,19.1538,52.43285,2.355183,1862.4921546961325,1984.8676041666665,122.4,2.032828276097129,tvd_corrected,AH 1924.0-2052.7m → TVD 1862.5-1984.9m (correction: 61.5m)
BLT-01,141577.55,456881.76,1874.164220670514,19.40615,52.42333,2.359469,1862.4921546961325,1984.8676041666665,122.4,2.032828276097129,tvd_corrected,AH 1924.0-2052.7m → TVD 1862.5-1984.9m (correction: 61.5m)
BLT-01,141577.55,456881.76,1874.2367179747027,19.58208,52.12228,2.362407,1862.4921546961325,1984.8676041666665,122.4,2.032828276097129,tvd_corrected,AH 1924.0-2052.7m → TVD 1862.5-1984.9m (correction: 61.5m)
BLT-01,141577.55,456881.76,1874.3092152788913,19.68596,51.58825,2.363382,1862.4921546961325,1984.8676041666665,122.4,2.032828276097129,tvd_corrected,AH 1924.0-2052.7m → TVD 1862.5-1984.9m (correction: 61.5m)
BLT-01,141577.55,456881.76,1874.3817125830801,19.77065,50.8432,2.362034,1862.4921546961325,1984.8676041666665,122.4,2.032828276097129,tvd_corrected,AH 1924.0-2052.7m → TVD 1862.5-1984.9m (correction: 61.5m)
BLT-01,141577.55,456881.76,1874.454209887269,19.70919,50.13102,2.359986,1862.4921546961325,1984.8676041666665,122.4,2.032828276097129,tvd_corrected,AH 1924.0-2052.7m → TVD 1862.5-1984.9m (correction: 61.5m)
BLT-01,141577.55,456881.76,1874.5267071914575,19.59636,49.63742,2.358212,1862.4921546961325,1984.8676041666665,122.4,2.032828276097129,tvd_corrected,AH 1924.0-2052.7m → TVD 1862.5-1984.9m (correction: 61.5m)
BLT-01,141577.55,456881.76,1874.5992044956463,19.42194,49.37883,2.357074,1862.4921546961325,1984.8676041666665,122.4,2.032828276097129,tvd_corrected,AH 1924.0-2052.7m → TVD 1862.5-1984.9m (correction: 61.5m)
BLT-01,141577.55,456881.76,1874.6717017998349,19.13302,49.32501,2.356971,1862.4921546961325,1984.8676041666665,122.4,2.032828276097129,tvd_corrected,AH 1924.0-2052.7m → TVD 1862.5-1984.9m (correction: 61.5m)
BLT-01,141577.55,456881.76,1874.7441991040237,18.92744,49.61496,2.358069,1862.4921546961325,1984.8676041666665,122.4,2.032828276097129,tvd_corrected,AH 1924.0-2052.7m → TVD 1862.5-1984.9m (correction: 61.5m)
BLT-01,141577.55,456881.76,1874.8166964082125,18.88845,49.92485,2.359643,1862.4921546961325,1984.8676041666665,122.4,2.032828276097129,tvd_corrected,AH 1924.0-2052.7m → TVD 1862.5-1984.9m (correction: 61.5m)
BLT-01,141577.55,456881.76,1874.889193712401,18.92361,50.04322,2.361151,1862.4921546961325,1984.8676041666665,122.4,2.032828276097129,tvd_corrected,AH 1924.0-2052.7m → TVD 1862.5-1984.9m (correction: 61.5m)
BLT-01,141577.55,456881.76,1874.9616910165898,18.90872,49.74364,2.361989,1862.4921546961325,1984.8676041666665,122.4,2.032828276097129,tvd_corrected,AH 1924.0-2052.7m → TVD 1862.5-1984.9m (correction: 61.5m)
BLT-01,141577.55,456881.76,1875.0341883207784,19.0133,49.04987,2.361593,1862.4921546961325,1984.8676041666665,122.4,2.032828276097129,tvd_corrected,AH 1924.0-2052.7m → TVD 1862.5-1984.9m (correction: 61.5m)
BLT-01,141577.55,456881.76,1875.1066856249672,19.10932,48.48425,2.360604,1862.4921546961325,1984.8676041666665,122.4,2.032828276097129,tvd_corrected,AH 1924.0-2052.7m → TVD 1862.5-1984.9m (correction: 61.5m)
BLT-01,141577.55,456881.76,1875.1791829291558,19.22388,48.36555,2.357749,1862.4921546961325,1984.8676041666665,122.4,2.032828276097129,tvd_corrected,AH 1924.0-2052.7m → TVD 1862.5-1984.9m (correction: 61.5m)
BLT-01,141577.55,456881.76,1875.2516802333446,19.38706,48.92101,2.352113,1862.4921546961325,1984.8676041666665,122.4,2.032828276097129,tvd_corrected,AH 1924.0-2052.7m → TVD 1862.5-1984.9m (correction: 61.5m)
BLT-01,141577.55,456881.76,1875.3241775375334,19.71799,49.87302,2.344655,1862.4921546961325,1984.8676041666665,122.4,2.032828276097129,tvd_corrected,AH 1924.0-2052.7m → TVD 1862.5-1984.9m (correction: 61.5m)
BLT-01,141577.55,456881.76,1875.396674841722,19.9149,50.37382,2.337859,1862.4921546961325,1984.8676041666665,122.4,2.032828276097129,tvd_corrected,AH 1924.0-2052.7m → TVD 1862.5-1984.9m (correction: 61.5m)
BLT-01,141577.55,456881.76,1875.4691721459108,20.01202,50.42557,2.332214,1862.4921546961325,1984.8676041666665,122.4,2.032828276097129,tvd_corrected,AH 1924.0-2052.7m → TVD 1862.5-1984.9m (correction: 61.5m)
BLT-01,141577.55,456881.76,1875.5416694500993,20.06214,50.1201,2.328202,1862.4921546961325,1984.8676041666665,122.4,2.032828276097129,tvd_corrected,AH 1924.0-2052.7m → TVD 1862.5-1984.9m (correction: 61.5m)
BLT-01,141577.55,456881.76,1875.6141667542881,20.27792,49.99778,2.327254,1862.4921546961325,1984.8676041666665,122.4,2.032828276097129,tvd_corrected,AH 1924.0-2052.7m → TVD 1862.5-1984.9m (correction: 61.5m)
BLT-01,141577.55,456881.76,1875.6866640584767,20.37823,50.28894,2.328173,1862.4921546961325,1984.8676041666665,122.4,2.032828276097129,tvd_corrected,AH 1924.0-2052.7m → TVD 1862.5-1984.9m (correction: 61.5m)
BLT-01,141577.55,456881.76,1875.7591613626655,20.20051,50.65357,2.330685,1862.4921546961325,1984.8676041666665,122.4,2.032828276097129,tvd_corrected,AH 1924.0-2052.7m → TVD 1862.5-1984.9m (correction: 61.5m)
BLT-01,141577.55,456881.76,1875.8316586668543,19.78911,50.9071,2.33516,1862.4921546961325,1984.8676041666665,122.4,2.032828276097129,tvd_corrected,AH 1924.0-2052.7m → TVD 1862.5-1984.9m (correction: 61.5m)
BLT-01,141577.55,456881.76,1875.9041559710429,19.45019,50.77465,2.34309,1862.4921546961325,1984.8676041666665,122.4,2.032828276097129,tvd_corrected,AH 1924.0-2052.7m → TVD 1862.5-1984.9m (correction: 61.5m)
BLT-01,141577.55,456881.76,1875.9766532752317,19.15762,50.65322,2.354881,1862.4921546961325,1984.8676041666665,122.4,2.032828276097129,tvd_corrected,AH 1924.0-2052.7m → TVD 1862.5-1984.9m (correction: 61.5m)
BLT-01,141577.55,456881.76,1876.0491505794203,18.73074,50.77512,2.37252,1862.4921546961325,1984.8676041666665,122.4,2.032828276097129,tvd_corrected,AH 1924.0-2052.7m → TVD 1862.5-1984.9m (correction: 61.5m)
BLT-01,141577.55,456881.76,1876.121647883609,18.24994,51.08371,2.392058,1862.4921546961325,1984.8676041666665,122.4,2.032828276097129,tvd_corrected,AH 1924.0-2052.7m → TVD 1862.5-1984.9m (correction: 61.5m)
BLT-01,141577.55,456881.76,1876.1941451877979,17.93258,51.39159,2.405045,1862.4921546961325,1984.8676041666665,122.4,2.032828276097129,tvd_corrected,AH 1924.0-2052.7m → TVD 1862.5-1984.9m (correction: 61.5m)
BLT-01,141577.55,456881.76,1876.2666424919864,17.89677,51.45133,2.402521,1862.4921546961325,1984.8676041666665,122.4,2.032828276097129,tvd_corrected,AH 1924.0-2052.7m → TVD 1862.5-1984.9m (correction: 61.5m)
BLT-01,141577.55,456881.76,1876.3391397961752,17.99112,51.55682,2.391112,1862.4921546961325,1984.8676041666665,122.4,2.032828276097129,tvd_corrected,AH 1924.0-2052.7m → TVD 1862.5-1984.9m (correction: 61.5m)
BLT-01,141577.55,456881.76,1876.4116371003638,18.19238,51.7819,2.376543,1862.4921546961325,1984.8676041666665,122.4,2.032828276097129,tvd_corrected,AH 1924.0-2052.7m → TVD 1862.5-1984.9m (correction: 61.5m)
BLT-01,141577.55,456881.76,1876.4841344045526,18.48135,52.18753,2.365335,1862.4921546961325,1984.8676041666665,122.4,2.032828276097129,tvd_corrected,AH 1924.0-2052.7m → TVD 1862.5-1984.9m (correction: 61.5m)
BLT-01,141577.55,456881.76,1876.5566317087412,18.74212,52.6517,2.366609,1862.4921546961325,1984.8676041666665,122.4,2.032828276097129,tvd_corrected,AH 1924.0-2052.7m → TVD 1862.5-1984.9m (correction: 61.5m)
BLT-01,141577.55,456881.76,1876.62912901293,18.583,53.42168,2.373525,1862.4921546961325,1984.8676041666665,122.4,2.032828276097129,tvd_corrected,AH 1924.0-2052.7m → TVD 1862.5-1984.9m (correction: 61.5m)
BLT-01,141577.55,456881.76,1876.7016263171188,18.14256,54.21011,2.382892,1862.4921546961325,1984.8676041666665,122.4,2.032828276097129,tvd_corrected,AH 1924.0-2052.7m → TVD 1862.5-1984.9m (correction: 61.5m)
BLT-01,141577.55,456881.76,1876.7741236213074,17.55805,54.74492,2.391957,1862.4921546961325,1984.8676041666665,122.4,2.032828276097129,tvd_corrected,AH 1924.0-2052.7m → TVD 1862.5-1984.9m (correction: 61.5m)
BLT-01,141577.55,456881.76,1876.8466209254962,17.09694,54.45554,2.398729,1862.4921546961325,1984.8676041666665,122.4,2.032828276097129,tvd_corrected,AH 1924.0-2052.7m → TVD 1862.5-1984.9m (correction: 61.5m)
BLT-01,141577.55,456881.76,1876.9191182296847,16.822989999999997,53.42715,2.411029,1862.4921546961325,1984.8676041666665,122.4,2.032828276097129,tvd_corrected,AH 1924.0-2052.7m → TVD 1862.5-1984.9m (correction: 61.5m)
BLT-01,141577.55,456881.76,1876.9916155338735,16.65787,52.26593,2.423129,1862.4921546961325,1984.8676041666665,122.4,2.032828276097129,tvd_corrected,AH 1924.0-2052.7m → TVD 1862.5-1984.9m (correction: 61.5m)
BLT-01,141577.55,456881.76,1877.064112838062,16.56324,51.33078,2.431166,1862.4921546961325,1984.8676041666665,122.4,2.032828276097129,tvd_corrected,AH 1924.0-2052.7m → TVD 1862.5-1984.9m (correction: 61.5m)
BLT-01,141577.55,456881.76,1877.136610142251,16.53849,50.98579,2.428977,1862.4921546961325,1984.8676041666665,122.4,2.032828276097129,tvd_corrected,AH 1924.0-2052.7m → TVD 1862.5-1984.9m (correction: 61.5m)
BLT-01,141577.55,456881.76,1877.2091074464397,16.88444,50.59739,2.414713,1862.4921546961325,1984.8676041666665,122.4,2.032828276097129,tvd_corrected,AH 1924.0-2052.7m → TVD 1862.5-1984.9m (correction: 61.5m)
BLT-01,141577.55,456881.76,1877.2816047506283,17.33961,50.06124,2.397954,1862.4921546961325,1984.8676041666665,122.4,2.032828276097129,tvd_corrected,AH 1924.0-2052.7m → TVD 1862.5-1984.9m (correction: 61.5m)
BLT-01,141577.55,456881.76,1877.354102054817,17.79549,49.43097,2.383125,1862.4921546961325,1984.8676041666665,122.4,2.032828276097129,tvd_corrected,AH 1924.0-2052.7m → TVD 1862.5-1984.9m (correction: 61.5m)
BLT-01,141577.55,456881.76,1877.4265993590056,18.147640000000003,48.9775,2.375508,1862.4921546961325,1984.8676041666665,122.4,2.032828276097129,tvd_corrected,AH 1924.0-2052.7m → TVD 1862.5-1984.9m (correction: 61.5m)
BLT-01,141577.55,456881.76,1877.4990966631945,18.59187,49.36136,2.370759,1862.4921546961325,1984.8676041666665,122.4,2.032828276097129,tvd_corrected,AH 1924.0-2052.7m → TVD 1862.5-1984.9m (correction: 61.5m)
BLT-01,141577.55,456881.76,1877.5715939673833,18.74671,50.04913,2.369207,1862.4921546961325,1984.8676041666665,122.4,2.032828276097129,tvd_corrected,AH 1924.0-2052.7m → TVD 1862.5-1984.9m (correction: 61.5m)
BLT-01,141577.55,456881.76,1877.6440912715718,18.61686,50.817,2.370809,1862.4921546961325,1984.8676041666665,122.4,2.032828276097129,tvd_corrected,AH 1924.0-2052.7m → TVD 1862.5-1984.9m (correction: 61.5m)
BLT-01,141577.55,456881.76,1877.7165885757606,18.32964,51.39676,2.375373,1862.4921546961325,1984.8676041666665,122.4,2.032828276097129,tvd_corrected,AH 1924.0-2052.7m → TVD 1862.5-1984.9m (correction: 61.5m)
BLT-01,141577.55,456881.76,1877.7890858799492,17.732870000000002,51.49648,2.384912,1862.4921546961325,1984.8676041666665,122.4,2.032828276097129,tvd_corrected,AH 1924.0-2052.7m → TVD 1862.5-1984.9m (correction: 61.5m)
BLT-01,141577.55,456881.76,1877.861583184138,17.02128,51.22768,2.392832,1862.4921546961325,1984.8676041666665,122.4,2.032828276097129,tvd_corrected,AH 1924.0-2052.7m → TVD 1862.5-1984.9m (correction: 61.5m)
BLT-01,141577.55,456881.76,1877.9340804883266,16.419449999999998,50.68693,2.398127,1862.4921546961325,1984.8676041666665,122.4,2.032828276097129,tvd_corrected,AH 1924.0-2052.7m → TVD 1862.5-1984.9m (correction: 61.5m)
BLT-01,141577.55,456881.76,1878.0065777925154,16.179,49.98938,2.400197,1862.4921546961325,1984.8676041666665,122.4,2.032828276097129,tvd_corrected,AH 1924.0-2052.7m → TVD 1862.5-1984.9m (correction: 61.5m)
BLT-01,141577.55,456881.76,1878.0790750967042,16.744419999999998,49.14465,2.400116,1862.4921546961325,1984.8676041666665,122.4,2.032828276097129,tvd_corrected,AH 1924.0-2052.7m → TVD 1862.5-1984.9m (correction: 61.5m)
BLT-01,141577.55,456881.76,1878.1515724008927,17.43502,48.6821,2.397652,1862.4921546961325,1984.8676041666665,122.4,2.032828276097129,tvd_corrected,AH 1924.0-2052.7m → TVD 1862.5-1984.9m (correction: 61.5m)
BLT-01,141577.55,456881.76,1878.2240697050815,18.04077,48.56189,2.392518,1862.4921546961325,1984.8676041666665,122.4,2.032828276097129,tvd_corrected,AH 1924.0-2052.7m → TVD 1862.5-1984.9m (correction: 61.5m)
BLT-01,141577.55,456881.76,1878.2965670092701,18.41443,48.7016,2.384108,1862.4921546961325,1984.8676041666665,122.4,2.032828276097129,tvd_corrected,AH 1924.0-2052.7m → TVD 1862.5-1984.9m (correction: 61.5m)
BLT-01,141577.55,456881.76,1878.369064313459,18.74347,48.54488,2.366816,1862.4921546961325,1984.8676041666665,122.4,2.032828276097129,tvd_corrected,AH 1924.0-2052.7m → TVD 1862.5-1984.9m (correction: 61.5m)
BLT-01,141577.55,456881.76,1878.4415616176475,19.17711,48.30745,2.35174,1862.4921546961325,1984.8676041666665,122.4,2.032828276097129,tvd_corrected,AH 1924.0-2052.7m → TVD 1862.5-1984.9m (correction: 61.5m)
BLT-01,141577.55,456881.76,1878.5140589218363,19.57249,48.28372,2.341019,1862.4921546961325,1984.8676041666665,122.4,2.032828276097129,tvd_corrected,AH 1924.0-2052.7m → TVD 1862.5-1984.9m (correction: 61.5m)
BLT-01,141577.55,456881.76,1878.586556226025,19.82021,48.68525,2.335165,1862.4921546961325,1984.8676041666665,122.4,2.032828276097129,tvd_corrected,AH 1924.0-2052.7m → TVD 1862.5-1984.9m (correction: 61.5m)
BLT-01,141577.55,456881.76,1878.6590535302137,19.68866,49.90996,2.331292,1862.4921546961325,1984.8676041666665,122.4,2.032828276097129,tvd_corrected,AH 1924.0-2052.7m → TVD 1862.5-1984.9m (correction: 61.5m)
BLT-01,141577.55,456881.76,1878.7315508344025,19.56619,51.05778,2.329575,1862.4921546961325,1984.8676041666665,122.4,2.032828276097129,tvd_corrected,AH 1924.0-2052.7m → TVD 1862.5-1984.9m (correction: 61.5m)
BLT-01,141577.55,456881.76,1878.804048138591,19.51657,51.70027,2.329421,1862.4921546961325,1984.8676041666665,122.4,2.032828276097129,tvd_corrected,AH 1924.0-2052.7m → TVD 1862.5-1984.9m (correction: 61.5m)
BLT-01,141577.55,456881.76,1878.8765454427798,19.52975,51.69921,2.330894,1862.4921546961325,1984.8676041666665,122.4,2.032828276097129,tvd_corrected,AH 1924.0-2052.7m → TVD 1862.5-1984.9m (correction: 61.5m)
BLT-01,141577.55,456881.76,1878.9490427469686,19.51676,51.00265,2.334727,1862.4921546961325,1984.8676041666665,122.4,2.032828276097129,tvd_corrected,AH 1924.0-2052.7m → TVD 1862.5-1984.9m (correction: 61.5m)
BLT-01,141577.55,456881.76,1879.0215400511572,19.4271,50.00235,2.339278,1862.4921546961325,1984.8676041666665,122.4,2.032828276097129,tvd_corrected,AH 1924.0-2052.7m → TVD 1862.5-1984.9m (correction: 61.5m)
BLT-01,141577.55,456881.76,1879.094037355346,19.30822,49.11269,2.342793,1862.4921546961325,1984.8676041666665,122.4,2.032828276097129,tvd_corrected,AH 1924.0-2052.7m → TVD 1862.5-1984.9m (correction: 61.5m)
BLT-01,141577.55,456881.76,1879.1665346595346,19.2244,48.4493,2.34398,1862.4921546961325,1984.8676041666665,122.4,2.032828276097129,tvd_corrected,AH 1924.0-2052.7m → TVD 1862.5-1984.9m (correction: 61.5m)
BLT-01,141577.55,456881.76,1879.2390319637234,19.28343,48.10895,2.340911,1862.4921546961325,1984.8676041666665,122.4,2.032828276097129,tvd_corrected,AH 1924.0-2052.7m → TVD 1862.5-1984.9m (correction: 61.5m)
BLT-01,141577.55,456881.76,1879.311529267912,19.60397,48.24375,2.333117,1862.4921546961325,1984.8676041666665,122.4,2.032828276097129,tvd_corrected,AH 1924.0-2052.7m → TVD 1862.5-1984.9m (correction: 61.5m)
BLT-01,141577.55,456881.76,1879.3840265721008,19.92815,48.52991,2.324716,1862.4921546961325,1984.8676041666665,122.4,2.032828276097129,tvd_corrected,AH 1924.0-2052.7m → TVD 1862.5-1984.9m (correction: 61.5m)
BLT-01,141577.55,456881.76,1879.4565238762896,20.29894,48.84703,2.316098,1862.4921546961325,1984.8676041666665,122.4,2.032828276097129,tvd_corrected,AH 1924.0-2052.7m → TVD 1862.5-1984.9m (correction: 61.5m)
BLT-01,141577.55,456881.76,1879.5290211804781,20.78353,49.07611,2.307463,1862.4921546961325,1984.8676041666665,122.4,2.032828276097129,tvd_corrected,AH 1924.0-2052.7m → TVD 1862.5-1984.9m (correction: 61.5m)
BLT-01,141577.55,456881.76,1879.601518484667,21.29928,49.16026,2.303639,1862.4921546961325,1984.8676041666665,122.4,2.032828276097129,tvd_corrected,AH 1924.0-2052.7m → TVD 1862.5-1984.9m (correction: 61.5m)
BLT-01,141577.55,456881.76,1879.6740157888555,21.65545,49.3094,2.303331,1862.4921546961325,1984.8676041666665,122.4,2.032828276097129,tvd_corrected,AH 1924.0-2052.7m → TVD 1862.5-1984.9m (correction: 61.5m)
BLT-01,141577.55,456881.76,1879.7465130930443,21.78558,49.48979,2.305808,1862.4921546961325,1984.8676041666665,122.4,2.032828276097129,tvd_corrected,AH 1924.0-2052.7m → TVD 1862.5-1984.9m (correction: 61.5m)
BLT-01,141577.55,456881.76,1879.819010397233,21.64756,49.6478,2.310304,1862.4921546961325,1984.8676041666665,122.4,2.032828276097129,tvd_corrected,AH 1924.0-2052.7m → TVD 1862.5-1984.9m (correction: 61.5m)
BLT-01,141577.55,456881.76,1879.8915077014217,21.29088,49.45226,2.315014,1862.4921546961325,1984.8676041666665,122.4,2.032828276097129,tvd_corrected,AH 1924.0-2052.7m → TVD 1862.5-1984.9m (correction: 61.5m)
BLT-01,141577.55,456881.76,1879.9640050056105,21.00557,48.98046,2.318117,1862.4921546961325,1984.8676041666665,122.4,2.032828276097129,tvd_corrected,AH 1924.0-2052.7m → TVD 1862.5-1984.9m (correction: 61.5m)
BLT-01,141577.55,456881.76,1880.036502309799,20.79086,48.36429,2.319996,1862.4921546961325,1984.8676041666665,122.4,2.032828276097129,tvd_corrected,AH 1924.0-2052.7m → TVD 1862.5-1984.9m (correction: 61.5m)
BLT-01,141577.55,456881.76,1880.1089996139879,20.63954,47.74525,2.320724,1862.4921546961325,1984.8676041666665,122.4,2.032828276097129,tvd_corrected,AH 1924.0-2052.7m → TVD 1862.5-1984.9m (correction: 61.5m)
BLT-01,141577.55,456881.76,1880.1814969181764,20.51381,47.5616,2.319717,1862.4921546961325,1984.8676041666665,122.4,2.032828276097129,tvd_corrected,AH 1924.0-2052.7m → TVD 1862.5-1984.9m (correction: 61.5m)
BLT-01,141577.55,456881.76,1880.2539942223652,20.29948,47.82569,2.317914,1862.4921546961325,1984.8676041666665,122.4,2.032828276097129,tvd_corrected,AH 1924.0-2052.7m → TVD 1862.5-1984.9m (correction: 61.5m)
BLT-01,141577.55,456881.76,1880.326491526554,20.05194,48.51864,2.316319,1862.4921546961325,1984.8676041666665,122.4,2.032828276097129,tvd_corrected,AH 1924.0-2052.7m → TVD 1862.5-1984.9m (correction: 61.5m)
BLT-01,141577.55,456881.76,1880.3989888307426,19.87663,49.46033,2.315646,1862.4921546961325,1984.8676041666665,122.4,2.032828276097129,tvd_corrected,AH 1924.0-2052.7m → TVD 1862.5-1984.9m (correction: 61.5m)
BLT-01,141577.55,456881.76,1880.4714861349314,20.05156,50.11142,2.317232,1862.4921546961325,1984.8676041666665,122.4,2.032828276097129,tvd_corrected,AH 1924.0-2052.7m → TVD 1862.5-1984.9m (correction: 61.5m)
BLT-01,141577.55,456881.76,1880.54398343912,20.28326,50.08998,2.321582,1862.4921546961325,1984.8676041666665,122.4,2.032828276097129,tvd_corrected,AH 1924.0-2052.7m → TVD 1862.5-1984.9m (correction: 61.5m)
BLT-01,141577.55,456881.76,1880.6164807433088,20.17117,49.62223,2.329536,1862.4921546961325,1984.8676041666665,122.4,2.032828276097129,tvd_corrected,AH 1924.0-2052.7m → TVD 1862.5-1984.9m (correction: 61.5m)
BLT-01,141577.55,456881.76,1880.6889780474974,19.75905,48.92559,2.340045,1862.4921546961325,1984.8676041666665,122.4,2.032828276097129,tvd_corrected,AH 1924.0-2052.7m → TVD 1862.5-1984.9m (correction: 61.5m)
BLT-01,141577.55,456881.76,1880.7614753516862,19.24122,48.34121,2.350917,1862.4921546961325,1984.8676041666665,122.4,2.032828276097129,tvd_corrected,AH 1924.0-2052.7m → TVD 1862.5-1984.9m (correction: 61.5m)
BLT-01,141577.55,456881.76,1880.833972655875,18.89972,48.02602,2.35894,1862.4921546961325,1984.8676041666665,122.4,2.032828276097129,tvd_corrected,AH 1924.0-2052.7m → TVD 1862.5-1984.9m (correction: 61.5m)
BLT-01,141577.55,456881.76,1880.9064699600635,18.5963,47.92525,2.367346,1862.4921546961325,1984.8676041666665,122.4,2.032828276097129,tvd_corrected,AH 1924.0-2052.7m → TVD 1862.5-1984.9m (correction: 61.5m)
BLT-01,141577.55,456881.76,1880.9789672642523,18.36932,48.01912,2.374345,1862.4921546961325,1984.8676041666665,122.4,2.032828276097129,tvd_corrected,AH 1924.0-2052.7m → TVD 1862.5-1984.9m (correction: 61.5m)
BLT-01,141577.55,456881.76,1881.051464568441,18.26981,48.28215,2.377674,1862.4921546961325,1984.8676041666665,122.4,2.032828276097129,tvd_corrected,AH 1924.0-2052.7m → TVD 1862.5-1984.9m (correction: 61.5m)
BLT-01,141577.55,456881.76,1881.1239618726297,18.27169,48.66239,2.374721,1862.4921546961325,1984.8676041666665,122.4,2.032828276097129,tvd_corrected,AH 1924.0-2052.7m → TVD 1862.5-1984.9m (correction: 61.5m)
BLT-01,141577.55,456881.76,1881.1964591768183,18.21458,48.69192,2.369479,1862.4921546961325,1984.8676041666665,122.4,2.032828276097129,tvd_corrected,AH 1924.0-2052.7m → TVD 1862.5-1984.9m (correction: 61.5m)
BLT-01,141577.55,456881.76,1881.268956481007,18.21916,48.36709,2.364209,1862.4921546961325,1984.8676041666665,122.4,2.032828276097129,tvd_corrected,AH 1924.0-2052.7m → TVD 1862.5-1984.9m (correction: 61.5m)
BLT-01,141577.55,456881.76,1881.3414537851959,18.36272,47.73067,2.360776,1862.4921546961325,1984.8676041666665,122.4,2.032828276097129,tvd_corrected,AH 1924.0-2052.7m → TVD 1862.5-1984.9m (correction: 61.5m)
BLT-01,141577.55,456881.76,1881.4139510893845,18.5055,47.23594,2.361167,1862.4921546961325,1984.8676041666665,122.4,2.032828276097129,tvd_corrected,AH 1924.0-2052.7m → TVD 1862.5-1984.9m (correction: 61.5m)
BLT-01,141577.55,456881.76,1881.4864483935733,18.38182,46.84659,2.361635,1862.4921546961325,1984.8676041666665,122.4,2.032828276097129,tvd_corrected,AH 1924.0-2052.7m → TVD 1862.5-1984.9m (correction: 61.5m)
BLT-01,141577.55,456881.76,1881.5589456977618,18.16104,46.65712,2.361322,1862.4921546961325,1984.8676041666665,122.4,2.032828276097129,tvd_corrected,AH 1924.0-2052.7m → TVD 1862.5-1984.9m (correction: 61.5m)
BLT-01,141577.55,456881.76,1881.6314430019506,17.95861,46.71957,2.359911,1862.4921546961325,1984.8676041666665,122.4,2.032828276097129,tvd_corrected,AH 1924.0-2052.7m → TVD 1862.5-1984.9m (correction: 61.5m)
BLT-01,141577.55,456881.76,1881.7039403061394,17.97655,47.0793,2.35781,1862.4921546961325,1984.8676041666665,122.4,2.032828276097129,tvd_corrected,AH 1924.0-2052.7m → TVD 1862.5-1984.9m (correction: 61.5m)
BLT-01,141577.55,456881.76,1881.776437610328,18.19448,47.63266,2.356793,1862.4921546961325,1984.8676041666665,122.4,2.032828276097129,tvd_corrected,AH 1924.0-2052.7m → TVD 1862.5-1984.9m (correction: 61.5m)
BLT-01,141577.55,456881.76,1881.8489349145168,18.41403,48.10266,2.357223,1862.4921546961325,1984.8676041666665,122.4,2.032828276097129,tvd_corrected,AH 1924.0-2052.7m → TVD 1862.5-1984.9m (correction: 61.5m)
BLT-01,141577.55,456881.76,1881.9214322187054,18.53935,48.40086,2.358946,1862.4921546961325,1984.8676041666665,122.4,2.032828276097129,tvd_corrected,AH 1924.0-2052.7m → TVD 1862.5-1984.9m (correction: 61.5m)
BLT-01,141577.55,456881.76,1881.9939295228942,18.4437,48.48732,2.361203,1862.4921546961325,1984.8676041666665,122.4,2.032828276097129,tvd_corrected,AH 1924.0-2052.7m → TVD 1862.5-1984.9m (correction: 61.5m)
BLT-01,141577.55,456881.76,1882.0664268270828,18.31977,48.58048,2.363017,1862.4921546961325,1984.8676041666665,122.4,2.032828276097129,tvd_corrected,AH 1924.0-2052.7m → TVD 1862.5-1984.9m (correction: 61.5m)
BLT-01,141577.55,456881.76,1882.1389241312716,18.27933,48.62321,2.364148,1862.4921546961325,1984.8676041666665,122.4,2.032828276097129,tvd_corrected,AH 1924.0-2052.7m → TVD 1862.5-1984.9m (correction: 61.5m)
BLT-01,141577.55,456881.76,1882.2114214354604,18.24066,48.48641,2.364605,1862.4921546961325,1984.8676041666665,122.4,2.032828276097129,tvd_corrected,AH 1924.0-2052.7m → TVD 1862.5-1984.9m (correction: 61.5m)
BLT-01,141577.55,456881.76,1882.283918739649,18.02539,47.95123,2.36447,1862.4921546961325,1984.8676041666665,122.4,2.032828276097129,tvd_corrected,AH 1924.0-2052.7m → TVD 1862.5-1984.9m (correction: 61.5m)
BLT-01,141577.55,456881.76,1882.3564160438377,17.807029999999997,47.19758,2.365221,1862.4921546961325,1984.8676041666665,122.4,2.032828276097129,tvd_corrected,AH 1924.0-2052.7m → TVD 1862.5-1984.9m (correction: 61.5m)
BLT-01,141577.55,456881.76,1882.4289133480263,17.81392,46.79468,2.366316,1862.4921546961325,1984.8676041666665,122.4,2.032828276097129,tvd_corrected,AH 1924.0-2052.7m → TVD 1862.5-1984.9m (correction: 61.5m)
BLT-01,141577.55,456881.76,1882.501410652215,17.95285,46.82668,2.367828,1862.4921546961325,1984.8676041666665,122.4,2.032828276097129,tvd_corrected,AH 1924.0-2052.7m → TVD 1862.5-1984.9m (correction: 61.5m)
BLT-01,141577.55,456881.76,1882.5739079564037,18.09867,47.33643,2.369888,1862.4921546961325,1984.8676041666665,122.4,2.032828276097129,tvd_corrected,AH 1924.0-2052.7m → TVD 1862.5-1984.9m (correction: 61.5m)
BLT-01,141577.55,456881.76,1882.6464052605925,18.15892,48.05471,2.374737,1862.4921546961325,1984.8676041666665,122.4,2.032828276097129,tvd_corrected,AH 1924.0-2052.7m → TVD 1862.5-1984.9m (correction: 61.5m)
BLT-01,141577.55,456881.76,1882.7189025647813,18.12062,48.50048,2.379754,1862.4921546961325,1984.8676041666665,122.4,2.032828276097129,tvd_corrected,AH 1924.0-2052.7m → TVD 1862.5-1984.9m (correction: 61.5m)
BLT-01,141577.55,456881.76,1882.7913998689698,17.98399,48.62668,2.384378,1862.4921546961325,1984.8676041666665,122.4,2.032828276097129,tvd_corrected,AH 1924.0-2052.7m → TVD 1862.5-1984.9m (correction: 61.5m)
BLT-01,141577.55,456881.76,1882.8638971731586,17.76446,48.42034,2.388486,1862.4921546961325,1984.8676041666665,122.4,2.032828276097129,tvd_corrected,AH 1924.0-2052.7m → TVD 1862.5-1984.9m (correction: 61.5m)
BLT-01,141577.55,456881.76,1882.9363944773472,17.613960000000002,48.06202,2.395234,1862.4921546961325,1984.8676041666665,122.4,2.032828276097129,tvd_corrected,AH 1924.0-2052.7m → TVD 1862.5-1984.9m (correction: 61.5m)
BLT-01,141577.55,456881.76,1883.008891781536,17.485500000000002,47.81746,2.401178,1862.4921546961325,1984.8676041666665,122.4,2.032828276097129,tvd_corrected,AH 1924.0-2052.7m → TVD 1862.5-1984.9m (correction: 61.5m)
BLT-01,141577.55,456881.76,1883.0813890857248,17.45346,47.70234,2.40511,1862.4921546961325,1984.8676041666665,122.4,2.032828276097129,tvd_corrected,AH 1924.0-2052.7m → TVD 1862.5-1984.9m (correction: 61.5m)
BLT-01,141577.55,456881.76,1883.1538863899134,17.53915,47.75502,2.40608,1862.4921546961325,1984.8676041666665,122.4,2.032828276097129,tvd_corrected,AH 1924.0-2052.7m → TVD 1862.5-1984.9m (correction: 61.5m)
BLT-01,141577.55,456881.76,1883.2263836941022,17.6789,48.1377,2.401968,1862.4921546961325,1984.8676041666665,122.4,2.032828276097129,tvd_corrected,AH 1924.0-2052.7m → TVD 1862.5-1984.9m (correction: 61.5m)
BLT-01,141577.55,456881.76,1883.2988809982908,17.6556,48.76578,2.394855,1862.4921546961325,1984.8676041666665,122.4,2.032828276097129,tvd_corrected,AH 1924.0-2052.7m → TVD 1862.5-1984.9m (correction: 61.5m)
BLT-01,141577.55,456881.76,1883.3713783024796,17.69605,49.45877,2.387453,1862.4921546961325,1984.8676041666665,122.4,2.032828276097129,tvd_corrected,AH 1924.0-2052.7m → TVD 1862.5-1984.9m (correction: 61.5m)
BLT-01,141577.55,456881.76,1883.4438756066681,17.81838,50.0719,2.380823,1862.4921546961325,1984.8676041666665,122.4,2.032828276097129,tvd_corrected,AH 1924.0-2052.7m → TVD 1862.5-1984.9m (correction: 61.5m)
BLT-01,141577.55,456881.76,1883.516372910857,17.89818,50.31905,2.375964,1862.4921546961325,1984.8676041666665,122.4,2.032828276097129,tvd_corrected,AH 1924.0-2052.7m → TVD 1862.5-1984.9m (correction: 61.5m)
BLT-01,141577.55,456881.76,1883.5888702150457,17.54797,49.85682,2.377565,1862.4921546961325,1984.8676041666665,122.4,2.032828276097129,tvd_corrected,AH 1924.0-2052.7m → TVD 1862.5-1984.9m (correction: 61.5m)
BLT-01,141577.55,456881.76,1883.6613675192343,17.255699999999997,49.27163,2.383628,1862.4921546961325,1984.8676041666665,122.4,2.032828276097129,tvd_corrected,AH 1924.0-2052.7m → TVD 1862.5-1984.9m (correction: 61.5m)
BLT-01,141577.55,456881.76,1883.7338648234231,17.048070000000003,48.82929,2.39371,1862.4921546961325,1984.8676041666665,122.4,2.032828276097129,tvd_corrected,AH 1924.0-2052.7m → TVD 1862.5-1984.9m (correction: 61.5m)
BLT-01,141577.55,456881.76,1883.8063621276117,16.848840000000003,48.85438,2.407506,1862.4921546961325,1984.8676041666665,122.4,2.032828276097129,tvd_corrected,AH 1924.0-2052.7m → TVD 1862.5-1984.9m (correction: 61.5m)
BLT-01,141577.55,456881.76,1883.8788594318005,16.50297,49.12669,2.415704,1862.4921546961325,1984.8676041666665,122.4,2.032828276097129,tvd_corrected,AH 1924.0-2052.7m → TVD 1862.5-1984.9m (correction: 61.5m)
BLT-01,141577.55,456881.76,1883.951356735989,16.30675,49.32462,2.41797,1862.4921546961325,1984.8676041666665,122.4,2.032828276097129,tvd_corrected,AH 1924.0-2052.7m → TVD 1862.5-1984.9m (correction: 61.5m)
BLT-01,141577.55,456881.76,1884.0238540401779,16.24604,49.5283,2.415788,1862.4921546961325,1984.8676041666665,122.4,2.032828276097129,tvd_corrected,AH 1924.0-2052.7m → TVD 1862.5-1984.9m (correction: 61.5m)
BLT-01,141577.55,456881.76,1884.0963513443667,16.28351,49.84579,2.411013,1862.4921546961325,1984.8676041666665,122.4,2.032828276097129,tvd_corrected,AH 1924.0-2052.7m → TVD 1862.5-1984.9m (correction: 61.5m)
BLT-01,141577.55,456881.76,1884.1688486485552,16.40096,50.29116,2.407103,1862.4921546961325,1984.8676041666665,122.4,2.032828276097129,tvd_corrected,AH 1924.0-2052.7m → TVD 1862.5-1984.9m (correction: 61.5m)
BLT-01,141577.55,456881.76,1884.241345952744,16.58109,50.56215,2.402502,1862.4921546961325,1984.8676041666665,122.4,2.032828276097129,tvd_corrected,AH 1924.0-2052.7m → TVD 1862.5-1984.9m (correction: 61.5m)
BLT-01,141577.55,456881.76,1884.3138432569326,16.77675,50.6503,2.397051,1862.4921546961325,1984.8676041666665,122.4,2.032828276097129,tvd_corrected,AH 1924.0-2052.7m → TVD 1862.5-1984.9m (correction: 61.5m)
BLT-01,141577.55,456881.76,1884.3863405611214,16.95138,50.57038,2.390858,1862.4921546961325,1984.8676041666665,122.4,2.032828276097129,tvd_corrected,AH 1924.0-2052.7m → TVD 1862.5-1984.9m (correction: 61.5m)
BLT-01,141577.55,456881.76,1884.4588378653102,17.07931,50.51596,2.386159,1862.4921546961325,1984.8676041666665,122.4,2.032828276097129,tvd_corrected,AH 1924.0-2052.7m → TVD 1862.5-1984.9m (correction: 61.5m)
BLT-01,141577.55,456881.76,1884.5313351694988,17.1574,50.64175,2.385903,1862.4921546961325,1984.8676041666665,122.4,2.032828276097129,tvd_corrected,AH 1924.0-2052.7m → TVD 1862.5-1984.9m (correction: 61.5m)
BLT-01,141577.55,456881.76,1884.6038324736876,17.17821,50.71385,2.389937,1862.4921546961325,1984.8676041666665,122.4,2.032828276097129,tvd_corrected,AH 1924.0-2052.7m → TVD 1862.5-1984.9m (correction: 61.5m)
BLT-01,141577.55,456881.76,1884.6763297778762,17.13374,50.56796,2.397512,1862.4921546961325,1984.8676041666665,122.4,2.032828276097129,tvd_corrected,AH 1924.0-2052.7m → TVD 1862.5-1984.9m (correction: 61.5m)
BLT-01,141577.55,456881.76,1884.748827082065,17.00034,49.89331,2.405137,1862.4921546961325,1984.8676041666665,122.4,2.032828276097129,tvd_corrected,AH 1924.0-2052.7m → TVD 1862.5-1984.9m (correction: 61.5m)
BLT-01,141577.55,456881.76,1884.8213243862535,16.9187,48.97432,2.407117,1862.4921546961325,1984.8676041666665,122.4,2.032828276097129,tvd_corrected,AH 1924.0-2052.7m → TVD 1862.5-1984.9m (correction: 61.5m)
BLT-01,141577.55,456881.76,1884.8938216904423,16.991429999999998,48.3768,2.403869,1862.4921546961325,1984.8676041666665,122.4,2.032828276097129,tvd_corrected,AH 1924.0-2052.7m → TVD 1862.5-1984.9m (correction: 61.5m)
BLT-01,141577.55,456881.76,1884.9663189946311,17.24211,48.31571,2.396439,1862.4921546961325,1984.8676041666665,122.4,2.032828276097129,tvd_corrected,AH 1924.0-2052.7m → TVD 1862.5-1984.9m (correction: 61.5m)
BLT-01,141577.55,456881.76,1885.0388162988197,17.66226,48.98903,2.387526,1862.4921546961325,1984.8676041666665,122.4,2.032828276097129,tvd_corrected,AH 1924.0-2052.7m → TVD 1862.5-1984.9m (correction: 61.5m)
BLT-01,141577.55,456881.76,1885.1113136030085,18.0701,49.75918,2.379974,1862.4921546961325,1984.8676041666665,122.4,2.032828276097129,tvd_corrected,AH 1924.0-2052.7m → TVD 1862.5-1984.9m (correction: 61.5m)
BLT-01,141577.55,456881.76,1885.183810907197,18.39638,50.15154,2.375331,1862.4921546961325,1984.8676041666665,122.4,2.032828276097129,tvd_corrected,AH 1924.0-2052.7m → TVD 1862.5-1984.9m (correction: 61.5m)
BLT-01,141577.55,456881.76,1885.2563082113859,18.62878,50.10511,2.373559,1862.4921546961325,1984.8676041666665,122.4,2.032828276097129,tvd_corrected,AH 1924.0-2052.7m → TVD 1862.5-1984.9m (correction: 61.5m)
BLT-01,141577.55,456881.76,1885.3288055155747,18.76304,49.63015,2.374203,1862.4921546961325,1984.8676041666665,122.4,2.032828276097129,tvd_corrected,AH 1924.0-2052.7m → TVD 1862.5-1984.9m (correction: 61.5m)
BLT-01,141577.55,456881.76,1885.4013028197633,18.88363,48.79225,2.372981,1862.4921546961325,1984.8676041666665,122.4,2.032828276097129,tvd_corrected,AH 1924.0-2052.7m → TVD 1862.5-1984.9m (correction: 61.5m)
BLT-01,141577.55,456881.76,1885.473800123952,19.01786,48.13381,2.370402,1862.4921546961325,1984.8676041666665,122.4,2.032828276097129,tvd_corrected,AH 1924.0-2052.7m → TVD 1862.5-1984.9m (correction: 61.5m)
BLT-01,141577.55,456881.76,1885.5462974281406,19.18403,47.80053,2.367125,1862.4921546961325,1984.8676041666665,122.4,2.032828276097129,tvd_corrected,AH 1924.0-2052.7m → TVD 1862.5-1984.9m (correction: 61.5m)
BLT-01,141577.55,456881.76,1885.6187947323294,19.40086,47.92069,2.36385,1862.4921546961325,1984.8676041666665,122.4,2.032828276097129,tvd_corrected,AH 1924.0-2052.7m → TVD 1862.5-1984.9m (correction: 61.5m)
BLT-01,141577.55,456881.76,1885.691292036518,19.72952,48.90446,2.359637,1862.4921546961325,1984.8676041666665,122.4,2.032828276097129,tvd_corrected,AH 1924.0-2052.7m → TVD 1862.5-1984.9m (correction: 61.5m)
BLT-01,141577.55,456881.76,1885.7637893407068,19.92417,50.01631,2.356666,1862.4921546961325,1984.8676041666665,122.4,2.032828276097129,tvd_corrected,AH 1924.0-2052.7m → TVD 1862.5-1984.9m (correction: 61.5m)
BLT-01,141577.55,456881.76,1885.8362866448956,20.0188,51.00851,2.354845,1862.4921546961325,1984.8676041666665,122.4,2.032828276097129,tvd_corrected,AH 1924.0-2052.7m → TVD 1862.5-1984.9m (correction: 61.5m)
BLT-01,141577.55,456881.76,1885.9087839490842,20.03777,51.69633,2.354006,1862.4921546961325,1984.8676041666665,122.4,2.032828276097129,tvd_corrected,AH 1924.0-2052.7m → TVD 1862.5-1984.9m (correction: 61.5m)
BLT-01,141577.55,456881.76,1885.981281253273,19.97049,51.9589,2.353261,1862.4921546961325,1984.8676041666665,122.4,2.032828276097129,tvd_corrected,AH 1924.0-2052.7m → TVD 1862.5-1984.9m (correction: 61.5m)
BLT-01,141577.55,456881.76,1886.0537785574616,19.77648,51.88791,2.352309,1862.4921546961325,1984.8676041666665,122.4,2.032828276097129,tvd_corrected,AH 1924.0-2052.7m → TVD 1862.5-1984.9m (correction: 61.5m)
BLT-01,141577.55,456881.76,1886.1262758616504,19.64166,51.6945,2.351324,1862.4921546961325,1984.8676041666665,122.4,2.032828276097129,tvd_corrected,AH 1924.0-2052.7m → TVD 1862.5-1984.9m (correction: 61.5m)
BLT-01,141577.55,456881.76,1886.198773165839,19.62085,51.46648,2.350387,1862.4921546961325,1984.8676041666665,122.4,2.032828276097129,tvd_corrected,AH 1924.0-2052.7m → TVD 1862.5-1984.9m (correction: 61.5m)
BLT-01,141577.55,456881.76,1886.2712704700277,19.58862,51.18909,2.349515,1862.4921546961325,1984.8676041666665,122.4,2.032828276097129,tvd_corrected,AH 1924.0-2052.7m → TVD 1862.5-1984.9m (correction: 61.5m)
BLT-01,141577.55,456881.76,1886.3437677742165,19.39055,50.90512,2.34932,1862.4921546961325,1984.8676041666665,122.4,2.032828276097129,tvd_corrected,AH 1924.0-2052.7m → TVD 1862.5-1984.9m (correction: 61.5m)
BLT-01,141577.55,456881.76,1886.416265078405,19.21623,50.44451,2.349098,1862.4921546961325,1984.8676041666665,122.4,2.032828276097129,tvd_corrected,AH 1924.0-2052.7m → TVD 1862.5-1984.9m (correction: 61.5m)
BLT-01,141577.55,456881.76,1886.488762382594,19.14038,49.77106,2.348186,1862.4921546961325,1984.8676041666665,122.4,2.032828276097129,tvd_corrected,AH 1924.0-2052.7m → TVD 1862.5-1984.9m (correction: 61.5m)
BLT-01,141577.55,456881.76,1886.5612596867825,19.23849,48.90392,2.345207,1862.4921546961325,1984.8676041666665,122.4,2.032828276097129,tvd_corrected,AH 1924.0-2052.7m → TVD 1862.5-1984.9m (correction: 61.5m)
BLT-01,141577.55,456881.76,1886.6337569909713,19.3173,48.44687,2.342423,1862.4921546961325,1984.8676041666665,122.4,2.032828276097129,tvd_corrected,AH 1924.0-2052.7m → TVD 1862.5-1984.9m (correction: 61.5m)
BLT-01,141577.55,456881.76,1886.70625429516,19.28268,48.42712,2.341431,1862.4921546961325,1984.8676041666665,122.4,2.032828276097129,tvd_corrected,AH 1924.0-2052.7m → TVD 1862.5-1984.9m (correction: 61.5m)
BLT-01,141577.55,456881.76,1886.7787515993487,19.25004,48.68083,2.342675,1862.4921546961325,1984.8676041666665,122.4,2.032828276097129,tvd_corrected,AH 1924.0-2052.7m → TVD 1862.5-1984.9m (correction: 61.5m)
BLT-01,141577.55,456881.76,1886.8512489035375,19.43827,48.91953,2.346535,1862.4921546961325,1984.8676041666665,122.4,2.032828276097129,tvd_corrected,AH 1924.0-2052.7m → TVD 1862.5-1984.9m (correction: 61.5m)
BLT-01,141577.55,456881.76,1886.923746207726,19.62717,48.75977,2.349932,1862.4921546961325,1984.8676041666665,122.4,2.032828276097129,tvd_corrected,AH 1924.0-2052.7m → TVD 1862.5-1984.9m (correction: 61.5m)
BLT-01,141577.55,456881.76,1886.9962435119148,19.48951,48.56799,2.351206,1862.4921546961325,1984.8676041666665,122.4,2.032828276097129,tvd_corrected,AH 1924.0-2052.7m → TVD 1862.5-1984.9m (correction: 61.5m)
BLT-01,141577.55,456881.76,1887.0687408161034,19.21356,48.28857,2.351024,1862.4921546961325,1984.8676041666665,122.4,2.032828276097129,tvd_corrected,AH 1924.0-2052.7m → TVD 1862.5-1984.9m (correction: 61.5m)
BLT-01,141577.55,456881.76,1887.1412381202922,19.02909,47.84782,2.350253,1862.4921546961325,1984.8676041666665,122.4,2.032828276097129,tvd_corrected,AH 1924.0-2052.7m → TVD 1862.5-1984.9m (correction: 61.5m)
BLT-01,141577.55,456881.76,1887.213735424481,19.26924,47.32771,2.350124,1862.4921546961325,1984.8676041666665,122.4,2.032828276097129,tvd_corrected,AH 1924.0-2052.7m → TVD 1862.5-1984.9m (correction: 61.5m)
BLT-01,141577.55,456881.76,1887.2862327286696,19.39904,46.69306,2.350636,1862.4921546961325,1984.8676041666665,122.4,2.032828276097129,tvd_corrected,AH 1924.0-2052.7m → TVD 1862.5-1984.9m (correction: 61.5m)
BLT-01,141577.55,456881.76,1887.3587300328584,19.45027,46.16542,2.351285,1862.4921546961325,1984.8676041666665,122.4,2.032828276097129,tvd_corrected,AH 1924.0-2052.7m → TVD 1862.5-1984.9m (correction: 61.5m)
BLT-01,141577.55,456881.76,1887.431227337047,19.45382,45.93167,2.351776,1862.4921546961325,1984.8676041666665,122.4,2.032828276097129,tvd_corrected,AH 1924.0-2052.7m → TVD 1862.5-1984.9m (correction: 61.5m)
BLT-01,141577.55,456881.76,1887.5037246412357,19.48865,46.34113,2.352704,1862.4921546961325,1984.8676041666665,122.4,2.032828276097129,tvd_corrected,AH 1924.0-2052.7m → TVD 1862.5-1984.9m (correction: 61.5m)
BLT-01,141577.55,456881.76,1887.5762219454243,19.3882,46.9629,2.354452,1862.4921546961325,1984.8676041666665,122.4,2.032828276097129,tvd_corrected,AH 1924.0-2052.7m → TVD 1862.5-1984.9m (correction: 61.5m)
BLT-01,141577.55,456881.76,1887.6487192496131,19.234,47.69507,2.356862,1862.4921546961325,1984.8676041666665,122.4,2.032828276097129,tvd_corrected,AH 1924.0-2052.7m → TVD 1862.5-1984.9m (correction: 61.5m)
BLT-01,141577.55,456881.76,1887.721216553802,19.08617,48.4301,2.359379,1862.4921546961325,1984.8676041666665,122.4,2.032828276097129,tvd_corrected,AH 1924.0-2052.7m → TVD 1862.5-1984.9m (correction: 61.5m)
BLT-01,141577.55,456881.76,1887.7937138579905,19.06902,48.85641,2.359651,1862.4921546961325,1984.8676041666665,122.4,2.032828276097129,tvd_corrected,AH 1924.0-2052.7m → TVD 1862.5-1984.9m (correction: 61.5m)
BLT-01,141577.55,456881.76,1887.8662111621793,19.24386,48.93106,2.357552,1862.4921546961325,1984.8676041666665,122.4,2.032828276097129,tvd_corrected,AH 1924.0-2052.7m → TVD 1862.5-1984.9m (correction: 61.5m)
BLT-01,141577.55,456881.76,1887.9387084663679,19.47711,48.75311,2.353975,1862.4921546961325,1984.8676041666665,122.4,2.032828276097129,tvd_corrected,AH 1924.0-2052.7m → TVD 1862.5-1984.9m (correction: 61.5m)
BLT-01,141577.55,456881.76,1888.0112057705567,19.70304,48.47293,2.349827,1862.4921546961325,1984.8676041666665,122.4,2.032828276097129,tvd_corrected,AH 1924.0-2052.7m → TVD 1862.5-1984.9m (correction: 61.5m)
BLT-01,141577.55,456881.76,1888.0837030747455,19.83131,48.43829,2.347,1862.4921546961325,1984.8676041666665,122.4,2.032828276097129,tvd_corrected,AH 1924.0-2052.7m → TVD 1862.5-1984.9m (correction: 61.5m)
BLT-01,141577.55,456881.76,1888.156200378934,19.98243,49.02909,2.346638,1862.4921546961325,1984.8676041666665,122.4,2.032828276097129,tvd_corrected,AH 1924.0-2052.7m → TVD 1862.5-1984.9m (correction: 61.5m)
BLT-01,141577.55,456881.76,1888.2286976831228,20.08873,50.00566,2.348684,1862.4921546961325,1984.8676041666665,122.4,2.032828276097129,tvd_corrected,AH 1924.0-2052.7m → TVD 1862.5-1984.9m (correction: 61.5m)
BLT-01,141577.55,456881.76,1888.3011949873114,20.09706,51.03735,2.352202,1862.4921546961325,1984.8676041666665,122.4,2.032828276097129,tvd_corrected,AH 1924.0-2052.7m → TVD 1862.5-1984.9m (correction: 61.5m)
BLT-01,141577.55,456881.76,1888.3736922915002,19.93378,51.62131,2.355621,1862.4921546961325,1984.8676041666665,122.4,2.032828276097129,tvd_corrected,AH 1924.0-2052.7m → TVD 1862.5-1984.9m (correction: 61.5m)
BLT-01,141577.55,456881.76,1888.4461895956888,19.79086,51.17063,2.356008,1862.4921546961325,1984.8676041666665,122.4,2.032828276097129,tvd_corrected,AH 1924.0-2052.7m → TVD 1862.5-1984.9m (correction: 61.5m)
BLT-01,141577.55,456881.76,1888.5186868998776,19.81554,50.00356,2.352912,1862.4921546961325,1984.8676041666665,122.4,2.032828276097129,tvd_corrected,AH 1924.0-2052.7m → TVD 1862.5-1984.9m (correction: 61.5m)
BLT-01,141577.55,456881.76,1888.5911842040664,19.93245,48.53984,2.348407,1862.4921546961325,1984.8676041666665,122.4,2.032828276097129,tvd_corrected,AH 1924.0-2052.7m → TVD 1862.5-1984.9m (correction: 61.5m)
BLT-01,141577.55,456881.76,1888.663681508255,20.04961,47.23713,2.344838,1862.4921546961325,1984.8676041666665,122.4,2.032828276097129,tvd_corrected,AH 1924.0-2052.7m → TVD 1862.5-1984.9m (correction: 61.5m)
BLT-01,141577.55,456881.76,1888.7361788124438,20.04134,46.93141,2.346069,1862.4921546961325,1984.8676041666665,122.4,2.032828276097129,tvd_corrected,AH 1924.0-2052.7m → TVD 1862.5-1984.9m (correction: 61.5m)
BLT-01,141577.55,456881.76,1888.8086761166323,19.93115,46.9097,2.348826,1862.4921546961325,1984.8676041666665,122.4,2.032828276097129,tvd_corrected,AH 1924.0-2052.7m → TVD 1862.5-1984.9m (correction: 61.5m)
BLT-01,141577.55,456881.76,1888.8811734208211,19.79678,47.12586,2.3533,1862.4921546961325,1984.8676041666665,122.4,2.032828276097129,tvd_corrected,AH 1924.0-2052.7m → TVD 1862.5-1984.9m (correction: 61.5m)
BLT-01,141577.55,456881.76,1888.9536707250097,19.69831,47.52719,2.359232,1862.4921546961325,1984.8676041666665,122.4,2.032828276097129,tvd_corrected,AH 1924.0-2052.7m → TVD 1862.5-1984.9m (correction: 61.5m)
BLT-01,141577.55,456881.76,1889.0261680291985,19.70431,47.934,2.363098,1862.4921546961325,1984.8676041666665,122.4,2.032828276097129,tvd_corrected,AH 1924.0-2052.7m → TVD 1862.5-1984.9m (correction: 61.5m)
BLT-01,141577.55,456881.76,1889.0986653333873,19.78952,48.21606,2.364424,1862.4921546961325,1984.8676041666665,122.4,2.032828276097129,tvd_corrected,AH 1924.0-2052.7m → TVD 1862.5-1984.9m (correction: 61.5m)
BLT-01,141577.55,456881.76,1889.171162637576,19.88964,48.36065,2.363796,1862.4921546961325,1984.8676041666665,122.4,2.032828276097129,tvd_corrected,AH 1924.0-2052.7m → TVD 1862.5-1984.9m (correction: 61.5m)
BLT-01,141577.55,456881.76,1889.2436599417647,19.95485,48.394,2.36153,1862.4921546961325,1984.8676041666665,122.4,2.032828276097129,tvd_corrected,AH 1924.0-2052.7m → TVD 1862.5-1984.9m (correction: 61.5m)
BLT-01,141577.55,456881.76,1889.3161572459533,19.87585,48.46496,2.358004,1862.4921546961325,1984.8676041666665,122.4,2.032828276097129,tvd_corrected,AH 1924.0-2052.7m → TVD 1862.5-1984.9m (correction: 61.5m)
BLT-01,141577.55,456881.76,1889.388654550142,19.8538,48.75203,2.3546,1862.4921546961325,1984.8676041666665,122.4,2.032828276097129,tvd_corrected,AH 1924.0-2052.7m → TVD 1862.5-1984.9m (correction: 61.5m)
BLT-01,141577.55,456881.76,1889.4611518543309,19.90258,49.3112,2.351219,1862.4921546961325,1984.8676041666665,122.4,2.032828276097129,tvd_corrected,AH 1924.0-2052.7m → TVD 1862.5-1984.9m (correction: 61.5m)
BLT-01,141577.55,456881.76,1889.5336491585194,19.97901,49.98784,2.348264,1862.4921546961325,1984.8676041666665,122.4,2.032828276097129,tvd_corrected,AH 1924.0-2052.7m → TVD 1862.5-1984.9m (correction: 61.5m)
BLT-01,141577.55,456881.76,1889.6061464627082,19.95717,50.32699,2.346887,1862.4921546961325,1984.8676041666665,122.4,2.032828276097129,tvd_corrected,AH 1924.0-2052.7m → TVD 1862.5-1984.9m (correction: 61.5m)
BLT-01,141577.55,456881.76,1889.6786437668968,19.7395,49.84638,2.346467,1862.4921546961325,1984.8676041666665,122.4,2.032828276097129,tvd_corrected,AH 1924.0-2052.7m → TVD 1862.5-1984.9m (correction: 61.5m)
BLT-01,141577.55,456881.76,1889.7511410710856,19.46518,48.93903,2.345457,1862.4921546961325,1984.8676041666665,122.4,2.032828276097129,tvd_corrected,AH 1924.0-2052.7m → TVD 1862.5-1984.9m (correction: 61.5m)
BLT-01,141577.55,456881.76,1889.8236383752742,19.1846,47.90196,2.343848,1862.4921546961325,1984.8676041666665,122.4,2.032828276097129,tvd_corrected,AH 1924.0-2052.7m → TVD 1862.5-1984.9m (correction: 61.5m)
BLT-01,141577.55,456881.76,1889.896135679463,18.95201,47.14346,2.341947,1862.4921546961325,1984.8676041666665,122.4,2.032828276097129,tvd_corrected,AH 1924.0-2052.7m → TVD 1862.5-1984.9m (correction: 61.5m)
BLT-01,141577.55,456881.76,1889.9686329836518,18.88314,47.17762,2.340377,1862.4921546961325,1984.8676041666665,122.4,2.032828276097129,tvd_corrected,AH 1924.0-2052.7m → TVD 1862.5-1984.9m (correction: 61.5m)
BLT-01,141577.55,456881.76,1890.0411302878404,19.05307,47.48184,2.339646,1862.4921546961325,1984.8676041666665,122.4,2.032828276097129,tvd_corrected,AH 1924.0-2052.7m → TVD 1862.5-1984.9m (correction: 61.5m)
BLT-01,141577.55,456881.76,1890.1136275920292,19.49002,47.99047,2.339708,1862.4921546961325,1984.8676041666665,122.4,2.032828276097129,tvd_corrected,AH 1924.0-2052.7m → TVD 1862.5-1984.9m (correction: 61.5m)
BLT-01,141577.55,456881.76,1890.1861248962177,20.193620000000003,48.64191,2.340482,1862.4921546961325,1984.8676041666665,122.4,2.032828276097129,tvd_corrected,AH 1924.0-2052.7m → TVD 1862.5-1984.9m (correction: 61.5m)
BLT-01,141577.55,456881.76,1890.2586222004065,20.46661,49.09066,2.342325,1862.4921546961325,1984.8676041666665,122.4,2.032828276097129,tvd_corrected,AH 1924.0-2052.7m → TVD 1862.5-1984.9m (correction: 61.5m)
BLT-01,141577.55,456881.76,1890.3311195045953,20.35689,49.06633,2.343585,1862.4921546961325,1984.8676041666665,122.4,2.032828276097129,tvd_corrected,AH 1924.0-2052.7m → TVD 1862.5-1984.9m (correction: 61.5m)
BLT-01,141577.55,456881.76,1890.403616808784,20.06857,48.55655,2.343933,1862.4921546961325,1984.8676041666665,122.4,2.032828276097129,tvd_corrected,AH 1924.0-2052.7m → TVD 1862.5-1984.9m (correction: 61.5m)
BLT-01,141577.55,456881.76,1890.4761141129727,19.77176,47.63313,2.343122,1862.4921546961325,1984.8676041666665,122.4,2.032828276097129,tvd_corrected,AH 1924.0-2052.7m → TVD 1862.5-1984.9m (correction: 61.5m)
BLT-01,141577.55,456881.76,1890.5486114171613,19.7702,46.99087,2.340823,1862.4921546961325,1984.8676041666665,122.4,2.032828276097129,tvd_corrected,AH 1924.0-2052.7m → TVD 1862.5-1984.9m (correction: 61.5m)
BLT-01,141577.55,456881.76,1890.62110872135,19.97767,46.80978,2.337915,1862.4921546961325,1984.8676041666665,122.4,2.032828276097129,tvd_corrected,AH 1924.0-2052.7m → TVD 1862.5-1984.9m (correction: 61.5m)
BLT-01,141577.55,456881.76,1890.6936060255387,20.11327,46.64259,2.335841,1862.4921546961325,1984.8676041666665,122.4,2.032828276097129,tvd_corrected,AH 1924.0-2052.7m → TVD 1862.5-1984.9m (correction: 61.5m)
BLT-01,141577.55,456881.76,1890.7661033297275,20.06081,46.301,2.335496,1862.4921546961325,1984.8676041666665,122.4,2.032828276097129,tvd_corrected,AH 1924.0-2052.7m → TVD 1862.5-1984.9m (correction: 61.5m)
BLT-01,141577.55,456881.76,1890.8386006339163,19.80883,45.75111,2.338308,1862.4921546961325,1984.8676041666665,122.4,2.032828276097129,tvd_corrected,AH 1924.0-2052.7m → TVD 1862.5-1984.9m (correction: 61.5m)
BLT-01,141577.55,456881.76,1890.9110979381048,19.50077,45.30783,2.345466,1862.4921546961325,1984.8676041666665,122.4,2.032828276097129,tvd_corrected,AH 1924.0-2052.7m → TVD 1862.5-1984.9m (correction: 61.5m)
BLT-01,141577.55,456881.76,1890.9835952422936,19.01815,45.16999,2.358893,1862.4921546961325,1984.8676041666665,122.4,2.032828276097129,tvd_corrected,AH 1924.0-2052.7m → TVD 1862.5-1984.9m (correction: 61.5m)
BLT-01,141577.55,456881.76,1891.0560925464822,18.4009,45.36331,2.376775,1862.4921546961325,1984.8676041666665,122.4,2.032828276097129,tvd_corrected,AH 1924.0-2052.7m → TVD 1862.5-1984.9m (correction: 61.5m)
BLT-01,141577.55,456881.76,1891.128589850671,17.82865,45.83251,2.393107,1862.4921546961325,1984.8676041666665,122.4,2.032828276097129,tvd_corrected,AH 1924.0-2052.7m → TVD 1862.5-1984.9m (correction: 61.5m)
BLT-01,141577.55,456881.76,1891.2010871548596,17.3752,46.31765,2.400403,1862.4921546961325,1984.8676041666665,122.4,2.032828276097129,tvd_corrected,AH 1924.0-2052.7m → TVD 1862.5-1984.9m (correction: 61.5m)
BLT-01,141577.55,456881.76,1891.2735844590484,17.04569,46.85263,2.402996,1862.4921546961325,1984.8676041666665,122.4,2.032828276097129,tvd_corrected,AH 1924.0-2052.7m → TVD 1862.5-1984.9m (correction: 61.5m)
BLT-01,141577.55,456881.76,1891.3460817632372,16.883229999999998,47.33915,2.402712,1862.4921546961325,1984.8676041666665,122.4,2.032828276097129,tvd_corrected,AH 1924.0-2052.7m → TVD 1862.5-1984.9m (correction: 61.5m)
BLT-01,141577.55,456881.76,1891.4185790674258,16.954449999999998,47.61293,2.401675,1862.4921546961325,1984.8676041666665,122.4,2.032828276097129,tvd_corrected,AH 1924.0-2052.7m → TVD 1862.5-1984.9m (correction: 61.5m)
BLT-01,141577.55,456881.76,1891.4910763716146,16.86856,47.8221,2.403179,1862.4921546961325,1984.8676041666665,122.4,2.032828276097129,tvd_corrected,AH 1924.0-2052.7m → TVD 1862.5-1984.9m (correction: 61.5m)
BLT-01,141577.55,456881.76,1891.5635736758031,16.55463,48.08006,2.406032,1862.4921546961325,1984.8676041666665,122.4,2.032828276097129,tvd_corrected,AH 1924.0-2052.7m → TVD 1862.5-1984.9m (correction: 61.5m)
BLT-01,141577.55,456881.76,1891.636070979992,16.1382,48.26893,2.409619,1862.4921546961325,1984.8676041666665,122.4,2.032828276097129,tvd_corrected,AH 1924.0-2052.7m → TVD 1862.5-1984.9m (correction: 61.5m)
BLT-01,141577.55,456881.76,1891.7085682841807,15.76303,48.25952,2.413287,1862.4921546961325,1984.8676041666665,122.4,2.032828276097129,tvd_corrected,AH 1924.0-2052.7m → TVD 1862.5-1984.9m (correction: 61.5m)
BLT-01,141577.55,456881.76,1891.7810655883693,15.76493,47.83336,2.41535,1862.4921546961325,1984.8676041666665,122.4,2.032828276097129,tvd_corrected,AH 1924.0-2052.7m → TVD 1862.5-1984.9m (correction: 61.5m)
BLT-01,141577.55,456881.76,1891.853562892558,15.78446,47.37899,2.417442,1862.4921546961325,1984.8676041666665,122.4,2.032828276097129,tvd_corrected,AH 1924.0-2052.7m → TVD 1862.5-1984.9m (correction: 61.5m)
BLT-01,141577.55,456881.76,1891.9260601967467,15.72446,47.01649,2.421519,1862.4921546961325,1984.8676041666665,122.4,2.032828276097129,tvd_corrected,AH 1924.0-2052.7m → TVD 1862.5-1984.9m (correction: 61.5m)
BLT-01,141577.55,456881.76,1891.9985575009355,15.54062,46.83316,2.428435,1862.4921546961325,1984.8676041666665,122.4,2.032828276097129,tvd_corrected,AH 1924.0-2052.7m → TVD 1862.5-1984.9m (correction: 61.5m)
BLT-01,141577.55,456881.76,1892.071054805124,15.39514,46.91843,2.4346,1862.4921546961325,1984.8676041666665,122.4,2.032828276097129,tvd_corrected,AH 1924.0-2052.7m → TVD 1862.5-1984.9m (correction: 61.5m)
BLT-01,141577.55,456881.76,1892.1435521093129,15.31732,47.07781,2.435925,1862.4921546961325,1984.8676041666665,122.4,2.032828276097129,tvd_corrected,AH 1924.0-2052.7m → TVD 1862.5-1984.9m (correction: 61.5m)
BLT-01,141577.55,456881.76,1892.2160494135017,15.40514,47.44002,2.431076,1862.4921546961325,1984.8676041666665,122.4,2.032828276097129,tvd_corrected,AH 1924.0-2052.7m → TVD 1862.5-1984.9m (correction: 61.5m)
BLT-01,141577.55,456881.76,1892.2885467176902,15.6949,48.013,2.420678,1862.4921546961325,1984.8676041666665,122.4,2.032828276097129,tvd_corrected,AH 1924.0-2052.7m → TVD 1862.5-1984.9m (correction: 61.5m)
BLT-01,141577.55,456881.76,1892.361044021879,16.17447,48.6031,2.409928,1862.4921546961325,1984.8676041666665,122.4,2.032828276097129,tvd_corrected,AH 1924.0-2052.7m → TVD 1862.5-1984.9m (correction: 61.5m)
BLT-01,141577.55,456881.76,1892.4335413260676,16.62659,48.83464,2.405065,1862.4921546961325,1984.8676041666665,122.4,2.032828276097129,tvd_corrected,AH 1924.0-2052.7m → TVD 1862.5-1984.9m (correction: 61.5m)
BLT-01,141577.55,456881.76,1892.5060386302564,17.15909,49.08571,2.404881,1862.4921546961325,1984.8676041666665,122.4,2.032828276097129,tvd_corrected,AH 1924.0-2052.7m → TVD 1862.5-1984.9m (correction: 61.5m)
BLT-01,141577.55,456881.76,1892.578535934445,17.72923,49.40585,2.407892,1862.4921546961325,1984.8676041666665,122.4,2.032828276097129,tvd_corrected,AH 1924.0-2052.7m → TVD 1862.5-1984.9m (correction: 61.5m)
BLT-01,141577.55,456881.76,1892.6510332386338,18.16176,49.69765,2.410984,1862.4921546961325,1984.8676041666665,122.4,2.032828276097129,tvd_corrected,AH 1924.0-2052.7m → TVD 1862.5-1984.9m (correction: 61.5m)
BLT-01,141577.55,456881.76,1892.7235305428226,18.23079,49.89207,2.410487,1862.4921546961325,1984.8676041666665,122.4,2.032828276097129,tvd_corrected,AH 1924.0-2052.7m → TVD 1862.5-1984.9m (correction: 61.5m)
BLT-01,141577.55,456881.76,1892.7960278470111,18.14106,49.95095,2.408601,1862.4921546961325,1984.8676041666665,122.4,2.032828276097129,tvd_corrected,AH 1924.0-2052.7m → TVD 1862.5-1984.9m (correction: 61.5m)
BLT-01,141577.55,456881.76,1892.8685251512,17.88486,49.96469,2.406214,1862.4921546961325,1984.8676041666665,122.4,2.032828276097129,tvd_corrected,AH 1924.0-2052.7m → TVD 1862.5-1984.9m (correction: 61.5m)
BLT-01,141577.55,456881.76,1892.9410224553885,17.414270000000002,50.08337,2.404325,1862.4921546961325,1984.8676041666665,122.4,2.032828276097129,tvd_corrected,AH 1924.0-2052.7m → TVD 1862.5-1984.9m (correction: 61.5m)
BLT-01,141577.55,456881.76,1893.0135197595773,16.89807,50.15032,2.406868,1862.4921546961325,1984.8676041666665,122.4,2.032828276097129,tvd_corrected,AH 1924.0-2052.7m → TVD 1862.5-1984.9m (correction: 61.5m)
BLT-01,141577.55,456881.76,1893.0860170637661,16.4085,50.03069,2.412209,1862.4921546961325,1984.8676041666665,122.4,2.032828276097129,tvd_corrected,AH 1924.0-2052.7m → TVD 1862.5-1984.9m (correction: 61.5m)
BLT-01,141577.55,456881.76,1893.1585143679547,15.87647,49.82177,2.421029,1862.4921546961325,1984.8676041666665,122.4,2.032828276097129,tvd_corrected,AH 1924.0-2052.7m → TVD 1862.5-1984.9m (correction: 61.5m)
BLT-01,141577.55,456881.76,1893.2310116721435,15.24204,49.63779,2.433709,1862.4921546961325,1984.8676041666665,122.4,2.032828276097129,tvd_corrected,AH 1924.0-2052.7m → TVD 1862.5-1984.9m (correction: 61.5m)
BLT-01,141577.55,456881.76,1893.303508976332,14.82346,49.77069,2.442268,1862.4921546961325,1984.8676041666665,122.4,2.032828276097129,tvd_corrected,AH 1924.0-2052.7m → TVD 1862.5-1984.9m (correction: 61.5m)
BLT-01,141577.55,456881.76,1893.3760062805209,14.67475,49.96655,2.444898,1862.4921546961325,1984.8676041666665,122.4,2.032828276097129,tvd_corrected,AH 1924.0-2052.7m → TVD 1862.5-1984.9m (correction: 61.5m)
BLT-01,141577.55,456881.76,1893.4485035847094,14.77033,49.9567,2.443155,1862.4921546961325,1984.8676041666665,122.4,2.032828276097129,tvd_corrected,AH 1924.0-2052.7m → TVD 1862.5-1984.9m (correction: 61.5m)
BLT-01,141577.55,456881.76,1893.5210008888982,15.06585,49.58474,2.438547,1862.4921546961325,1984.8676041666665,122.4,2.032828276097129,tvd_corrected,AH 1924.0-2052.7m → TVD 1862.5-1984.9m (correction: 61.5m)
BLT-01,141577.55,456881.76,1893.593498193087,15.33582,48.96432,2.435231,1862.4921546961325,1984.8676041666665,122.4,2.032828276097129,tvd_corrected,AH 1924.0-2052.7m → TVD 1862.5-1984.9m (correction: 61.5m)
BLT-01,141577.55,456881.76,1893.6659954972756,15.5044,48.37754,2.434674,1862.4921546961325,1984.8676041666665,122.4,2.032828276097129,tvd_corrected,AH 1924.0-2052.7m → TVD 1862.5-1984.9m (correction: 61.5m)
BLT-01,141577.55,456881.76,1893.7384928014644,15.68424,47.99626,2.433617,1862.4921546961325,1984.8676041666665,122.4,2.032828276097129,tvd_corrected,AH 1924.0-2052.7m → TVD 1862.5-1984.9m (correction: 61.5m)
BLT-01,141577.55,456881.76,1893.810990105653,15.90346,47.9032,2.430606,1862.4921546961325,1984.8676041666665,122.4,2.032828276097129,tvd_corrected,AH 1924.0-2052.7m → TVD 1862.5-1984.9m (correction: 61.5m)
BLT-01,141577.55,456881.76,1893.8834874098418,16.09413,48.16753,2.42481,1862.4921546961325,1984.8676041666665,122.4,2.032828276097129,tvd_corrected,AH 1924.0-2052.7m → TVD 1862.5-1984.9m (correction: 61.5m)
BLT-01,141577.55,456881.76,1893.9559847140304,16.16163,48.68962,2.418229,1862.4921546961325,1984.8676041666665,122.4,2.032828276097129,tvd_corrected,AH 1924.0-2052.7m → TVD 1862.5-1984.9m (correction: 61.5m)
BLT-01,141577.55,456881.76,1894.0284820182192,16.254479999999997,49.26085,2.411498,1862.4921546961325,1984.8676041666665,122.4,2.032828276097129,tvd_corrected,AH 1924.0-2052.7m → TVD 1862.5-1984.9m (correction: 61.5m)
BLT-01,141577.55,456881.76,1894.100979322408,16.40134,49.78518,2.405527,1862.4921546961325,1984.8676041666665,122.4,2.032828276097129,tvd_corrected,AH 1924.0-2052.7m → TVD 1862.5-1984.9m (correction: 61.5m)
BLT-01,141577.55,456881.76,1894.1734766265965,16.59038,50.13781,2.402268,1862.4921546961325,1984.8676041666665,122.4,2.032828276097129,tvd_corrected,AH 1924.0-2052.7m → TVD 1862.5-1984.9m (correction: 61.5m)
BLT-01,141577.55,456881.76,1894.2459739307853,16.66209,50.11161,2.401642,1862.4921546961325,1984.8676041666665,122.4,2.032828276097129,tvd_corrected,AH 1924.0-2052.7m → TVD 1862.5-1984.9m (correction: 61.5m)
BLT-01,141577.55,456881.76,1894.318471234974,16.63583,49.96716,2.401393,1862.4921546961325,1984.8676041666665,122.4,2.032828276097129,tvd_corrected,AH 1924.0-2052.7m → TVD 1862.5-1984.9m (correction: 61.5m)
BLT-01,141577.55,456881.76,1894.3909685391627,16.50325,49.59131,2.401594,1862.4921546961325,1984.8676041666665,122.4,2.032828276097129,tvd_corrected,AH 1924.0-2052.7m → TVD 1862.5-1984.9m (correction: 61.5m)
BLT-01,141577.55,456881.76,1894.4634658433515,16.2495,48.76678,2.402737,1862.4921546961325,1984.8676041666665,122.4,2.032828276097129,tvd_corrected,AH 1924.0-2052.7m → TVD 1862.5-1984.9m (correction: 61.5m)
BLT-01,141577.55,456881.76,1894.53596314754,16.12819,48.02889,2.405472,1862.4921546961325,1984.8676041666665,122.4,2.032828276097129,tvd_corrected,AH 1924.0-2052.7m → TVD 1862.5-1984.9m (correction: 61.5m)
BLT-01,141577.55,456881.76,1894.608460451729,16.010550000000002,47.50679,2.408934,1862.4921546961325,1984.8676041666665,122.4,2.032828276097129,tvd_corrected,AH 1924.0-2052.7m → TVD 1862.5-1984.9m (correction: 61.5m)
BLT-01,141577.55,456881.76,1894.6809577559175,15.88277,47.15965,2.41301,1862.4921546961325,1984.8676041666665,122.4,2.032828276097129,tvd_corrected,AH 1924.0-2052.7m → TVD 1862.5-1984.9m (correction: 61.5m)
BLT-01,141577.55,456881.76,1894.7534550601063,15.73798,46.94809,2.417473,1862.4921546961325,1984.8676041666665,122.4,2.032828276097129,tvd_corrected,AH 1924.0-2052.7m → TVD 1862.5-1984.9m (correction: 61.5m)
BLT-01,141577.55,456881.76,1894.8259523642948,15.6469,47.13565,2.418776,1862.4921546961325,1984.8676041666665,122.4,2.032828276097129,tvd_corrected,AH 1924.0-2052.7m → TVD 1862.5-1984.9m (correction: 61.5m)
BLT-01,141577.55,456881.76,1894.8984496684836,15.69422,47.71789,2.416977,1862.4921546961325,1984.8676041666665,122.4,2.032828276097129,tvd_corrected,AH 1924.0-2052.7m → TVD 1862.5-1984.9m (correction: 61.5m)
BLT-01,141577.55,456881.76,1894.9709469726724,15.95246,48.67124,2.412706,1862.4921546961325,1984.8676041666665,122.4,2.032828276097129,tvd_corrected,AH 1924.0-2052.7m → TVD 1862.5-1984.9m (correction: 61.5m)
BLT-01,141577.55,456881.76,1895.043444276861,16.44588,49.88653,2.406783,1862.4921546961325,1984.8676041666665,122.4,2.032828276097129,tvd_corrected,AH 1924.0-2052.7m → TVD 1862.5-1984.9m (correction: 61.5m)
BLT-01,141577.55,456881.76,1895.1159415810498,17.01156,50.59837,2.402647,1862.4921546961325,1984.8676041666665,122.4,2.032828276097129,tvd_corrected,AH 1924.0-2052.7m → TVD 1862.5-1984.9m (correction: 61.5m)
BLT-01,141577.55,456881.76,1895.1884388852384,17.391560000000002,50.33791,2.401248,1862.4921546961325,1984.8676041666665,122.4,2.032828276097129,tvd_corrected,AH 1924.0-2052.7m → TVD 1862.5-1984.9m (correction: 61.5m)
BLT-01,141577.55,456881.76,1895.2609361894272,17.672340000000002,49.34264,2.400282,1862.4921546961325,1984.8676041666665,122.4,2.032828276097129,tvd_corrected,AH 1924.0-2052.7m → TVD 1862.5-1984.9m (correction: 61.5m)
BLT-01,141577.55,456881.76,1895.3334334936158,17.87805,47.89547,2.39887,1862.4921546961325,1984.8676041666665,122.4,2.032828276097129,tvd_corrected,AH 1924.0-2052.7m → TVD 1862.5-1984.9m (correction: 61.5m)
BLT-01,141577.55,456881.76,1895.4059307978046,17.9724,46.82153,2.397008,1862.4921546961325,1984.8676041666665,122.4,2.032828276097129,tvd_corrected,AH 1924.0-2052.7m → TVD 1862.5-1984.9m (correction: 61.5m)
BLT-01,141577.55,456881.76,1895.4784281019934,17.808860000000003,46.35438,2.395396,1862.4921546961325,1984.8676041666665,122.4,2.032828276097129,tvd_corrected,AH 1924.0-2052.7m → TVD 1862.5-1984.9m (correction: 61.5m)
BLT-01,141577.55,456881.76,1895.550925406182,17.49807,45.91447,2.39475,1862.4921546961325,1984.8676041666665,122.4,2.032828276097129,tvd_corrected,AH 1924.0-2052.7m → TVD 1862.5-1984.9m (correction: 61.5m)
BLT-01,141577.55,456881.76,1895.6234227103707,17.15825,45.3642,2.395024,1862.4921546961325,1984.8676041666665,122.4,2.032828276097129,tvd_corrected,AH 1924.0-2052.7m → TVD 1862.5-1984.9m (correction: 61.5m)
BLT-01,141577.55,456881.76,1895.6959200145593,17.02273,44.6774,2.395716,1862.4921546961325,1984.8676041666665,122.4,2.032828276097129,tvd_corrected,AH 1924.0-2052.7m → TVD 1862.5-1984.9m (correction: 61.5m)
BLT-01,141577.55,456881.76,1895.768417318748,17.030890000000003,44.33818,2.396614,1862.4921546961325,1984.8676041666665,122.4,2.032828276097129,tvd_corrected,AH 1924.0-2052.7m → TVD 1862.5-1984.9m (correction: 61.5m)
BLT-01,141577.55,456881.76,1895.840914622937,16.8783,44.00686,2.398024,1862.4921546961325,1984.8676041666665,122.4,2.032828276097129,tvd_corrected,AH 1924.0-2052.7m → TVD 1862.5-1984.9m (correction: 61.5m)
BLT-01,141577.55,456881.76,1895.9134119271255,16.62967,43.65993,2.399805,1862.4921546961325,1984.8676041666665,122.4,2.032828276097129,tvd_corrected,AH 1924.0-2052.7m → TVD 1862.5-1984.9m (correction: 61.5m)
BLT-01,141577.55,456881.76,1895.9859092313143,16.43472,43.31814,2.401687,1862.4921546961325,1984.8676041666665,122.4,2.032828276097129,tvd_corrected,AH 1924.0-2052.7m → TVD 1862.5-1984.9m (correction: 61.5m)
BLT-01,141577.55,456881.76,1896.0584065355029,16.284599999999998,43.06829,2.402149,1862.4921546961325,1984.8676041666665,122.4,2.032828276097129,tvd_corrected,AH 1924.0-2052.7m → TVD 1862.5-1984.9m (correction: 61.5m)
BLT-01,141577.55,456881.76,1896.1309038396917,16.24685,43.18993,2.399937,1862.4921546961325,1984.8676041666665,122.4,2.032828276097129,tvd_corrected,AH 1924.0-2052.7m → TVD 1862.5-1984.9m (correction: 61.5m)
BLT-01,141577.55,456881.76,1896.2034011438802,16.28653,43.68192,2.396145,1862.4921546961325,1984.8676041666665,122.4,2.032828276097129,tvd_corrected,AH 1924.0-2052.7m → TVD 1862.5-1984.9m (correction: 61.5m)
BLT-01,141577.55,456881.76,1896.275898448069,16.355249999999998,44.51175,2.392011,1862.4921546961325,1984.8676041666665,122.4,2.032828276097129,tvd_corrected,AH 1924.0-2052.7m → TVD 1862.5-1984.9m (correction: 61.5m)
BLT-01,141577.55,456881.76,1896.3483957522578,16.18229,45.3274,2.390188,1862.4921546961325,1984.8676041666665,122.4,2.032828276097129,tvd_corrected,AH 1924.0-2052.7m → TVD 1862.5-1984.9m (correction: 61.5m)
BLT-01,141577.55,456881.76,1896.4208930564464,16.18165,46.16158,2.39181,1862.4921546961325,1984.8676041666665,122.4,2.032828276097129,tvd_corrected,AH 1924.0-2052.7m → TVD 1862.5-1984.9m (correction: 61.5m)
BLT-01,141577.55,456881.76,1896.4933903606352,16.308139999999998,46.81289,2.395125,1862.4921546961325,1984.8676041666665,122.4,2.032828276097129,tvd_corrected,AH 1924.0-2052.7m → TVD 1862.5-1984.9m (correction: 61.5m)
BLT-01,141577.55,456881.76,1896.5658876648238,16.50632,47.14176,2.398805,1862.4921546961325,1984.8676041666665,122.4,2.032828276097129,tvd_corrected,AH 1924.0-2052.7m → TVD 1862.5-1984.9m (correction: 61.5m)
BLT-01,141577.55,456881.76,1896.6383849690126,16.55828,47.008,2.400853,1862.4921546961325,1984.8676041666665,122.4,2.032828276097129,tvd_corrected,AH 1924.0-2052.7m → TVD 1862.5-1984.9m (correction: 61.5m)
BLT-01,141577.55,456881.76,1896.7108822732012,16.54429,46.78755,2.402249,1862.4921546961325,1984.8676041666665,122.4,2.032828276097129,tvd_corrected,AH 1924.0-2052.7m → TVD 1862.5-1984.9m (correction: 61.5m)
BLT-01,141577.55,456881.76,1896.78337957739,16.528119999999998,46.57281,2.403444,1862.4921546961325,1984.8676041666665,122.4,2.032828276097129,tvd_corrected,AH 1924.0-2052.7m → TVD 1862.5-1984.9m (correction: 61.5m)
BLT-01,141577.55,456881.76,1896.8558768815788,16.54575,46.38108,2.404493,1862.4921546961325,1984.8676041666665,122.4,2.032828276097129,tvd_corrected,AH 1924.0-2052.7m → TVD 1862.5-1984.9m (correction: 61.5m)
BLT-01,141577.55,456881.76,1896.9283741857673,16.64825,46.14153,2.404935,1862.4921546961325,1984.8676041666665,122.4,2.032828276097129,tvd_corrected,AH 1924.0-2052.7m → TVD 1862.5-1984.9m (correction: 61.5m)
BLT-01,141577.55,456881.76,1897.0008714899561,16.86598,45.42837,2.401013,1862.4921546961325,1984.8676041666665,122.4,2.032828276097129,tvd_corrected,AH 1924.0-2052.7m → TVD 1862.5-1984.9m (correction: 61.5m)
BLT-01,141577.55,456881.76,1897.0733687941447,17.07193,44.76023,2.395468,1862.4921546961325,1984.8676041666665,122.4,2.032828276097129,tvd_corrected,AH 1924.0-2052.7m → TVD 1862.5-1984.9m (correction: 61.5m)
BLT-01,141577.55,456881.76,1897.1458660983335,17.20917,44.36914,2.38991,1862.4921546961325,1984.8676041666665,122.4,2.032828276097129,tvd_corrected,AH 1924.0-2052.7m → TVD 1862.5-1984.9m (correction: 61.5m)
BLT-01,141577.55,456881.76,1897.2183634025223,17.20513,44.55034,2.386824,1862.4921546961325,1984.8676041666665,122.4,2.032828276097129,tvd_corrected,AH 1924.0-2052.7m → TVD 1862.5-1984.9m (correction: 61.5m)
BLT-01,141577.55,456881.76,1897.2908607067109,16.7967,45.62878,2.391463,1862.4921546961325,1984.8676041666665,122.4,2.032828276097129,tvd_corrected,AH 1924.0-2052.7m → TVD 1862.5-1984.9m (correction: 61.5m)
BLT-01,141577.55,456881.76,1897.3633580108997,16.39428,46.59352,2.398999,1862.4921546961325,1984.8676041666665,122.4,2.032828276097129,tvd_corrected,AH 1924.0-2052.7m → TVD 1862.5-1984.9m (correction: 61.5m)
BLT-01,141577.55,456881.76,1897.4358553150882,16.07748,47.16389,2.407231,1862.4921546961325,1984.8676041666665,122.4,2.032828276097129,tvd_corrected,AH 1924.0-2052.7m → TVD 1862.5-1984.9m (correction: 61.5m)
BLT-01,141577.55,456881.76,1897.508352619277,15.89894,47.08773,2.413636,1862.4921546961325,1984.8676041666665,122.4,2.032828276097129,tvd_corrected,AH 1924.0-2052.7m → TVD 1862.5-1984.9m (correction: 61.5m)
BLT-01,141577.55,456881.76,1897.5808499234656,15.68668,46.74779,2.415972,1862.4921546961325,1984.8676041666665,122.4,2.032828276097129,tvd_corrected,AH 1924.0-2052.7m → TVD 1862.5-1984.9m (correction: 61.5m)
BLT-01,141577.55,456881.76,1897.6533472276544,15.58321,46.58853,2.415116,1862.4921546961325,1984.8676041666665,122.4,2.032828276097129,tvd_corrected,AH 1924.0-2052.7m → TVD 1862.5-1984.9m (correction: 61.5m)
BLT-01,141577.55,456881.76,1897.7258445318432,15.56788,46.69369,2.411837,1862.4921546961325,1984.8676041666665,122.4,2.032828276097129,tvd_corrected,AH 1924.0-2052.7m → TVD 1862.5-1984.9m (correction: 61.5m)
BLT-01,141577.55,456881.76,1897.7983418360318,15.62936,47.11499,2.406763,1862.4921546961325,1984.8676041666665,122.4,2.032828276097129,tvd_corrected,AH 1924.0-2052.7m → TVD 1862.5-1984.9m (correction: 61.5m)
BLT-01,141577.55,456881.76,1897.8708391402206,16.099520000000002,47.61213,2.396533,1862.4921546961325,1984.8676041666665,122.4,2.032828276097129,tvd_corrected,AH 1924.0-2052.7m → TVD 1862.5-1984.9m (correction: 61.5m)
BLT-01,141577.55,456881.76,1897.9433364444092,16.59441,47.74631,2.386458,1862.4921546961325,1984.8676041666665,122.4,2.032828276097129,tvd_corrected,AH 1924.0-2052.7m → TVD 1862.5-1984.9m (correction: 61.5m)
BLT-01,141577.55,456881.76,1898.015833748598,16.90401,47.56502,2.378106,1862.4921546961325,1984.8676041666665,122.4,2.032828276097129,tvd_corrected,AH 1924.0-2052.7m → TVD 1862.5-1984.9m (correction: 61.5m)
BLT-01,141577.55,456881.76,1898.0883310527865,16.92951,47.13845,2.372457,1862.4921546961325,1984.8676041666665,122.4,2.032828276097129,tvd_corrected,AH 1924.0-2052.7m → TVD 1862.5-1984.9m (correction: 61.5m)
BLT-01,141577.55,456881.76,1898.1608283569753,16.87518,46.77934,2.369881,1862.4921546961325,1984.8676041666665,122.4,2.032828276097129,tvd_corrected,AH 1924.0-2052.7m → TVD 1862.5-1984.9m (correction: 61.5m)
BLT-01,141577.55,456881.76,1898.2333256611641,16.930419999999998,46.8221,2.370687,1862.4921546961325,1984.8676041666665,122.4,2.032828276097129,tvd_corrected,AH 1924.0-2052.7m → TVD 1862.5-1984.9m (correction: 61.5m)
BLT-01,141577.55,456881.76,1898.3058229653527,17.05693,47.06615,2.373156,1862.4921546961325,1984.8676041666665,122.4,2.032828276097129,tvd_corrected,AH 1924.0-2052.7m → TVD 1862.5-1984.9m (correction: 61.5m)
BLT-01,141577.55,456881.76,1898.3783202695415,17.19332,47.34822,2.376691,1862.4921546961325,1984.8676041666665,122.4,2.032828276097129,tvd_corrected,AH 1924.0-2052.7m → TVD 1862.5-1984.9m (correction: 61.5m)
BLT-01,141577.55,456881.76,1898.45081757373,17.14651,47.30033,2.381383,1862.4921546961325,1984.8676041666665,122.4,2.032828276097129,tvd_corrected,AH 1924.0-2052.7m → TVD 1862.5-1984.9m (correction: 61.5m)
BLT-01,141577.55,456881.76,1898.523314877919,16.86023,46.9557,2.386018,1862.4921546961325,1984.8676041666665,122.4,2.032828276097129,tvd_corrected,AH 1924.0-2052.7m → TVD 1862.5-1984.9m (correction: 61.5m)
BLT-01,141577.55,456881.76,1898.5958121821077,16.5704,46.51583,2.390424,1862.4921546961325,1984.8676041666665,122.4,2.032828276097129,tvd_corrected,AH 1924.0-2052.7m → TVD 1862.5-1984.9m (correction: 61.5m)
BLT-01,141577.55,456881.76,1898.6683094862963,16.35284,45.93621,2.395129,1862.4921546961325,1984.8676041666665,122.4,2.032828276097129,tvd_corrected,AH 1924.0-2052.7m → TVD 1862.5-1984.9m (correction: 61.5m)
BLT-01,141577.55,456881.76,1898.740806790485,16.271079999999998,45.01004,2.401477,1862.4921546961325,1984.8676041666665,122.4,2.032828276097129,tvd_corrected,AH 1924.0-2052.7m → TVD 1862.5-1984.9m (correction: 61.5m)
BLT-01,141577.55,456881.76,1898.8133040946736,16.15492,44.21592,2.405573,1862.4921546961325,1984.8676041666665,122.4,2.032828276097129,tvd_corrected,AH 1924.0-2052.7m → TVD 1862.5-1984.9m (correction: 61.5m)
BLT-01,141577.55,456881.76,1898.8858013988624,15.97679,43.84529,2.407819,1862.4921546961325,1984.8676041666665,122.4,2.032828276097129,tvd_corrected,AH 1924.0-2052.7m → TVD 1862.5-1984.9m (correction: 61.5m)
BLT-01,141577.55,456881.76,1898.958298703051,15.70051,43.98256,2.409249,1862.4921546961325,1984.8676041666665,122.4,2.032828276097129,tvd_corrected,AH 1924.0-2052.7m → TVD 1862.5-1984.9m (correction: 61.5m)
BLT-01,141577.55,456881.76,1899.0307960072398,15.27927,44.69841,2.411326,1862.4921546961325,1984.8676041666665,122.4,2.032828276097129,tvd_corrected,AH 1924.0-2052.7m → TVD 1862.5-1984.9m (correction: 61.5m)
BLT-01,141577.55,456881.76,1899.1032933114286,14.93047,45.33064,2.415326,1862.4921546961325,1984.8676041666665,122.4,2.032828276097129,tvd_corrected,AH 1924.0-2052.7m → TVD 1862.5-1984.9m (correction: 61.5m)
BLT-01,141577.55,456881.76,1899.1757906156172,14.67739,45.47681,2.420855,1862.4921546961325,1984.8676041666665,122.4,2.032828276097129,tvd_corrected,AH 1924.0-2052.7m → TVD 1862.5-1984.9m (correction: 61.5m)
BLT-01,141577.55,456881.76,1899.248287919806,14.34991,45.28644,2.429584,1862.4921546961325,1984.8676041666665,122.4,2.032828276097129,tvd_corrected,AH 1924.0-2052.7m → TVD 1862.5-1984.9m (correction: 61.5m)
BLT-01,141577.55,456881.76,1899.3207852239946,13.80062,44.94208,2.44271,1862.4921546961325,1984.8676041666665,122.4,2.032828276097129,tvd_corrected,AH 1924.0-2052.7m → TVD 1862.5-1984.9m (correction: 61.5m)
BLT-01,141577.55,456881.76,1899.3932825281834,13.25233,45.00352,2.453884,1862.4921546961325,1984.8676041666665,122.4,2.032828276097129,tvd_corrected,AH 1924.0-2052.7m → TVD 1862.5-1984.9m (correction: 61.5m)
BLT-01,141577.55,456881.76,1899.465779832372,13.108620000000002,45.50139,2.459178,1862.4921546961325,1984.8676041666665,122.4,2.032828276097129,tvd_corrected,AH 1924.0-2052.7m → TVD 1862.5-1984.9m (correction: 61.5m)
BLT-01,141577.55,456881.76,1899.5382771365607,13.19643,46.25104,2.461048,1862.4921546961325,1984.8676041666665,122.4,2.032828276097129,tvd_corrected,AH 1924.0-2052.7m → TVD 1862.5-1984.9m (correction: 61.5m)
BLT-01,141577.55,456881.76,1899.6107744407495,13.36616,47.05418,2.461128,1862.4921546961325,1984.8676041666665,122.4,2.032828276097129,tvd_corrected,AH 1924.0-2052.7m → TVD 1862.5-1984.9m (correction: 61.5m)
BLT-01,141577.55,456881.76,1899.683271744938,13.26349,47.24092,2.46073,1862.4921546961325,1984.8676041666665,122.4,2.032828276097129,tvd_corrected,AH 1924.0-2052.7m → TVD 1862.5-1984.9m (correction: 61.5m)
BLT-01,141577.55,456881.76,1899.755769049127,13.135,47.03619,2.461277,1862.4921546961325,1984.8676041666665,122.4,2.032828276097129,tvd_corrected,AH 1924.0-2052.7m → TVD 1862.5-1984.9m (correction: 61.5m)
BLT-01,141577.55,456881.76,1899.8282663533155,13.26644,46.61034,2.458553,1862.4921546961325,1984.8676041666665,122.4,2.032828276097129,tvd_corrected,AH 1924.0-2052.7m → TVD 1862.5-1984.9m (correction: 61.5m)
BLT-01,141577.55,456881.76,1899.9007636575043,13.72189,46.12189,2.450968,1862.4921546961325,1984.8676041666665,122.4,2.032828276097129,tvd_corrected,AH 1924.0-2052.7m → TVD 1862.5-1984.9m (correction: 61.5m)
BLT-01,141577.55,456881.76,1899.973260961693,14.35159,45.96014,2.438184,1862.4921546961325,1984.8676041666665,122.4,2.032828276097129,tvd_corrected,AH 1924.0-2052.7m → TVD 1862.5-1984.9m (correction: 61.5m)
BLT-01,141577.55,456881.76,1900.0457582658817,14.91966,46.21552,2.423853,1862.4921546961325,1984.8676041666665,122.4,2.032828276097129,tvd_corrected,AH 1924.0-2052.7m → TVD 1862.5-1984.9m (correction: 61.5m)
BLT-01,141577.55,456881.76,1900.1182555700705,15.435670000000002,46.63884,2.409162,1862.4921546961325,1984.8676041666665,122.4,2.032828276097129,tvd_corrected,AH 1924.0-2052.7m → TVD 1862.5-1984.9m (correction: 61.5m)
BLT-01,141577.55,456881.76,1900.190752874259,15.85297,47.0396,2.396523,1862.4921546961325,1984.8676041666665,122.4,2.032828276097129,tvd_corrected,AH 1924.0-2052.7m → TVD 1862.5-1984.9m (correction: 61.5m)
BLT-01,141577.55,456881.76,1900.2632501784478,16.05789,47.09162,2.391006,1862.4921546961325,1984.8676041666665,122.4,2.032828276097129,tvd_corrected,AH 1924.0-2052.7m → TVD 1862.5-1984.9m (correction: 61.5m)
BLT-01,141577.55,456881.76,1900.3357474826364,16.08005,46.64464,2.393326,1862.4921546961325,1984.8676041666665,122.4,2.032828276097129,tvd_corrected,AH 1924.0-2052.7m → TVD 1862.5-1984.9m (correction: 61.5m)
BLT-01,141577.55,456881.76,1900.4082447868252,15.86145,46.08674,2.39848,1862.4921546961325,1984.8676041666665,122.4,2.032828276097129,tvd_corrected,AH 1924.0-2052.7m → TVD 1862.5-1984.9m (correction: 61.5m)
BLT-01,141577.55,456881.76,1900.480742091014,15.49933,45.60913,2.404987,1862.4921546961325,1984.8676041666665,122.4,2.032828276097129,tvd_corrected,AH 1924.0-2052.7m → TVD 1862.5-1984.9m (correction: 61.5m)
BLT-01,141577.55,456881.76,1900.5532393952026,15.14315,45.42871,2.41141,1862.4921546961325,1984.8676041666665,122.4,2.032828276097129,tvd_corrected,AH 1924.0-2052.7m → TVD 1862.5-1984.9m (correction: 61.5m)
BLT-01,141577.55,456881.76,1900.6257366993914,15.05587,45.51603,2.418426,1862.4921546961325,1984.8676041666665,122.4,2.032828276097129,tvd_corrected,AH 1924.0-2052.7m → TVD 1862.5-1984.9m (correction: 61.5m)
BLT-01,141577.55,456881.76,1900.69823400358,14.90058,45.84303,2.426533,1862.4921546961325,1984.8676041666665,122.4,2.032828276097129,tvd_corrected,AH 1924.0-2052.7m → TVD 1862.5-1984.9m (correction: 61.5m)
BLT-01,141577.55,456881.76,1900.7707313077688,14.7176,46.38952,2.433112,1862.4921546961325,1984.8676041666665,122.4,2.032828276097129,tvd_corrected,AH 1924.0-2052.7m → TVD 1862.5-1984.9m (correction: 61.5m)
BLT-01,141577.55,456881.76,1900.8432286119573,14.573249999999998,47.15076,2.435334,1862.4921546961325,1984.8676041666665,122.4,2.032828276097129,tvd_corrected,AH 1924.0-2052.7m → TVD 1862.5-1984.9m (correction: 61.5m)
BLT-01,141577.55,456881.76,1900.9157259161461,14.93108,48.52031,2.42382,1862.4921546961325,1984.8676041666665,122.4,2.032828276097129,tvd_corrected,AH 1924.0-2052.7m → TVD 1862.5-1984.9m (correction: 61.5m)
BLT-01,141577.55,456881.76,1900.988223220335,15.36793,49.77457,2.413181,1862.4921546961325,1984.8676041666665,122.4,2.032828276097129,tvd_corrected,AH 1924.0-2052.7m → TVD 1862.5-1984.9m (correction: 61.5m)
BLT-01,141577.55,456881.76,1901.0607205245235,15.72013,50.74404,2.406332,1862.4921546961325,1984.8676041666665,122.4,2.032828276097129,tvd_corrected,AH 1924.0-2052.7m → TVD 1862.5-1984.9m (correction: 61.5m)
BLT-01,141577.55,456881.76,1901.1332178287123,15.87787,51.41435,2.405353,1862.4921546961325,1984.8676041666665,122.4,2.032828276097129,tvd_corrected,AH 1924.0-2052.7m → TVD 1862.5-1984.9m (correction: 61.5m)
BLT-01,141577.55,456881.76,1901.2057151329009,15.72499,52.38704,2.413272,1862.4921546961325,1984.8676041666665,122.4,2.032828276097129,tvd_corrected,AH 1924.0-2052.7m → TVD 1862.5-1984.9m (correction: 61.5m)
BLT-01,141577.55,456881.76,1901.2782124370897,15.35672,53.08329,2.422533,1862.4921546961325,1984.8676041666665,122.4,2.032828276097129,tvd_corrected,AH 1924.0-2052.7m → TVD 1862.5-1984.9m (correction: 61.5m)
BLT-01,141577.55,456881.76,1901.3507097412785,14.978830000000002,53.35659,2.429803,1862.4921546961325,1984.8676041666665,122.4,2.032828276097129,tvd_corrected,AH 1924.0-2052.7m → TVD 1862.5-1984.9m (correction: 61.5m)
BLT-01,141577.55,456881.76,1901.423207045467,14.65773,53.18233,2.434065,1862.4921546961325,1984.8676041666665,122.4,2.032828276097129,tvd_corrected,AH 1924.0-2052.7m → TVD 1862.5-1984.9m (correction: 61.5m)
BLT-01,141577.55,456881.76,1901.4957043496559,14.37344,52.66433,2.435876,1862.4921546961325,1984.8676041666665,122.4,2.032828276097129,tvd_corrected,AH 1924.0-2052.7m → TVD 1862.5-1984.9m (correction: 61.5m)
BLT-01,141577.55,456881.76,1901.5682016538444,14.39803,51.65092,2.435092,1862.4921546961325,1984.8676041666665,122.4,2.032828276097129,tvd_corrected,AH 1924.0-2052.7m → TVD 1862.5-1984.9m (correction: 61.5m)
BLT-01,141577.55,456881.76,1901.6406989580332,14.53239,50.63994,2.434329,1862.4921546961325,1984.8676041666665,122.4,2.032828276097129,tvd_corrected,AH 1924.0-2052.7m → TVD 1862.5-1984.9m (correction: 61.5m)
BLT-01,141577.55,456881.76,1901.7131962622218,14.64869,49.73984,2.434377,1862.4921546961325,1984.8676041666665,122.4,2.032828276097129,tvd_corrected,AH 1924.0-2052.7m → TVD 1862.5-1984.9m (correction: 61.5m)
BLT-01,141577.55,456881.76,1901.7856935664106,14.545179999999998,48.97297,2.435864,1862.4921546961325,1984.8676041666665,122.4,2.032828276097129,tvd_corrected,AH 1924.0-2052.7m → TVD 1862.5-1984.9m (correction: 61.5m)
BLT-01,141577.55,456881.76,1901.8581908705994,14.34518,48.26934,2.438251,1862.4921546961325,1984.8676041666665,122.4,2.032828276097129,tvd_corrected,AH 1924.0-2052.7m → TVD 1862.5-1984.9m (correction: 61.5m)
BLT-01,141577.55,456881.76,1901.930688174788,14.214579999999998,47.76045,2.442127,1862.4921546961325,1984.8676041666665,122.4,2.032828276097129,tvd_corrected,AH 1924.0-2052.7m → TVD 1862.5-1984.9m (correction: 61.5m)
BLT-01,141577.55,456881.76,1902.0031854789768,14.12619,47.55683,2.446764,1862.4921546961325,1984.8676041666665,122.4,2.032828276097129,tvd_corrected,AH 1924.0-2052.7m → TVD 1862.5-1984.9m (correction: 61.5m)
BLT-01,141577.55,456881.76,1902.0756827831653,14.01941,47.78912,2.451056,1862.4921546961325,1984.8676041666665,122.4,2.032828276097129,tvd_corrected,AH 1924.0-2052.7m → TVD 1862.5-1984.9m (correction: 61.5m)
BLT-01,141577.55,456881.76,1902.1481800873541,13.98537,48.08492,2.452549,1862.4921546961325,1984.8676041666665,122.4,2.032828276097129,tvd_corrected,AH 1924.0-2052.7m → TVD 1862.5-1984.9m (correction: 61.5m)
BLT-01,141577.55,456881.76,1902.2206773915427,14.05573,48.0268,2.452067,1862.4921546961325,1984.8676041666665,122.4,2.032828276097129,tvd_corrected,AH 1924.0-2052.7m → TVD 1862.5-1984.9m (correction: 61.5m)
BLT-01,141577.55,456881.76,1902.2931746957315,14.31061,47.52695,2.447075,1862.4921546961325,1984.8676041666665,122.4,2.032828276097129,tvd_corrected,AH 1924.0-2052.7m → TVD 1862.5-1984.9m (correction: 61.5m)
BLT-01,141577.55,456881.76,1902.3656719999203,14.81046,46.57238,2.435589,1862.4921546961325,1984.8676041666665,122.4,2.032828276097129,tvd_corrected,AH 1924.0-2052.7m → TVD 1862.5-1984.9m (correction: 61.5m)
BLT-01,141577.55,456881.76,1902.438169304109,15.42995,46.09643,2.421428,1862.4921546961325,1984.8676041666665,122.4,2.032828276097129,tvd_corrected,AH 1924.0-2052.7m → TVD 1862.5-1984.9m (correction: 61.5m)
BLT-01,141577.55,456881.76,1902.5106666082977,16.00036,46.14008,2.409613,1862.4921546961325,1984.8676041666665,122.4,2.032828276097129,tvd_corrected,AH 1924.0-2052.7m → TVD 1862.5-1984.9m (correction: 61.5m)
BLT-01,141577.55,456881.76,1902.5831639124863,16.48544,46.30697,2.399085,1862.4921546961325,1984.8676041666665,122.4,2.032828276097129,tvd_corrected,AH 1924.0-2052.7m → TVD 1862.5-1984.9m (correction: 61.5m)
BLT-01,141577.55,456881.76,1902.655661216675,16.84404,46.35435,2.389789,1862.4921546961325,1984.8676041666665,122.4,2.032828276097129,tvd_corrected,AH 1924.0-2052.7m → TVD 1862.5-1984.9m (correction: 61.5m)
BLT-01,141577.55,456881.76,1902.7281585208639,16.927519999999998,46.14856,2.385607,1862.4921546961325,1984.8676041666665,122.4,2.032828276097129,tvd_corrected,AH 1924.0-2052.7m → TVD 1862.5-1984.9m (correction: 61.5m)
BLT-01,141577.55,456881.76,1902.8006558250524,16.97746,45.99511,2.385461,1862.4921546961325,1984.8676041666665,122.4,2.032828276097129,tvd_corrected,AH 1924.0-2052.7m → TVD 1862.5-1984.9m (correction: 61.5m)
BLT-01,141577.55,456881.76,1902.8731531292412,16.947609999999997,45.95525,2.387373,1862.4921546961325,1984.8676041666665,122.4,2.032828276097129,tvd_corrected,AH 1924.0-2052.7m → TVD 1862.5-1984.9m (correction: 61.5m)
BLT-01,141577.55,456881.76,1902.9456504334298,16.779230000000002,45.99394,2.390628,1862.4921546961325,1984.8676041666665,122.4,2.032828276097129,tvd_corrected,AH 1924.0-2052.7m → TVD 1862.5-1984.9m (correction: 61.5m)
BLT-01,141577.55,456881.76,1903.0181477376186,16.30987,45.89946,2.395067,1862.4921546961325,1984.8676041666665,122.4,2.032828276097129,tvd_corrected,AH 1924.0-2052.7m → TVD 1862.5-1984.9m (correction: 61.5m)
BLT-01,141577.55,456881.76,1903.0906450418072,15.9937,45.7247,2.39918,1862.4921546961325,1984.8676041666665,122.4,2.032828276097129,tvd_corrected,AH 1924.0-2052.7m → TVD 1862.5-1984.9m (correction: 61.5m)
BLT-01,141577.55,456881.76,1903.163142345996,15.78308,45.6245,2.403016,1862.4921546961325,1984.8676041666665,122.4,2.032828276097129,tvd_corrected,AH 1924.0-2052.7m → TVD 1862.5-1984.9m (correction: 61.5m)
BLT-01,141577.55,456881.76,1903.2356396501848,15.59761,45.72159,2.40688,1862.4921546961325,1984.8676041666665,122.4,2.032828276097129,tvd_corrected,AH 1924.0-2052.7m → TVD 1862.5-1984.9m (correction: 61.5m)
BLT-01,141577.55,456881.76,1903.3081369543734,15.27812,46.22404,2.411428,1862.4921546961325,1984.8676041666665,122.4,2.032828276097129,tvd_corrected,AH 1924.0-2052.7m → TVD 1862.5-1984.9m (correction: 61.5m)
BLT-01,141577.55,456881.76,1903.3806342585622,14.80522,46.95984,2.420117,1862.4921546961325,1984.8676041666665,122.4,2.032828276097129,tvd_corrected,AH 1924.0-2052.7m → TVD 1862.5-1984.9m (correction: 61.5m)
BLT-01,141577.55,456881.76,1903.4531315627507,14.5061,47.42234,2.428399,1862.4921546961325,1984.8676041666665,122.4,2.032828276097129,tvd_corrected,AH 1924.0-2052.7m → TVD 1862.5-1984.9m (correction: 61.5m)
BLT-01,141577.55,456881.76,1903.5256288669395,14.391979999999998,47.50496,2.434992,1862.4921546961325,1984.8676041666665,122.4,2.032828276097129,tvd_corrected,AH 1924.0-2052.7m → TVD 1862.5-1984.9m (correction: 61.5m)
BLT-01,141577.55,456881.76,1903.5981261711283,14.43357,47.13308,2.438738,1862.4921546961325,1984.8676041666665,122.4,2.032828276097129,tvd_corrected,AH 1924.0-2052.7m → TVD 1862.5-1984.9m (correction: 61.5m)
BLT-01,141577.55,456881.76,1903.670623475317,14.50919,47.02295,2.442041,1862.4921546961325,1984.8676041666665,122.4,2.032828276097129,tvd_corrected,AH 1924.0-2052.7m → TVD 1862.5-1984.9m (correction: 61.5m)
BLT-01,141577.55,456881.76,1903.7431207795057,14.60468,47.57294,2.445177,1862.4921546961325,1984.8676041666665,122.4,2.032828276097129,tvd_corrected,AH 1924.0-2052.7m → TVD 1862.5-1984.9m (correction: 61.5m)
BLT-01,141577.55,456881.76,1903.8156180836943,14.683370000000002,48.37397,2.447478,1862.4921546961325,1984.8676041666665,122.4,2.032828276097129,tvd_corrected,AH 1924.0-2052.7m → TVD 1862.5-1984.9m (correction: 61.5m)
BLT-01,141577.55,456881.76,1903.888115387883,14.72281,49.00955,2.448204,1862.4921546961325,1984.8676041666665,122.4,2.032828276097129,tvd_corrected,AH 1924.0-2052.7m → TVD 1862.5-1984.9m (correction: 61.5m)
BLT-01,141577.55,456881.76,1903.9606126920717,14.89442,48.71165,2.444322,1862.4921546961325,1984.8676041666665,122.4,2.032828276097129,tvd_corrected,AH 1924.0-2052.7m → TVD 1862.5-1984.9m (correction: 61.5m)
BLT-01,141577.55,456881.76,1904.0331099962605,15.26043,48.07668,2.438314,1862.4921546961325,1984.8676041666665,122.4,2.032828276097129,tvd_corrected,AH 1924.0-2052.7m → TVD 1862.5-1984.9m (correction: 61.5m)
BLT-01,141577.55,456881.76,1904.1056073004493,15.58455,47.20065,2.429967,1862.4921546961325,1984.8676041666665,122.4,2.032828276097129,tvd_corrected,AH 1924.0-2052.7m → TVD 1862.5-1984.9m (correction: 61.5m)
BLT-01,141577.55,456881.76,1904.1781046046378,15.73724,46.21578,2.420152,1862.4921546961325,1984.8676041666665,122.4,2.032828276097129,tvd_corrected,AH 1924.0-2052.7m → TVD 1862.5-1984.9m (correction: 61.5m)
BLT-01,141577.55,456881.76,1904.2506019088266,15.72512,45.66336,2.415637,1862.4921546961325,1984.8676041666665,122.4,2.032828276097129,tvd_corrected,AH 1924.0-2052.7m → TVD 1862.5-1984.9m (correction: 61.5m)
BLT-01,141577.55,456881.76,1904.3230992130152,15.729589999999998,45.77472,2.417613,1862.4921546961325,1984.8676041666665,122.4,2.032828276097129,tvd_corrected,AH 1924.0-2052.7m → TVD 1862.5-1984.9m (correction: 61.5m)
BLT-01,141577.55,456881.76,1904.395596517204,15.50595,46.35154,2.424893,1862.4921546961325,1984.8676041666665,122.4,2.032828276097129,tvd_corrected,AH 1924.0-2052.7m → TVD 1862.5-1984.9m (correction: 61.5m)
BLT-01,141577.55,456881.76,1904.4680938213926,15.02284,47.21319,2.435749,1862.4921546961325,1984.8676041666665,122.4,2.032828276097129,tvd_corrected,AH 1924.0-2052.7m → TVD 1862.5-1984.9m (correction: 61.5m)
BLT-01,141577.55,456881.76,1904.5405911255814,14.46624,47.93491,2.445235,1862.4921546961325,1984.8676041666665,122.4,2.032828276097129,tvd_corrected,AH 1924.0-2052.7m → TVD 1862.5-1984.9m (correction: 61.5m)
BLT-01,141577.55,456881.76,1904.6130884297702,14.23432,48.33356,2.449766,1862.4921546961325,1984.8676041666665,122.4,2.032828276097129,tvd_corrected,AH 1924.0-2052.7m → TVD 1862.5-1984.9m (correction: 61.5m)
BLT-01,141577.55,456881.76,1904.6855857339588,14.11488,48.50583,2.452436,1862.4921546961325,1984.8676041666665,122.4,2.032828276097129,tvd_corrected,AH 1924.0-2052.7m → TVD 1862.5-1984.9m (correction: 61.5m)
BLT-01,141577.55,456881.76,1904.7580830381476,14.10062,48.44909,2.453723,1862.4921546961325,1984.8676041666665,122.4,2.032828276097129,tvd_corrected,AH 1924.0-2052.7m → TVD 1862.5-1984.9m (correction: 61.5m)
BLT-01,141577.55,456881.76,1904.8305803423361,14.2634,48.11727,2.453393,1862.4921546961325,1984.8676041666665,122.4,2.032828276097129,tvd_corrected,AH 1924.0-2052.7m → TVD 1862.5-1984.9m (correction: 61.5m)
BLT-01,141577.55,456881.76,1904.903077646525,14.40226,48.09743,2.452884,1862.4921546961325,1984.8676041666665,122.4,2.032828276097129,tvd_corrected,AH 1924.0-2052.7m → TVD 1862.5-1984.9m (correction: 61.5m)
BLT-01,141577.55,456881.76,1904.9755749507137,14.42572,48.44373,2.454083,1862.4921546961325,1984.8676041666665,122.4,2.032828276097129,tvd_corrected,AH 1924.0-2052.7m → TVD 1862.5-1984.9m (correction: 61.5m)
BLT-01,141577.55,456881.76,1905.0480722549023,14.34416,49.09875,2.45689,1862.4921546961325,1984.8676041666665,122.4,2.032828276097129,tvd_corrected,AH 1924.0-2052.7m → TVD 1862.5-1984.9m (correction: 61.5m)
BLT-01,141577.55,456881.76,1905.120569559091,14.18466,49.97166,2.460908,1862.4921546961325,1984.8676041666665,122.4,2.032828276097129,tvd_corrected,AH 1924.0-2052.7m → TVD 1862.5-1984.9m (correction: 61.5m)
BLT-01,141577.55,456881.76,1905.1930668632797,14.04155,50.77629,2.464289,1862.4921546961325,1984.8676041666665,122.4,2.032828276097129,tvd_corrected,AH 1924.0-2052.7m → TVD 1862.5-1984.9m (correction: 61.5m)
BLT-01,141577.55,456881.76,1905.2655641674685,14.154839999999998,51.09264,2.464497,1862.4921546961325,1984.8676041666665,122.4,2.032828276097129,tvd_corrected,AH 1924.0-2052.7m → TVD 1862.5-1984.9m (correction: 61.5m)
BLT-01,141577.55,456881.76,1905.338061471657,14.398649999999998,51.06633,2.461893,1862.4921546961325,1984.8676041666665,122.4,2.032828276097129,tvd_corrected,AH 1924.0-2052.7m → TVD 1862.5-1984.9m (correction: 61.5m)
BLT-01,141577.55,456881.76,1905.4105587758459,14.65412,50.85337,2.457088,1862.4921546961325,1984.8676041666665,122.4,2.032828276097129,tvd_corrected,AH 1924.0-2052.7m → TVD 1862.5-1984.9m (correction: 61.5m)
BLT-01,141577.55,456881.76,1905.4830560800347,14.86282,50.72966,2.453442,1862.4921546961325,1984.8676041666665,122.4,2.032828276097129,tvd_corrected,AH 1924.0-2052.7m → TVD 1862.5-1984.9m (correction: 61.5m)
BLT-01,141577.55,456881.76,1905.5555533842232,14.91546,50.57574,2.451893,1862.4921546961325,1984.8676041666665,122.4,2.032828276097129,tvd_corrected,AH 1924.0-2052.7m → TVD 1862.5-1984.9m (correction: 61.5m)
BLT-01,141577.55,456881.76,1905.628050688412,14.8303,50.34974,2.45262,1862.4921546961325,1984.8676041666665,122.4,2.032828276097129,tvd_corrected,AH 1924.0-2052.7m → TVD 1862.5-1984.9m (correction: 61.5m)
BLT-01,141577.55,456881.76,1905.7005479926006,14.63759,50.02747,2.455605,1862.4921546961325,1984.8676041666665,122.4,2.032828276097129,tvd_corrected,AH 1924.0-2052.7m → TVD 1862.5-1984.9m (correction: 61.5m)
BLT-01,141577.55,456881.76,1905.7730452967894,14.471800000000002,49.59815,2.460101,1862.4921546961325,1984.8676041666665,122.4,2.032828276097129,tvd_corrected,AH 1924.0-2052.7m → TVD 1862.5-1984.9m (correction: 61.5m)
BLT-01,141577.55,456881.76,1905.8455426009782,14.47975,49.28236,2.463284,1862.4921546961325,1984.8676041666665,122.4,2.032828276097129,tvd_corrected,AH 1924.0-2052.7m → TVD 1862.5-1984.9m (correction: 61.5m)
BLT-01,141577.55,456881.76,1905.9180399051668,14.67041,49.39259,2.464167,1862.4921546961325,1984.8676041666665,122.4,2.032828276097129,tvd_corrected,AH 1924.0-2052.7m → TVD 1862.5-1984.9m (correction: 61.5m)
BLT-01,141577.55,456881.76,1905.9905372093556,14.99141,49.9401,2.462289,1862.4921546961325,1984.8676041666665,122.4,2.032828276097129,tvd_corrected,AH 1924.0-2052.7m → TVD 1862.5-1984.9m (correction: 61.5m)
BLT-01,141577.55,456881.76,1906.0630345135442,15.24271,50.59702,2.457148,1862.4921546961325,1984.8676041666665,122.4,2.032828276097129,tvd_corrected,AH 1924.0-2052.7m → TVD 1862.5-1984.9m (correction: 61.5m)
BLT-01,141577.55,456881.76,1906.135531817733,15.34397,50.80903,2.451375,1862.4921546961325,1984.8676041666665,122.4,2.032828276097129,tvd_corrected,AH 1924.0-2052.7m → TVD 1862.5-1984.9m (correction: 61.5m)
BLT-01,141577.55,456881.76,1906.2080291219215,15.44573,50.54508,2.444955,1862.4921546961325,1984.8676041666665,122.4,2.032828276097129,tvd_corrected,AH 1924.0-2052.7m → TVD 1862.5-1984.9m (correction: 61.5m)
BLT-01,141577.55,456881.76,1906.2805264261103,15.53225,49.9799,2.438668,1862.4921546961325,1984.8676041666665,122.4,2.032828276097129,tvd_corrected,AH 1924.0-2052.7m → TVD 1862.5-1984.9m (correction: 61.5m)
BLT-01,141577.55,456881.76,1906.3530237302991,15.51054,49.50011,2.434186,1862.4921546961325,1984.8676041666665,122.4,2.032828276097129,tvd_corrected,AH 1924.0-2052.7m → TVD 1862.5-1984.9m (correction: 61.5m)
BLT-01,141577.55,456881.76,1906.4255210344877,15.60893,49.69038,2.43186,1862.4921546961325,1984.8676041666665,122.4,2.032828276097129,tvd_corrected,AH 1924.0-2052.7m → TVD 1862.5-1984.9m (correction: 61.5m)
BLT-01,141577.55,456881.76,1906.4980183386765,15.70926,50.1185,2.428763,1862.4921546961325,1984.8676041666665,122.4,2.032828276097129,tvd_corrected,AH 1924.0-2052.7m → TVD 1862.5-1984.9m (correction: 61.5m)
BLT-01,141577.55,456881.76,1906.570515642865,15.838269999999998,50.60467,2.423877,1862.4921546961325,1984.8676041666665,122.4,2.032828276097129,tvd_corrected,AH 1924.0-2052.7m → TVD 1862.5-1984.9m (correction: 61.5m)
BLT-01,141577.55,456881.76,1906.6430129470539,16.04323,50.95818,2.416228,1862.4921546961325,1984.8676041666665,122.4,2.032828276097129,tvd_corrected,AH 1924.0-2052.7m → TVD 1862.5-1984.9m (correction: 61.5m)
BLT-01,141577.55,456881.76,1906.7155102512424,16.450580000000002,50.74181,2.410152,1862.4921546961325,1984.8676041666665,122.4,2.032828276097129,tvd_corrected,AH 1924.0-2052.7m → TVD 1862.5-1984.9m (correction: 61.5m)
BLT-01,141577.55,456881.76,1906.7880075554312,16.69304,50.33102,2.406593,1862.4921546961325,1984.8676041666665,122.4,2.032828276097129,tvd_corrected,AH 1924.0-2052.7m → TVD 1862.5-1984.9m (correction: 61.5m)
BLT-01,141577.55,456881.76,1906.86050485962,16.80872,49.88102,2.404737,1862.4921546961325,1984.8676041666665,122.4,2.032828276097129,tvd_corrected,AH 1924.0-2052.7m → TVD 1862.5-1984.9m (correction: 61.5m)
BLT-01,141577.55,456881.76,1906.9330021638086,16.8406,49.51366,2.403904,1862.4921546961325,1984.8676041666665,122.4,2.032828276097129,tvd_corrected,AH 1924.0-2052.7m → TVD 1862.5-1984.9m (correction: 61.5m)
BLT-01,141577.55,456881.76,1907.0054994679974,16.86037,49.07666,2.405233,1862.4921546961325,1984.8676041666665,122.4,2.032828276097129,tvd_corrected,AH 1924.0-2052.7m → TVD 1862.5-1984.9m (correction: 61.5m)
BLT-01,141577.55,456881.76,1907.077996772186,16.83392,48.63871,2.40774,1862.4921546961325,1984.8676041666665,122.4,2.032828276097129,tvd_corrected,AH 1924.0-2052.7m → TVD 1862.5-1984.9m (correction: 61.5m)
BLT-01,141577.55,456881.76,1907.1504940763748,16.77685,48.19736,2.410565,1862.4921546961325,1984.8676041666665,122.4,2.032828276097129,tvd_corrected,AH 1924.0-2052.7m → TVD 1862.5-1984.9m (correction: 61.5m)
BLT-01,141577.55,456881.76,1907.2229913805636,16.72814,47.74215,2.413075,1862.4921546961325,1984.8676041666665,122.4,2.032828276097129,tvd_corrected,AH 1924.0-2052.7m → TVD 1862.5-1984.9m (correction: 61.5m)
BLT-01,141577.55,456881.76,1907.2954886847522,16.88657,47.21351,2.414121,1862.4921546961325,1984.8676041666665,122.4,2.032828276097129,tvd_corrected,AH 1924.0-2052.7m → TVD 1862.5-1984.9m (correction: 61.5m)
BLT-01,141577.55,456881.76,1907.367985988941,16.92744,46.5155,2.413551,1862.4921546961325,1984.8676041666665,122.4,2.032828276097129,tvd_corrected,AH 1924.0-2052.7m → TVD 1862.5-1984.9m (correction: 61.5m)
BLT-01,141577.55,456881.76,1907.4404832931295,16.83098,45.89207,2.412231,1862.4921546961325,1984.8676041666665,122.4,2.032828276097129,tvd_corrected,AH 1924.0-2052.7m → TVD 1862.5-1984.9m (correction: 61.5m)
BLT-01,141577.55,456881.76,1907.5129805973183,16.63716,45.46538,2.410628,1862.4921546961325,1984.8676041666665,122.4,2.032828276097129,tvd_corrected,AH 1924.0-2052.7m → TVD 1862.5-1984.9m (correction: 61.5m)
BLT-01,141577.55,456881.76,1907.585477901507,16.50956,45.39229,2.409417,1862.4921546961325,1984.8676041666665,122.4,2.032828276097129,tvd_corrected,AH 1924.0-2052.7m → TVD 1862.5-1984.9m (correction: 61.5m)
BLT-01,141577.55,456881.76,1907.6579752056957,16.45826,45.43808,2.407905,1862.4921546961325,1984.8676041666665,122.4,2.032828276097129,tvd_corrected,AH 1924.0-2052.7m → TVD 1862.5-1984.9m (correction: 61.5m)
BLT-01,141577.55,456881.76,1907.7304725098845,16.54563,46.04353,2.406237,1862.4921546961325,1984.8676041666665,122.4,2.032828276097129,tvd_corrected,AH 1924.0-2052.7m → TVD 1862.5-1984.9m (correction: 61.5m)
BLT-01,141577.55,456881.76,1907.802969814073,16.70659,47.15446,2.404486,1862.4921546961325,1984.8676041666665,122.4,2.032828276097129,tvd_corrected,AH 1924.0-2052.7m → TVD 1862.5-1984.9m (correction: 61.5m)
BLT-01,141577.55,456881.76,1907.875467118262,16.78108,48.4922,2.402751,1862.4921546961325,1984.8676041666665,122.4,2.032828276097129,tvd_corrected,AH 1924.0-2052.7m → TVD 1862.5-1984.9m (correction: 61.5m)
BLT-01,141577.55,456881.76,1907.9479644224505,16.69927,49.32804,2.401385,1862.4921546961325,1984.8676041666665,122.4,2.032828276097129,tvd_corrected,AH 1924.0-2052.7m → TVD 1862.5-1984.9m (correction: 61.5m)
BLT-01,141577.55,456881.76,1908.0204617266393,16.67711,49.61399,2.399692,1862.4921546961325,1984.8676041666665,122.4,2.032828276097129,tvd_corrected,AH 1924.0-2052.7m → TVD 1862.5-1984.9m (correction: 61.5m)
BLT-01,141577.55,456881.76,1908.0929590308278,16.67066,49.38033,2.398211,1862.4921546961325,1984.8676041666665,122.4,2.032828276097129,tvd_corrected,AH 1924.0-2052.7m → TVD 1862.5-1984.9m (correction: 61.5m)
BLT-01,141577.55,456881.76,1908.1654563350166,16.6008,48.68562,2.397704,1862.4921546961325,1984.8676041666665,122.4,2.032828276097129,tvd_corrected,AH 1924.0-2052.7m → TVD 1862.5-1984.9m (correction: 61.5m)
BLT-01,141577.55,456881.76,1908.2379536392054,16.4919,47.96853,2.399457,1862.4921546961325,1984.8676041666665,122.4,2.032828276097129,tvd_corrected,AH 1924.0-2052.7m → TVD 1862.5-1984.9m (correction: 61.5m)
BLT-01,141577.55,456881.76,1908.310450943394,16.355800000000002,47.39757,2.401875,1862.4921546961325,1984.8676041666665,122.4,2.032828276097129,tvd_corrected,AH 1924.0-2052.7m → TVD 1862.5-1984.9m (correction: 61.5m)
BLT-01,141577.55,456881.76,1908.3829482475828,16.132089999999998,46.87021,2.405715,1862.4921546961325,1984.8676041666665,122.4,2.032828276097129,tvd_corrected,AH 1924.0-2052.7m → TVD 1862.5-1984.9m (correction: 61.5m)
BLT-01,141577.55,456881.76,1908.4554455517714,15.78248,46.30591,2.411454,1862.4921546961325,1984.8676041666665,122.4,2.032828276097129,tvd_corrected,AH 1924.0-2052.7m → TVD 1862.5-1984.9m (correction: 61.5m)
BLT-01,141577.55,456881.76,1908.5279428559602,15.46534,45.82221,2.417054,1862.4921546961325,1984.8676041666665,122.4,2.032828276097129,tvd_corrected,AH 1924.0-2052.7m → TVD 1862.5-1984.9m (correction: 61.5m)
BLT-01,141577.55,456881.76,1908.600440160149,15.15928,45.11789,2.421978,1862.4921546961325,1984.8676041666665,122.4,2.032828276097129,tvd_corrected,AH 1924.0-2052.7m → TVD 1862.5-1984.9m (correction: 61.5m)
BLT-01,141577.55,456881.76,1908.6729374643376,14.916289999999998,44.33814,2.427212,1862.4921546961325,1984.8676041666665,122.4,2.032828276097129,tvd_corrected,AH 1924.0-2052.7m → TVD 1862.5-1984.9m (correction: 61.5m)
BLT-01,141577.55,456881.76,1908.7454347685264,14.7915,43.63356,2.432835,1862.4921546961325,1984.8676041666665,122.4,2.032828276097129,tvd_corrected,AH 1924.0-2052.7m → TVD 1862.5-1984.9m (correction: 61.5m)
BLT-01,141577.55,456881.76,1908.817932072715,14.96259,43.47744,2.436146,1862.4921546961325,1984.8676041666665,122.4,2.032828276097129,tvd_corrected,AH 1924.0-2052.7m → TVD 1862.5-1984.9m (correction: 61.5m)
BLT-01,141577.55,456881.76,1908.8904293769037,15.22373,43.71275,2.436436,1862.4921546961325,1984.8676041666665,122.4,2.032828276097129,tvd_corrected,AH 1924.0-2052.7m → TVD 1862.5-1984.9m (correction: 61.5m)
BLT-01,141577.55,456881.76,1908.9629266810923,15.39259,43.992,2.435274,1862.4921546961325,1984.8676041666665,122.4,2.032828276097129,tvd_corrected,AH 1924.0-2052.7m → TVD 1862.5-1984.9m (correction: 61.5m)
BLT-01,141577.55,456881.76,1909.035423985281,15.378710000000002,44.116,2.433639,1862.4921546961325,1984.8676041666665,122.4,2.032828276097129,tvd_corrected,AH 1924.0-2052.7m → TVD 1862.5-1984.9m (correction: 61.5m)
BLT-01,141577.55,456881.76,1909.10792128947,15.06598,43.77069,2.433225,1862.4921546961325,1984.8676041666665,122.4,2.032828276097129,tvd_corrected,AH 1924.0-2052.7m → TVD 1862.5-1984.9m (correction: 61.5m)
BLT-01,141577.55,456881.76,1909.1804185936585,14.77533,43.30887,2.435783,1862.4921546961325,1984.8676041666665,122.4,2.032828276097129,tvd_corrected,AH 1924.0-2052.7m → TVD 1862.5-1984.9m (correction: 61.5m)
BLT-01,141577.55,456881.76,1909.2529158978473,14.56201,42.87096,2.440428,1862.4921546961325,1984.8676041666665,122.4,2.032828276097129,tvd_corrected,AH 1924.0-2052.7m → TVD 1862.5-1984.9m (correction: 61.5m)
BLT-01,141577.55,456881.76,1909.3254132020359,14.27138,42.56186,2.4474,1862.4921546961325,1984.8676041666665,122.4,2.032828276097129,tvd_corrected,AH 1924.0-2052.7m → TVD 1862.5-1984.9m (correction: 61.5m)
BLT-01,141577.55,456881.76,1909.3979105062247,13.56541,42.54732,2.457517,1862.4921546961325,1984.8676041666665,122.4,2.032828276097129,tvd_corrected,AH 1924.0-2052.7m → TVD 1862.5-1984.9m (correction: 61.5m)
BLT-01,141577.55,456881.76,1909.4704078104132,12.84728,43.14102,2.464692,1862.4921546961325,1984.8676041666665,122.4,2.032828276097129,tvd_corrected,AH 1924.0-2052.7m → TVD 1862.5-1984.9m (correction: 61.5m)
BLT-01,141577.55,456881.76,1909.542905114602,12.51039,44.0814,2.468328,1862.4921546961325,1984.8676041666665,122.4,2.032828276097129,tvd_corrected,AH 1924.0-2052.7m → TVD 1862.5-1984.9m (correction: 61.5m)
BLT-01,141577.55,456881.76,1909.6154024187908,12.50027,45.29951,2.469121,1862.4921546961325,1984.8676041666665,122.4,2.032828276097129,tvd_corrected,AH 1924.0-2052.7m → TVD 1862.5-1984.9m (correction: 61.5m)
BLT-01,141577.55,456881.76,1909.6878997229794,12.70062,46.72504,2.468092,1862.4921546961325,1984.8676041666665,122.4,2.032828276097129,tvd_corrected,AH 1924.0-2052.7m → TVD 1862.5-1984.9m (correction: 61.5m)
BLT-01,141577.55,456881.76,1909.7603970271682,13.23437,48.18757,2.461339,1862.4921546961325,1984.8676041666665,122.4,2.032828276097129,tvd_corrected,AH 1924.0-2052.7m → TVD 1862.5-1984.9m (correction: 61.5m)
BLT-01,141577.55,456881.76,1909.8328943313568,13.75767,49.25157,2.453721,1862.4921546961325,1984.8676041666665,122.4,2.032828276097129,tvd_corrected,AH 1924.0-2052.7m → TVD 1862.5-1984.9m (correction: 61.5m)
BLT-01,141577.55,456881.76,1909.9053916355456,14.17579,49.8967,2.446902,1862.4921546961325,1984.8676041666665,122.4,2.032828276097129,tvd_corrected,AH 1924.0-2052.7m → TVD 1862.5-1984.9m (correction: 61.5m)
BLT-01,141577.55,456881.76,1909.9778889397344,14.42515,50.18425,2.442207,1862.4921546961325,1984.8676041666665,122.4,2.032828276097129,tvd_corrected,AH 1924.0-2052.7m → TVD 1862.5-1984.9m (correction: 61.5m)
BLT-01,141577.55,456881.76,1910.050386243923,14.66908,51.08283,2.439378,1862.4921546961325,1984.8676041666665,122.4,2.032828276097129,tvd_corrected,AH 1924.0-2052.7m → TVD 1862.5-1984.9m (correction: 61.5m)
BLT-01,141577.55,456881.76,1910.1228835481118,14.8973,51.92062,2.437537,1862.4921546961325,1984.8676041666665,122.4,2.032828276097129,tvd_corrected,AH 1924.0-2052.7m → TVD 1862.5-1984.9m (correction: 61.5m)
BLT-01,141577.55,456881.76,1910.1953808523003,15.08811,52.4054,2.43606,1862.4921546961325,1984.8676041666665,122.4,2.032828276097129,tvd_corrected,AH 1924.0-2052.7m → TVD 1862.5-1984.9m (correction: 61.5m)
BLT-01,141577.55,456881.76,1910.2678781564891,15.22873,52.38778,2.434529,1862.4921546961325,1984.8676041666665,122.4,2.032828276097129,tvd_corrected,AH 1924.0-2052.7m → TVD 1862.5-1984.9m (correction: 61.5m)
BLT-01,141577.55,456881.76,1910.3403754606777,15.308559999999998,51.86282,2.432343,1862.4921546961325,1984.8676041666665,122.4,2.032828276097129,tvd_corrected,AH 1924.0-2052.7m → TVD 1862.5-1984.9m (correction: 61.5m)
BLT-01,141577.55,456881.76,1910.4128727648665,15.1926,51.02638,2.431845,1862.4921546961325,1984.8676041666665,122.4,2.032828276097129,tvd_corrected,AH 1924.0-2052.7m → TVD 1862.5-1984.9m (correction: 61.5m)
BLT-01,141577.55,456881.76,1910.4853700690553,15.06798,50.36377,2.433103,1862.4921546961325,1984.8676041666665,122.4,2.032828276097129,tvd_corrected,AH 1924.0-2052.7m → TVD 1862.5-1984.9m (correction: 61.5m)
BLT-01,141577.55,456881.76,1910.5578673732439,15.0057,50.06905,2.43611,1862.4921546961325,1984.8676041666665,122.4,2.032828276097129,tvd_corrected,AH 1924.0-2052.7m → TVD 1862.5-1984.9m (correction: 61.5m)
BLT-01,141577.55,456881.76,1910.6303646774327,15.05313,50.29816,2.440772,1862.4921546961325,1984.8676041666665,122.4,2.032828276097129,tvd_corrected,AH 1924.0-2052.7m → TVD 1862.5-1984.9m (correction: 61.5m)
BLT-01,141577.55,456881.76,1910.7028619816213,15.08166,50.56561,2.444835,1862.4921546961325,1984.8676041666665,122.4,2.032828276097129,tvd_corrected,AH 1924.0-2052.7m → TVD 1862.5-1984.9m (correction: 61.5m)
BLT-01,141577.55,456881.76,1910.77535928581,15.15717,50.70594,2.44649,1862.4921546961325,1984.8676041666665,122.4,2.032828276097129,tvd_corrected,AH 1924.0-2052.7m → TVD 1862.5-1984.9m (correction: 61.5m)
BLT-01,141577.55,456881.76,1910.8478565899986,15.29664,50.68673,2.44544,1862.4921546961325,1984.8676041666665,122.4,2.032828276097129,tvd_corrected,AH 1924.0-2052.7m → TVD 1862.5-1984.9m (correction: 61.5m)
BLT-01,141577.55,456881.76,1910.9203538941874,15.51181,50.49904,2.441705,1862.4921546961325,1984.8676041666665,122.4,2.032828276097129,tvd_corrected,AH 1924.0-2052.7m → TVD 1862.5-1984.9m (correction: 61.5m)
BLT-01,141577.55,456881.76,1910.9928511983762,15.710260000000002,50.18211,2.437942,1862.4921546961325,1984.8676041666665,122.4,2.032828276097129,tvd_corrected,AH 1924.0-2052.7m → TVD 1862.5-1984.9m (correction: 61.5m)
BLT-01,141577.55,456881.76,1911.0653485025648,15.79253,49.75475,2.435448,1862.4921546961325,1984.8676041666665,122.4,2.032828276097129,tvd_corrected,AH 1924.0-2052.7m → TVD 1862.5-1984.9m (correction: 61.5m)
BLT-01,141577.55,456881.76,1911.1378458067536,15.75913,49.40331,2.43421,1862.4921546961325,1984.8676041666665,122.4,2.032828276097129,tvd_corrected,AH 1924.0-2052.7m → TVD 1862.5-1984.9m (correction: 61.5m)
BLT-01,141577.55,456881.76,1911.2103431109422,15.62334,49.35417,2.434052,1862.4921546961325,1984.8676041666665,122.4,2.032828276097129,tvd_corrected,AH 1924.0-2052.7m → TVD 1862.5-1984.9m (correction: 61.5m)
BLT-01,141577.55,456881.76,1911.282840415131,15.43779,49.87348,2.433381,1862.4921546961325,1984.8676041666665,122.4,2.032828276097129,tvd_corrected,AH 1924.0-2052.7m → TVD 1862.5-1984.9m (correction: 61.5m)
BLT-01,141577.55,456881.76,1911.3553377193198,15.38849,50.88482,2.432166,1862.4921546961325,1984.8676041666665,122.4,2.032828276097129,tvd_corrected,AH 1924.0-2052.7m → TVD 1862.5-1984.9m (correction: 61.5m)
BLT-01,141577.55,456881.76,1911.4278350235084,15.43766,52.0166,2.431222,1862.4921546961325,1984.8676041666665,122.4,2.032828276097129,tvd_corrected,AH 1924.0-2052.7m → TVD 1862.5-1984.9m (correction: 61.5m)
BLT-01,141577.55,456881.76,1911.5003323276972,15.55003,52.9317,2.431281,1862.4921546961325,1984.8676041666665,122.4,2.032828276097129,tvd_corrected,AH 1924.0-2052.7m → TVD 1862.5-1984.9m (correction: 61.5m)
BLT-01,141577.55,456881.76,1911.5728296318857,15.69847,53.18087,2.433439,1862.4921546961325,1984.8676041666665,122.4,2.032828276097129,tvd_corrected,AH 1924.0-2052.7m → TVD 1862.5-1984.9m (correction: 61.5m)
BLT-01,141577.55,456881.76,1911.6453269360745,15.764919999999998,53.13703,2.435543,1862.4921546961325,1984.8676041666665,122.4,2.032828276097129,tvd_corrected,AH 1924.0-2052.7m → TVD 1862.5-1984.9m (correction: 61.5m)
BLT-01,141577.55,456881.76,1911.717824240263,15.76921,52.59299,2.437109,1862.4921546961325,1984.8676041666665,122.4,2.032828276097129,tvd_corrected,AH 1924.0-2052.7m → TVD 1862.5-1984.9m (correction: 61.5m)
BLT-01,141577.55,456881.76,1911.790321544452,15.73636,51.52773,2.437824,1862.4921546961325,1984.8676041666665,122.4,2.032828276097129,tvd_corrected,AH 1924.0-2052.7m → TVD 1862.5-1984.9m (correction: 61.5m)
BLT-01,141577.55,456881.76,1911.8628188486407,15.75654,50.43114,2.437239,1862.4921546961325,1984.8676041666665,122.4,2.032828276097129,tvd_corrected,AH 1924.0-2052.7m → TVD 1862.5-1984.9m (correction: 61.5m)
BLT-01,141577.55,456881.76,1911.9353161528293,15.78261,49.89603,2.436354,1862.4921546961325,1984.8676041666665,122.4,2.032828276097129,tvd_corrected,AH 1924.0-2052.7m → TVD 1862.5-1984.9m (correction: 61.5m)
BLT-01,141577.55,456881.76,1912.007813457018,15.77539,49.86296,2.434411,1862.4921546961325,1984.8676041666665,122.4,2.032828276097129,tvd_corrected,AH 1924.0-2052.7m → TVD 1862.5-1984.9m (correction: 61.5m)
BLT-01,141577.55,456881.76,1912.0803107612066,15.71924,50.23915,2.43149,1862.4921546961325,1984.8676041666665,122.4,2.032828276097129,tvd_corrected,AH 1924.0-2052.7m → TVD 1862.5-1984.9m (correction: 61.5m)
BLT-01,141577.55,456881.76,1912.1528080653954,15.60119,50.77687,2.428604,1862.4921546961325,1984.8676041666665,122.4,2.032828276097129,tvd_corrected,AH 1924.0-2052.7m → TVD 1862.5-1984.9m (correction: 61.5m)
BLT-01,141577.55,456881.76,1912.225305369584,15.39571,50.90057,2.427493,1862.4921546961325,1984.8676041666665,122.4,2.032828276097129,tvd_corrected,AH 1924.0-2052.7m → TVD 1862.5-1984.9m (correction: 61.5m)
BLT-01,141577.55,456881.76,1912.2978026737728,15.18063,50.83508,2.427795,1862.4921546961325,1984.8676041666665,122.4,2.032828276097129,tvd_corrected,AH 1924.0-2052.7m → TVD 1862.5-1984.9m (correction: 61.5m)
BLT-01,141577.55,456881.76,1912.3702999779616,14.92651,50.56543,2.43017,1862.4921546961325,1984.8676041666665,122.4,2.032828276097129,tvd_corrected,AH 1924.0-2052.7m → TVD 1862.5-1984.9m (correction: 61.5m)
BLT-01,141577.55,456881.76,1912.4427972821502,14.54993,49.98932,2.436028,1862.4921546961325,1984.8676041666665,122.4,2.032828276097129,tvd_corrected,AH 1924.0-2052.7m → TVD 1862.5-1984.9m (correction: 61.5m)
BLT-01,141577.55,456881.76,1912.515294586339,14.17774,49.48813,2.441586,1862.4921546961325,1984.8676041666665,122.4,2.032828276097129,tvd_corrected,AH 1924.0-2052.7m → TVD 1862.5-1984.9m (correction: 61.5m)
BLT-01,141577.55,456881.76,1912.5877918905276,14.012150000000002,49.23901,2.44479,1862.4921546961325,1984.8676041666665,122.4,2.032828276097129,tvd_corrected,AH 1924.0-2052.7m → TVD 1862.5-1984.9m (correction: 61.5m)
BLT-01,141577.55,456881.76,1912.6602891947164,14.086190000000002,49.28152,2.445589,1862.4921546961325,1984.8676041666665,122.4,2.032828276097129,tvd_corrected,AH 1924.0-2052.7m → TVD 1862.5-1984.9m (correction: 61.5m)
BLT-01,141577.55,456881.76,1912.7327864989052,14.41489,49.63907,2.444177,1862.4921546961325,1984.8676041666665,122.4,2.032828276097129,tvd_corrected,AH 1924.0-2052.7m → TVD 1862.5-1984.9m (correction: 61.5m)
BLT-01,141577.55,456881.76,1912.8052838030937,14.78005,50.09108,2.442679,1862.4921546961325,1984.8676041666665,122.4,2.032828276097129,tvd_corrected,AH 1924.0-2052.7m → TVD 1862.5-1984.9m (correction: 61.5m)
BLT-01,141577.55,456881.76,1912.8777811072825,15.12049,50.33148,2.44284,1862.4921546961325,1984.8676041666665,122.4,2.032828276097129,tvd_corrected,AH 1924.0-2052.7m → TVD 1862.5-1984.9m (correction: 61.5m)
BLT-01,141577.55,456881.76,1912.9502784114711,15.39113,50.3298,2.444488,1862.4921546961325,1984.8676041666665,122.4,2.032828276097129,tvd_corrected,AH 1924.0-2052.7m → TVD 1862.5-1984.9m (correction: 61.5m)
BLT-01,141577.55,456881.76,1913.02277571566,15.53722,50.0477,2.447409,1862.4921546961325,1984.8676041666665,122.4,2.032828276097129,tvd_corrected,AH 1924.0-2052.7m → TVD 1862.5-1984.9m (correction: 61.5m)
BLT-01,141577.55,456881.76,1913.0952730198485,15.28466,49.21962,2.451013,1862.4921546961325,1984.8676041666665,122.4,2.032828276097129,tvd_corrected,AH 1924.0-2052.7m → TVD 1862.5-1984.9m (correction: 61.5m)
BLT-01,141577.55,456881.76,1913.1677703240373,14.84369,48.65216,2.453457,1862.4921546961325,1984.8676041666665,122.4,2.032828276097129,tvd_corrected,AH 1924.0-2052.7m → TVD 1862.5-1984.9m (correction: 61.5m)
BLT-01,141577.55,456881.76,1913.240267628226,14.33336,48.50142,2.454942,1862.4921546961325,1984.8676041666665,122.4,2.032828276097129,tvd_corrected,AH 1924.0-2052.7m → TVD 1862.5-1984.9m (correction: 61.5m)
BLT-01,141577.55,456881.76,1913.3127649324147,13.82923,48.83603,2.455951,1862.4921546961325,1984.8676041666665,122.4,2.032828276097129,tvd_corrected,AH 1924.0-2052.7m → TVD 1862.5-1984.9m (correction: 61.5m)
BLT-01,141577.55,456881.76,1913.3852622366035,13.4322,49.61152,2.458715,1862.4921546961325,1984.8676041666665,122.4,2.032828276097129,tvd_corrected,AH 1924.0-2052.7m → TVD 1862.5-1984.9m (correction: 61.5m)
BLT-01,141577.55,456881.76,1913.457759540792,13.37303,49.99144,2.46115,1862.4921546961325,1984.8676041666665,122.4,2.032828276097129,tvd_corrected,AH 1924.0-2052.7m → TVD 1862.5-1984.9m (correction: 61.5m)
BLT-01,141577.55,456881.76,1913.5302568449808,13.48557,49.92305,2.462043,1862.4921546961325,1984.8676041666665,122.4,2.032828276097129,tvd_corrected,AH 1924.0-2052.7m → TVD 1862.5-1984.9m (correction: 61.5m)
BLT-01,141577.55,456881.76,1913.6027541491694,13.678399999999998,49.47491,2.460929,1862.4921546961325,1984.8676041666665,122.4,2.032828276097129,tvd_corrected,AH 1924.0-2052.7m → TVD 1862.5-1984.9m (correction: 61.5m)
BLT-01,141577.55,456881.76,1913.6752514533582,13.812740000000002,48.91773,2.45745,1862.4921546961325,1984.8676041666665,122.4,2.032828276097129,tvd_corrected,AH 1924.0-2052.7m → TVD 1862.5-1984.9m (correction: 61.5m)
BLT-01,141577.55,456881.76,1913.747748757547,13.99895,48.24965,2.44955,1862.4921546961325,1984.8676041666665,122.4,2.032828276097129,tvd_corrected,AH 1924.0-2052.7m → TVD 1862.5-1984.9m (correction: 61.5m)
BLT-01,141577.55,456881.76,1913.8202460617356,14.21319,47.65979,2.442263,1862.4921546961325,1984.8676041666665,122.4,2.032828276097129,tvd_corrected,AH 1924.0-2052.7m → TVD 1862.5-1984.9m (correction: 61.5m)
BLT-01,141577.55,456881.76,1913.8927433659244,14.47345,47.20903,2.437019,1862.4921546961325,1984.8676041666665,122.4,2.032828276097129,tvd_corrected,AH 1924.0-2052.7m → TVD 1862.5-1984.9m (correction: 61.5m)
BLT-01,141577.55,456881.76,1913.965240670113,14.82182,46.95649,2.435032,1862.4921546961325,1984.8676041666665,122.4,2.032828276097129,tvd_corrected,AH 1924.0-2052.7m → TVD 1862.5-1984.9m (correction: 61.5m)
BLT-01,141577.55,456881.76,1914.0377379743018,15.42214,47.14199,2.430059,1862.4921546961325,1984.8676041666665,122.4,2.032828276097129,tvd_corrected,AH 1924.0-2052.7m → TVD 1862.5-1984.9m (correction: 61.5m)
BLT-01,141577.55,456881.76,1914.1102352784906,15.98911,47.58897,2.423187,1862.4921546961325,1984.8676041666665,122.4,2.032828276097129,tvd_corrected,AH 1924.0-2052.7m → TVD 1862.5-1984.9m (correction: 61.5m)
BLT-01,141577.55,456881.76,1914.1827325826791,16.45964,48.15142,2.415174,1862.4921546961325,1984.8676041666665,122.4,2.032828276097129,tvd_corrected,AH 1924.0-2052.7m → TVD 1862.5-1984.9m (correction: 61.5m)
BLT-01,141577.55,456881.76,1914.255229886868,16.78304,48.66506,2.406878,1862.4921546961325,1984.8676041666665,122.4,2.032828276097129,tvd_corrected,AH 1924.0-2052.7m → TVD 1862.5-1984.9m (correction: 61.5m)
BLT-01,141577.55,456881.76,1914.3277271910565,16.81756,49.09119,2.398371,1862.4921546961325,1984.8676041666665,122.4,2.032828276097129,tvd_corrected,AH 1924.0-2052.7m → TVD 1862.5-1984.9m (correction: 61.5m)
BLT-01,141577.55,456881.76,1914.4002244952453,16.72749,49.55101,2.390196,1862.4921546961325,1984.8676041666665,122.4,2.032828276097129,tvd_corrected,AH 1924.0-2052.7m → TVD 1862.5-1984.9m (correction: 61.5m)
BLT-01,141577.55,456881.76,1914.4727217994339,16.65231,49.94686,2.38398,1862.4921546961325,1984.8676041666665,122.4,2.032828276097129,tvd_corrected,AH 1924.0-2052.7m → TVD 1862.5-1984.9m (correction: 61.5m)
BLT-01,141577.55,456881.76,1914.5452191036227,16.67777,50.20132,2.381118,1862.4921546961325,1984.8676041666665,122.4,2.032828276097129,tvd_corrected,AH 1924.0-2052.7m → TVD 1862.5-1984.9m (correction: 61.5m)
BLT-01,141577.55,456881.76,1914.6177164078115,16.51417,50.28105,2.383726,1862.4921546961325,1984.8676041666665,122.4,2.032828276097129,tvd_corrected,AH 1924.0-2052.7m → TVD 1862.5-1984.9m (correction: 61.5m)
BLT-01,141577.55,456881.76,1914.690213712,16.19212,50.13354,2.391906,1862.4921546961325,1984.8676041666665,122.4,2.032828276097129,tvd_corrected,AH 1924.0-2052.7m → TVD 1862.5-1984.9m (correction: 61.5m)
BLT-01,141577.55,456881.76,1914.7627110161889,15.8738,49.76047,2.401719,1862.4921546961325,1984.8676041666665,122.4,2.032828276097129,tvd_corrected,AH 1924.0-2052.7m → TVD 1862.5-1984.9m (correction: 61.5m)
BLT-01,141577.55,456881.76,1914.8352083203774,15.62928,49.14389,2.410589,1862.4921546961325,1984.8676041666665,122.4,2.032828276097129,tvd_corrected,AH 1924.0-2052.7m → TVD 1862.5-1984.9m (correction: 61.5m)
BLT-01,141577.55,456881.76,1914.9077056245662,15.41609,48.17863,2.414607,1862.4921546961325,1984.8676041666665,122.4,2.032828276097129,tvd_corrected,AH 1924.0-2052.7m → TVD 1862.5-1984.9m (correction: 61.5m)
BLT-01,141577.55,456881.76,1914.9802029287548,15.28556,47.07816,2.414574,1862.4921546961325,1984.8676041666665,122.4,2.032828276097129,tvd_corrected,AH 1924.0-2052.7m → TVD 1862.5-1984.9m (correction: 61.5m)
BLT-01,141577.55,456881.76,1915.0527002329436,15.17261,46.25115,2.41148,1862.4921546961325,1984.8676041666665,122.4,2.032828276097129,tvd_corrected,AH 1924.0-2052.7m → TVD 1862.5-1984.9m (correction: 61.5m)
BLT-01,141577.55,456881.76,1915.1251975371324,15.05148,45.92737,2.406766,1862.4921546961325,1984.8676041666665,122.4,2.032828276097129,tvd_corrected,AH 1924.0-2052.7m → TVD 1862.5-1984.9m (correction: 61.5m)
BLT-01,141577.55,456881.76,1915.197694841321,14.89945,46.46526,2.404102,1862.4921546961325,1984.8676041666665,122.4,2.032828276097129,tvd_corrected,AH 1924.0-2052.7m → TVD 1862.5-1984.9m (correction: 61.5m)
BLT-01,141577.55,456881.76,1915.2701921455098,14.9041,47.36769,2.40688,1862.4921546961325,1984.8676041666665,122.4,2.032828276097129,tvd_corrected,AH 1924.0-2052.7m → TVD 1862.5-1984.9m (correction: 61.5m)
BLT-01,141577.55,456881.76,1915.3426894496984,14.84347,48.29635,2.414932,1862.4921546961325,1984.8676041666665,122.4,2.032828276097129,tvd_corrected,AH 1924.0-2052.7m → TVD 1862.5-1984.9m (correction: 61.5m)
BLT-01,141577.55,456881.76,1915.4151867538872,14.68576,49.08473,2.426316,1862.4921546961325,1984.8676041666665,122.4,2.032828276097129,tvd_corrected,AH 1924.0-2052.7m → TVD 1862.5-1984.9m (correction: 61.5m)
BLT-01,141577.55,456881.76,1915.487684058076,14.43623,49.51717,2.437394,1862.4921546961325,1984.8676041666665,122.4,2.032828276097129,tvd_corrected,AH 1924.0-2052.7m → TVD 1862.5-1984.9m (correction: 61.5m)
BLT-01,141577.55,456881.76,1915.5601813622645,14.43499,49.40606,2.443935,1862.4921546961325,1984.8676041666665,122.4,2.032828276097129,tvd_corrected,AH 1924.0-2052.7m → TVD 1862.5-1984.9m (correction: 61.5m)
BLT-01,141577.55,456881.76,1915.6326786664533,14.66931,49.39938,2.447919,1862.4921546961325,1984.8676041666665,122.4,2.032828276097129,tvd_corrected,AH 1924.0-2052.7m → TVD 1862.5-1984.9m (correction: 61.5m)
BLT-01,141577.55,456881.76,1915.705175970642,15.04247,49.53386,2.448256,1862.4921546961325,1984.8676041666665,122.4,2.032828276097129,tvd_corrected,AH 1924.0-2052.7m → TVD 1862.5-1984.9m (correction: 61.5m)
BLT-01,141577.55,456881.76,1915.7776732748307,15.437029999999998,49.79956,2.443623,1862.4921546961325,1984.8676041666665,122.4,2.032828276097129,tvd_corrected,AH 1924.0-2052.7m → TVD 1862.5-1984.9m (correction: 61.5m)
BLT-01,141577.55,456881.76,1915.8501705790193,15.77099,50.02475,2.432822,1862.4921546961325,1984.8676041666665,122.4,2.032828276097129,tvd_corrected,AH 1924.0-2052.7m → TVD 1862.5-1984.9m (correction: 61.5m)
BLT-01,141577.55,456881.76,1915.922667883208,16.453110000000002,49.62835,2.415733,1862.4921546961325,1984.8676041666665,122.4,2.032828276097129,tvd_corrected,AH 1924.0-2052.7m → TVD 1862.5-1984.9m (correction: 61.5m)
BLT-01,141577.55,456881.76,1915.9951651873969,17.2348,48.74305,2.397659,1862.4921546961325,1984.8676041666665,122.4,2.032828276097129,tvd_corrected,AH 1924.0-2052.7m → TVD 1862.5-1984.9m (correction: 61.5m)
BLT-01,141577.55,456881.76,1916.0676624915855,17.89928,47.53967,2.383108,1862.4921546961325,1984.8676041666665,122.4,2.032828276097129,tvd_corrected,AH 1924.0-2052.7m → TVD 1862.5-1984.9m (correction: 61.5m)
BLT-01,141577.55,456881.76,1916.1401597957743,18.14663,46.74102,2.37733,1862.4921546961325,1984.8676041666665,122.4,2.032828276097129,tvd_corrected,AH 1924.0-2052.7m → TVD 1862.5-1984.9m (correction: 61.5m)
BLT-01,141577.55,456881.76,1916.2126570999628,18.16375,46.23747,2.373141,1862.4921546961325,1984.8676041666665,122.4,2.032828276097129,tvd_corrected,AH 1924.0-2052.7m → TVD 1862.5-1984.9m (correction: 61.5m)
BLT-01,141577.55,456881.76,1916.2851544041516,17.956539999999997,46.0126,2.371454,1862.4921546961325,1984.8676041666665,122.4,2.032828276097129,tvd_corrected,AH 1924.0-2052.7m → TVD 1862.5-1984.9m (correction: 61.5m)
BLT-01,141577.55,456881.76,1916.3576517083402,17.5705,46.04197,2.372918,1862.4921546961325,1984.8676041666665,122.4,2.032828276097129,tvd_corrected,AH 1924.0-2052.7m → TVD 1862.5-1984.9m (correction: 61.5m)
BLT-01,141577.55,456881.76,1916.430149012529,17.241,46.23246,2.378735,1862.4921546961325,1984.8676041666665,122.4,2.032828276097129,tvd_corrected,AH 1924.0-2052.7m → TVD 1862.5-1984.9m (correction: 61.5m)
BLT-01,141577.55,456881.76,1916.5026463167178,17.13905,46.41902,2.387733,1862.4921546961325,1984.8676041666665,122.4,2.032828276097129,tvd_corrected,AH 1924.0-2052.7m → TVD 1862.5-1984.9m (correction: 61.5m)
BLT-01,141577.55,456881.76,1916.5751436209064,17.04685,46.54347,2.394181,1862.4921546961325,1984.8676041666665,122.4,2.032828276097129,tvd_corrected,AH 1924.0-2052.7m → TVD 1862.5-1984.9m (correction: 61.5m)
BLT-01,141577.55,456881.76,1916.6476409250952,16.90785,46.6006,2.395602,1862.4921546961325,1984.8676041666665,122.4,2.032828276097129,tvd_corrected,AH 1924.0-2052.7m → TVD 1862.5-1984.9m (correction: 61.5m)
BLT-01,141577.55,456881.76,1916.7201382292837,16.7346,46.62415,2.389257,1862.4921546961325,1984.8676041666665,122.4,2.032828276097129,tvd_corrected,AH 1924.0-2052.7m → TVD 1862.5-1984.9m (correction: 61.5m)
BLT-01,141577.55,456881.76,1916.7926355334725,16.791909999999998,46.81091,2.378245,1862.4921546961325,1984.8676041666665,122.4,2.032828276097129,tvd_corrected,AH 1924.0-2052.7m → TVD 1862.5-1984.9m (correction: 61.5m)
BLT-01,141577.55,456881.76,1916.8651328376613,16.92846,47.14899,2.369787,1862.4921546961325,1984.8676041666665,122.4,2.032828276097129,tvd_corrected,AH 1924.0-2052.7m → TVD 1862.5-1984.9m (correction: 61.5m)
BLT-01,141577.55,456881.76,1916.93763014185,17.11234,47.62427,2.365634,1862.4921546961325,1984.8676041666665,122.4,2.032828276097129,tvd_corrected,AH 1924.0-2052.7m → TVD 1862.5-1984.9m (correction: 61.5m)
BLT-01,141577.55,456881.76,1917.0101274460387,17.3265,48.21349,2.366996,1862.4921546961325,1984.8676041666665,122.4,2.032828276097129,tvd_corrected,AH 1924.0-2052.7m → TVD 1862.5-1984.9m (correction: 61.5m)
BLT-01,141577.55,456881.76,1917.0826247502273,18.12113,49.28808,2.367837,1862.4921546961325,1984.8676041666665,122.4,2.032828276097129,tvd_corrected,AH 1924.0-2052.7m → TVD 1862.5-1984.9m (correction: 61.5m)
BLT-01,141577.55,456881.76,1917.155122054416,18.82664,50.28432,2.367139,1862.4921546961325,1984.8676041666665,122.4,2.032828276097129,tvd_corrected,AH 1924.0-2052.7m → TVD 1862.5-1984.9m (correction: 61.5m)
BLT-01,141577.55,456881.76,1917.2276193586047,19.28354,51.02641,2.365532,1862.4921546961325,1984.8676041666665,122.4,2.032828276097129,tvd_corrected,AH 1924.0-2052.7m → TVD 1862.5-1984.9m (correction: 61.5m)
BLT-01,141577.55,456881.76,1917.3001166627935,19.364790000000003,51.3585,2.36388,1862.4921546961325,1984.8676041666665,122.4,2.032828276097129,tvd_corrected,AH 1924.0-2052.7m → TVD 1862.5-1984.9m (correction: 61.5m)
BLT-01,141577.55,456881.76,1917.3726139669823,19.42644,51.35417,2.366034,1862.4921546961325,1984.8676041666665,122.4,2.032828276097129,tvd_corrected,AH 1924.0-2052.7m → TVD 1862.5-1984.9m (correction: 61.5m)
BLT-01,141577.55,456881.76,1917.4451112711708,19.375210000000003,51.22174,2.370209,1862.4921546961325,1984.8676041666665,122.4,2.032828276097129,tvd_corrected,AH 1924.0-2052.7m → TVD 1862.5-1984.9m (correction: 61.5m)
BLT-01,141577.55,456881.76,1917.5176085753596,19.10189,50.98124,2.375865,1862.4921546961325,1984.8676041666665,122.4,2.032828276097129,tvd_corrected,AH 1924.0-2052.7m → TVD 1862.5-1984.9m (correction: 61.5m)
BLT-01,141577.55,456881.76,1917.5901058795482,18.52702,50.65044,2.383161,1862.4921546961325,1984.8676041666665,122.4,2.032828276097129,tvd_corrected,AH 1924.0-2052.7m → TVD 1862.5-1984.9m (correction: 61.5m)
BLT-01,141577.55,456881.76,1917.662603183737,17.629810000000003,50.23839,2.39898,1862.4921546961325,1984.8676041666665,122.4,2.032828276097129,tvd_corrected,AH 1924.0-2052.7m → TVD 1862.5-1984.9m (correction: 61.5m)
BLT-01,141577.55,456881.76,1917.7351004879256,17.15484,49.88202,2.412683,1862.4921546961325,1984.8676041666665,122.4,2.032828276097129,tvd_corrected,AH 1924.0-2052.7m → TVD 1862.5-1984.9m (correction: 61.5m)
BLT-01,141577.55,456881.76,1917.8075977921144,16.89354,49.54928,2.420574,1862.4921546961325,1984.8676041666665,122.4,2.032828276097129,tvd_corrected,AH 1924.0-2052.7m → TVD 1862.5-1984.9m (correction: 61.5m)
BLT-01,141577.55,456881.76,1917.8800950963032,16.76601,49.22884,2.419846,1862.4921546961325,1984.8676041666665,122.4,2.032828276097129,tvd_corrected,AH 1924.0-2052.7m → TVD 1862.5-1984.9m (correction: 61.5m)
BLT-01,141577.55,456881.76,1917.9525924004918,16.85564,48.93864,2.404587,1862.4921546961325,1984.8676041666665,122.4,2.032828276097129,tvd_corrected,AH 1924.0-2052.7m → TVD 1862.5-1984.9m (correction: 61.5m)
BLT-01,141577.55,456881.76,1918.0250897046806,17.346510000000002,48.93663,2.388344,1862.4921546961325,1984.8676041666665,122.4,2.032828276097129,tvd_corrected,AH 1924.0-2052.7m → TVD 1862.5-1984.9m (correction: 61.5m)
BLT-01,141577.55,456881.76,1918.0975870088691,17.97289,49.05893,2.378451,1862.4921546961325,1984.8676041666665,122.4,2.032828276097129,tvd_corrected,AH 1924.0-2052.7m → TVD 1862.5-1984.9m (correction: 61.5m)
BLT-01,141577.55,456881.76,1918.170084313058,18.55994,49.17118,2.375981,1862.4921546961325,1984.8676041666665,122.4,2.032828276097129,tvd_corrected,AH 1924.0-2052.7m → TVD 1862.5-1984.9m (correction: 61.5m)
BLT-01,141577.55,456881.76,1918.2425816172467,18.79805,49.00233,2.378152,1862.4921546961325,1984.8676041666665,122.4,2.032828276097129,tvd_corrected,AH 1924.0-2052.7m → TVD 1862.5-1984.9m (correction: 61.5m)
BLT-01,141577.55,456881.76,1918.3150789214353,18.94057,48.5166,2.379376,1862.4921546961325,1984.8676041666665,122.4,2.032828276097129,tvd_corrected,AH 1924.0-2052.7m → TVD 1862.5-1984.9m (correction: 61.5m)
BLT-01,141577.55,456881.76,1918.3875762256241,19.06542,48.08343,2.377709,1862.4921546961325,1984.8676041666665,122.4,2.032828276097129,tvd_corrected,AH 1924.0-2052.7m → TVD 1862.5-1984.9m (correction: 61.5m)
BLT-01,141577.55,456881.76,1918.4600735298127,19.1428,47.81152,2.374164,1862.4921546961325,1984.8676041666665,122.4,2.032828276097129,tvd_corrected,AH 1924.0-2052.7m → TVD 1862.5-1984.9m (correction: 61.5m)
BLT-01,141577.55,456881.76,1918.5325708340015,19.09794,47.79961,2.371115,1862.4921546961325,1984.8676041666665,122.4,2.032828276097129,tvd_corrected,AH 1924.0-2052.7m → TVD 1862.5-1984.9m (correction: 61.5m)
BLT-01,141577.55,456881.76,1918.60506813819,19.25437,48.0533,2.371323,1862.4921546961325,1984.8676041666665,122.4,2.032828276097129,tvd_corrected,AH 1924.0-2052.7m → TVD 1862.5-1984.9m (correction: 61.5m)
BLT-01,141577.55,456881.76,1918.6775654423789,19.49985,48.64905,2.370791,1862.4921546961325,1984.8676041666665,122.4,2.032828276097129,tvd_corrected,AH 1924.0-2052.7m → TVD 1862.5-1984.9m (correction: 61.5m)
BLT-01,141577.55,456881.76,1918.7500627465677,19.73315,49.43284,2.368853,1862.4921546961325,1984.8676041666665,122.4,2.032828276097129,tvd_corrected,AH 1924.0-2052.7m → TVD 1862.5-1984.9m (correction: 61.5m)
BLT-01,141577.55,456881.76,1918.8225600507562,19.8468,50.21479,2.365063,1862.4921546961325,1984.8676041666665,122.4,2.032828276097129,tvd_corrected,AH 1924.0-2052.7m → TVD 1862.5-1984.9m (correction: 61.5m)
BLT-01,141577.55,456881.76,1918.895057354945,19.81828,50.61589,2.359998,1862.4921546961325,1984.8676041666665,122.4,2.032828276097129,tvd_corrected,AH 1924.0-2052.7m → TVD 1862.5-1984.9m (correction: 61.5m)
BLT-01,141577.55,456881.76,1918.9675546591336,19.91953,50.57581,2.355614,1862.4921546961325,1984.8676041666665,122.4,2.032828276097129,tvd_corrected,AH 1924.0-2052.7m → TVD 1862.5-1984.9m (correction: 61.5m)
BLT-01,141577.55,456881.76,1919.0400519633224,20.21193,50.27126,2.352893,1862.4921546961325,1984.8676041666665,122.4,2.032828276097129,tvd_corrected,AH 1924.0-2052.7m → TVD 1862.5-1984.9m (correction: 61.5m)
BLT-01,141577.55,456881.76,1919.1125492675112,20.69437,49.85227,2.352534,1862.4921546961325,1984.8676041666665,122.4,2.032828276097129,tvd_corrected,AH 1924.0-2052.7m → TVD 1862.5-1984.9m (correction: 61.5m)
BLT-01,141577.55,456881.76,1919.1850465716998,20.88647,49.49532,2.354608,1862.4921546961325,1984.8676041666665,122.4,2.032828276097129,tvd_corrected,AH 1924.0-2052.7m → TVD 1862.5-1984.9m (correction: 61.5m)
BLT-01,141577.55,456881.76,1919.2575438758886,20.45745,49.22723,2.355274,1862.4921546961325,1984.8676041666665,122.4,2.032828276097129,tvd_corrected,AH 1924.0-2052.7m → TVD 1862.5-1984.9m (correction: 61.5m)
BLT-01,141577.55,456881.76,1919.3300411800772,19.85573,49.15018,2.355031,1862.4921546961325,1984.8676041666665,122.4,2.032828276097129,tvd_corrected,AH 1924.0-2052.7m → TVD 1862.5-1984.9m (correction: 61.5m)
BLT-01,141577.55,456881.76,1919.402538484266,19.33983,49.34102,2.354711,1862.4921546961325,1984.8676041666665,122.4,2.032828276097129,tvd_corrected,AH 1924.0-2052.7m → TVD 1862.5-1984.9m (correction: 61.5m)
BLT-01,141577.55,456881.76,1919.4750357884545,19.20748,49.95967,2.357485,1862.4921546961325,1984.8676041666665,122.4,2.032828276097129,tvd_corrected,AH 1924.0-2052.7m → TVD 1862.5-1984.9m (correction: 61.5m)
BLT-01,141577.55,456881.76,1919.5475330926433,18.63411,50.7739,2.376272,1862.4921546961325,1984.8676041666665,122.4,2.032828276097129,tvd_corrected,AH 1924.0-2052.7m → TVD 1862.5-1984.9m (correction: 61.5m)
BLT-01,141577.55,456881.76,1919.6200303968321,17.81926,51.2418,2.401659,1862.4921546961325,1984.8676041666665,122.4,2.032828276097129,tvd_corrected,AH 1924.0-2052.7m → TVD 1862.5-1984.9m (correction: 61.5m)
BLT-01,141577.55,456881.76,1919.6925277010207,16.9088,51.2023,2.428346,1862.4921546961325,1984.8676041666665,122.4,2.032828276097129,tvd_corrected,AH 1924.0-2052.7m → TVD 1862.5-1984.9m (correction: 61.5m)
BLT-01,141577.55,456881.76,1919.7650250052095,16.17669,50.60397,2.448072,1862.4921546961325,1984.8676041666665,122.4,2.032828276097129,tvd_corrected,AH 1924.0-2052.7m → TVD 1862.5-1984.9m (correction: 61.5m)
BLT-01,141577.55,456881.76,1919.837522309398,15.67991,49.88708,2.459498,1862.4921546961325,1984.8676041666665,122.4,2.032828276097129,tvd_corrected,AH 1924.0-2052.7m → TVD 1862.5-1984.9m (correction: 61.5m)
BLT-01,141577.55,456881.76,1919.9100196135869,15.5017,49.46489,2.46298,1862.4921546961325,1984.8676041666665,122.4,2.032828276097129,tvd_corrected,AH 1924.0-2052.7m → TVD 1862.5-1984.9m (correction: 61.5m)
BLT-01,141577.55,456881.76,1919.9825169177755,15.5777,49.36229,2.459982,1862.4921546961325,1984.8676041666665,122.4,2.032828276097129,tvd_corrected,AH 1924.0-2052.7m → TVD 1862.5-1984.9m (correction: 61.5m)
BLT-01,141577.55,456881.76,1920.0550142219643,15.77089,49.51751,2.453054,1862.4921546961325,1984.8676041666665,122.4,2.032828276097129,tvd_corrected,AH 1924.0-2052.7m → TVD 1862.5-1984.9m (correction: 61.5m)
BLT-01,141577.55,456881.76,1920.127511526153,15.5642,49.16508,2.449141,1862.4921546961325,1984.8676041666665,122.4,2.032828276097129,tvd_corrected,AH 1924.0-2052.7m → TVD 1862.5-1984.9m (correction: 61.5m)
BLT-01,141577.55,456881.76,1920.2000088303416,15.43081,48.68217,2.44826,1862.4921546961325,1984.8676041666665,122.4,2.032828276097129,tvd_corrected,AH 1924.0-2052.7m → TVD 1862.5-1984.9m (correction: 61.5m)
BLT-01,141577.55,456881.76,1920.2725061345304,15.42324,48.22214,2.449632,1862.4921546961325,1984.8676041666665,122.4,2.032828276097129,tvd_corrected,AH 1924.0-2052.7m → TVD 1862.5-1984.9m (correction: 61.5m)
BLT-01,141577.55,456881.76,1920.345003438719,15.56765,47.93528,2.452193,1862.4921546961325,1984.8676041666665,122.4,2.032828276097129,tvd_corrected,AH 1924.0-2052.7m → TVD 1862.5-1984.9m (correction: 61.5m)
BLT-01,141577.55,456881.76,1920.4175007429078,15.807769999999998,47.97058,2.447716,1862.4921546961325,1984.8676041666665,122.4,2.032828276097129,tvd_corrected,AH 1924.0-2052.7m → TVD 1862.5-1984.9m (correction: 61.5m)
BLT-01,141577.55,456881.76,1920.4899980470966,16.19718,48.07762,2.439279,1862.4921546961325,1984.8676041666665,122.4,2.032828276097129,tvd_corrected,AH 1924.0-2052.7m → TVD 1862.5-1984.9m (correction: 61.5m)
BLT-01,141577.55,456881.76,1920.5624953512852,16.684440000000002,48.22958,2.428697,1862.4921546961325,1984.8676041666665,122.4,2.032828276097129,tvd_corrected,AH 1924.0-2052.7m → TVD 1862.5-1984.9m (correction: 61.5m)
BLT-01,141577.55,456881.76,1920.634992655474,17.2271,48.38281,2.417377,1862.4921546961325,1984.8676041666665,122.4,2.032828276097129,tvd_corrected,AH 1924.0-2052.7m → TVD 1862.5-1984.9m (correction: 61.5m)
BLT-01,141577.55,456881.76,1920.7074899596626,17.782970000000002,48.28301,2.406044,1862.4921546961325,1984.8676041666665,122.4,2.032828276097129,tvd_corrected,AH 1924.0-2052.7m → TVD 1862.5-1984.9m (correction: 61.5m)
BLT-01,141577.55,456881.76,1920.7799872638514,18.0264,48.04604,2.399478,1862.4921546961325,1984.8676041666665,122.4,2.032828276097129,tvd_corrected,AH 1924.0-2052.7m → TVD 1862.5-1984.9m (correction: 61.5m)
BLT-01,141577.55,456881.76,1920.85248456804,18.061,47.67468,2.396866,1862.4921546961325,1984.8676041666665,122.4,2.032828276097129,tvd_corrected,AH 1924.0-2052.7m → TVD 1862.5-1984.9m (correction: 61.5m)
BLT-01,141577.55,456881.76,1920.9249818722287,18.0143,47.20144,2.3968,1862.4921546961325,1984.8676041666665,122.4,2.032828276097129,tvd_corrected,AH 1924.0-2052.7m → TVD 1862.5-1984.9m (correction: 61.5m)
BLT-01,141577.55,456881.76,1920.9974791764175,18.30317,46.78569,2.393923,1862.4921546961325,1984.8676041666665,122.4,2.032828276097129,tvd_corrected,AH 1924.0-2052.7m → TVD 1862.5-1984.9m (correction: 61.5m)
BLT-01,141577.55,456881.76,1921.069976480606,18.63025,46.58695,2.388137,1862.4921546961325,1984.8676041666665,122.4,2.032828276097129,tvd_corrected,AH 1924.0-2052.7m → TVD 1862.5-1984.9m (correction: 61.5m)
BLT-01,141577.55,456881.76,1921.142473784795,18.81023,46.682,2.381056,1862.4921546961325,1984.8676041666665,122.4,2.032828276097129,tvd_corrected,AH 1924.0-2052.7m → TVD 1862.5-1984.9m (correction: 61.5m)
BLT-01,141577.55,456881.76,1921.2149710889835,18.95056,47.06852,2.372292,1862.4921546961325,1984.8676041666665,122.4,2.032828276097129,tvd_corrected,AH 1924.0-2052.7m → TVD 1862.5-1984.9m (correction: 61.5m)
BLT-01,141577.55,456881.76,1921.2874683931723,19.50076,47.68289,2.359507,1862.4921546961325,1984.8676041666665,122.4,2.032828276097129,tvd_corrected,AH 1924.0-2052.7m → TVD 1862.5-1984.9m (correction: 61.5m)
BLT-01,141577.55,456881.76,1921.3599656973608,19.90825,48.00085,2.349694,1862.4921546961325,1984.8676041666665,122.4,2.032828276097129,tvd_corrected,AH 1924.0-2052.7m → TVD 1862.5-1984.9m (correction: 61.5m)
BLT-01,141577.55,456881.76,1921.4324630015496,19.99699,48.04268,2.344228,1862.4921546961325,1984.8676041666665,122.4,2.032828276097129,tvd_corrected,AH 1924.0-2052.7m → TVD 1862.5-1984.9m (correction: 61.5m)
BLT-01,141577.55,456881.76,1921.5049603057385,19.8153,47.9029,2.343124,1862.4921546961325,1984.8676041666665,122.4,2.032828276097129,tvd_corrected,AH 1924.0-2052.7m → TVD 1862.5-1984.9m (correction: 61.5m)
BLT-01,141577.55,456881.76,1921.577457609927,19.49155,47.74276,2.346056,1862.4921546961325,1984.8676041666665,122.4,2.032828276097129,tvd_corrected,AH 1924.0-2052.7m → TVD 1862.5-1984.9m (correction: 61.5m)
BLT-01,141577.55,456881.76,1921.6499549141158,19.19726,47.8796,2.351694,1862.4921546961325,1984.8676041666665,122.4,2.032828276097129,tvd_corrected,AH 1924.0-2052.7m → TVD 1862.5-1984.9m (correction: 61.5m)
BLT-01,141577.55,456881.76,1921.7224522183044,18.95538,48.0939,2.356775,1862.4921546961325,1984.8676041666665,122.4,2.032828276097129,tvd_corrected,AH 1924.0-2052.7m → TVD 1862.5-1984.9m (correction: 61.5m)
BLT-01,141577.55,456881.76,1921.7949495224932,18.79733,48.10537,2.361593,1862.4921546961325,1984.8676041666665,122.4,2.032828276097129,tvd_corrected,AH 1924.0-2052.7m → TVD 1862.5-1984.9m (correction: 61.5m)
BLT-01,141577.55,456881.76,1921.867446826682,18.75639,47.62863,2.366581,1862.4921546961325,1984.8676041666665,122.4,2.032828276097129,tvd_corrected,AH 1924.0-2052.7m → TVD 1862.5-1984.9m (correction: 61.5m)
BLT-01,141577.55,456881.76,1921.9399441308706,18.97083,46.84775,2.367837,1862.4921546961325,1984.8676041666665,122.4,2.032828276097129,tvd_corrected,AH 1924.0-2052.7m → TVD 1862.5-1984.9m (correction: 61.5m)
BLT-01,141577.55,456881.76,1922.0124414350594,19.11144,46.25235,2.366617,1862.4921546961325,1984.8676041666665,122.4,2.032828276097129,tvd_corrected,AH 1924.0-2052.7m → TVD 1862.5-1984.9m (correction: 61.5m)
BLT-01,141577.55,456881.76,1922.084938739248,19.15855,46.10374,2.363458,1862.4921546961325,1984.8676041666665,122.4,2.032828276097129,tvd_corrected,AH 1924.0-2052.7m → TVD 1862.5-1984.9m (correction: 61.5m)
BLT-01,141577.55,456881.76,1922.1574360434367,19.10088,46.54749,2.359124,1862.4921546961325,1984.8676041666665,122.4,2.032828276097129,tvd_corrected,AH 1924.0-2052.7m → TVD 1862.5-1984.9m (correction: 61.5m)
BLT-01,141577.55,456881.76,1922.2299333476253,18.95207,47.24785,2.35731,1862.4921546961325,1984.8676041666665,122.4,2.032828276097129,tvd_corrected,AH 1924.0-2052.7m → TVD 1862.5-1984.9m (correction: 61.5m)
BLT-01,141577.55,456881.76,1922.3024306518141,18.94103,47.74163,2.358742,1862.4921546961325,1984.8676041666665,122.4,2.032828276097129,tvd_corrected,AH 1924.0-2052.7m → TVD 1862.5-1984.9m (correction: 61.5m)
BLT-01,141577.55,456881.76,1922.374927956003,19.01237,47.9952,2.36215,1862.4921546961325,1984.8676041666665,122.4,2.032828276097129,tvd_corrected,AH 1924.0-2052.7m → TVD 1862.5-1984.9m (correction: 61.5m)
BLT-01,141577.55,456881.76,1922.4474252601915,19.10547,47.94308,2.366529,1862.4921546961325,1984.8676041666665,122.4,2.032828276097129,tvd_corrected,AH 1924.0-2052.7m → TVD 1862.5-1984.9m (correction: 61.5m)
BLT-01,141577.55,456881.76,1922.5199225643803,19.03811,47.33467,2.369614,1862.4921546961325,1984.8676041666665,122.4,2.032828276097129,tvd_corrected,AH 1924.0-2052.7m → TVD 1862.5-1984.9m (correction: 61.5m)
BLT-01,141577.55,456881.76,1922.5924198685689,18.95907,46.56052,2.370561,1862.4921546961325,1984.8676041666665,122.4,2.032828276097129,tvd_corrected,AH 1924.0-2052.7m → TVD 1862.5-1984.9m (correction: 61.5m)
BLT-01,141577.55,456881.76,1922.6649171727577,19.05334,45.67101,2.371804,1862.4921546961325,1984.8676041666665,122.4,2.032828276097129,tvd_corrected,AH 1924.0-2052.7m → TVD 1862.5-1984.9m (correction: 61.5m)
BLT-01,141577.55,456881.76,1922.7374144769465,19.29025,44.85901,2.373857,1862.4921546961325,1984.8676041666665,122.4,2.032828276097129,tvd_corrected,AH 1924.0-2052.7m → TVD 1862.5-1984.9m (correction: 61.5m)
BLT-01,141577.55,456881.76,1922.809911781135,19.45074,44.63403,2.376421,1862.4921546961325,1984.8676041666665,122.4,2.032828276097129,tvd_corrected,AH 1924.0-2052.7m → TVD 1862.5-1984.9m (correction: 61.5m)
BLT-01,141577.55,456881.76,1922.8824090853238,19.38615,44.96207,2.377727,1862.4921546961325,1984.8676041666665,122.4,2.032828276097129,tvd_corrected,AH 1924.0-2052.7m → TVD 1862.5-1984.9m (correction: 61.5m)
BLT-01,141577.55,456881.76,1922.9549063895124,19.14644,45.7468,2.37709,1862.4921546961325,1984.8676041666665,122.4,2.032828276097129,tvd_corrected,AH 1924.0-2052.7m → TVD 1862.5-1984.9m (correction: 61.5m)
BLT-01,141577.55,456881.76,1923.0274036937012,18.8154,46.84941,2.374677,1862.4921546961325,1984.8676041666665,122.4,2.032828276097129,tvd_corrected,AH 1924.0-2052.7m → TVD 1862.5-1984.9m (correction: 61.5m)
BLT-01,141577.55,456881.76,1923.0999009978898,18.52566,48.05216,2.370943,1862.4921546961325,1984.8676041666665,122.4,2.032828276097129,tvd_corrected,AH 1924.0-2052.7m → TVD 1862.5-1984.9m (correction: 61.5m)
BLT-01,141577.55,456881.76,1923.1723983020786,18.45236,48.77012,2.368438,1862.4921546961325,1984.8676041666665,122.4,2.032828276097129,tvd_corrected,AH 1924.0-2052.7m → TVD 1862.5-1984.9m (correction: 61.5m)
BLT-01,141577.55,456881.76,1923.2448956062674,18.49934,49.29732,2.368278,1862.4921546961325,1984.8676041666665,122.4,2.032828276097129,tvd_corrected,AH 1924.0-2052.7m → TVD 1862.5-1984.9m (correction: 61.5m)
BLT-01,141577.55,456881.76,1923.317392910456,18.56606,49.62606,2.370159,1862.4921546961325,1984.8676041666665,122.4,2.032828276097129,tvd_corrected,AH 1924.0-2052.7m → TVD 1862.5-1984.9m (correction: 61.5m)
BLT-01,141577.55,456881.76,1923.3898902146448,18.54576,49.74108,2.373622,1862.4921546961325,1984.8676041666665,122.4,2.032828276097129,tvd_corrected,AH 1924.0-2052.7m → TVD 1862.5-1984.9m (correction: 61.5m)
BLT-01,141577.55,456881.76,1923.4623875188333,18.30343,49.73103,2.377708,1862.4921546961325,1984.8676041666665,122.4,2.032828276097129,tvd_corrected,AH 1924.0-2052.7m → TVD 1862.5-1984.9m (correction: 61.5m)
BLT-01,141577.55,456881.76,1923.5348848230221,18.15617,49.20269,2.383077,1862.4921546961325,1984.8676041666665,122.4,2.032828276097129,tvd_corrected,AH 1924.0-2052.7m → TVD 1862.5-1984.9m (correction: 61.5m)
BLT-01,141577.55,456881.76,1923.6073821272107,18.09974,48.44414,2.388289,1862.4921546961325,1984.8676041666665,122.4,2.032828276097129,tvd_corrected,AH 1924.0-2052.7m → TVD 1862.5-1984.9m (correction: 61.5m)
BLT-01,141577.55,456881.76,1923.6798794313995,18.10777,47.70781,2.39214,1862.4921546961325,1984.8676041666665,122.4,2.032828276097129,tvd_corrected,AH 1924.0-2052.7m → TVD 1862.5-1984.9m (correction: 61.5m)
BLT-01,141577.55,456881.76,1923.7523767355883,17.958370000000002,47.4955,2.392566,1862.4921546961325,1984.8676041666665,122.4,2.032828276097129,tvd_corrected,AH 1924.0-2052.7m → TVD 1862.5-1984.9m (correction: 61.5m)
BLT-01,141577.55,456881.76,1923.824874039777,17.78176,48.14704,2.391881,1862.4921546961325,1984.8676041666665,122.4,2.032828276097129,tvd_corrected,AH 1924.0-2052.7m → TVD 1862.5-1984.9m (correction: 61.5m)
BLT-01,141577.55,456881.76,1923.8973713439657,17.68295,49.0542,2.39168,1862.4921546961325,1984.8676041666665,122.4,2.032828276097129,tvd_corrected,AH 1924.0-2052.7m → TVD 1862.5-1984.9m (correction: 61.5m)
BLT-01,141577.55,456881.76,1923.9698686481543,17.67642,49.83875,2.392823,1862.4921546961325,1984.8676041666665,122.4,2.032828276097129,tvd_corrected,AH 1924.0-2052.7m → TVD 1862.5-1984.9m (correction: 61.5m)
BLT-01,141577.55,456881.76,1924.042365952343,17.61792,49.91299,2.396195,1862.4921546961325,1984.8676041666665,122.4,2.032828276097129,tvd_corrected,AH 1924.0-2052.7m → TVD 1862.5-1984.9m (correction: 61.5m)
BLT-01,141577.55,456881.76,1924.1148632565319,17.50632,49.66098,2.399221,1862.4921546961325,1984.8676041666665,122.4,2.032828276097129,tvd_corrected,AH 1924.0-2052.7m → TVD 1862.5-1984.9m (correction: 61.5m)
BLT-01,141577.55,456881.76,1924.1873605607204,17.38387,49.31525,2.400586,1862.4921546961325,1984.8676041666665,122.4,2.032828276097129,tvd_corrected,AH 1924.0-2052.7m → TVD 1862.5-1984.9m (correction: 61.5m)
BLT-01,141577.55,456881.76,1924.2598578649092,17.247580000000003,48.8799,2.400002,1862.4921546961325,1984.8676041666665,122.4,2.032828276097129,tvd_corrected,AH 1924.0-2052.7m → TVD 1862.5-1984.9m (correction: 61.5m)
BLT-01,141577.55,456881.76,1924.3323551690978,17.06019,48.20652,2.397564,1862.4921546961325,1984.8676041666665,122.4,2.032828276097129,tvd_corrected,AH 1924.0-2052.7m → TVD 1862.5-1984.9m (correction: 61.5m)
BLT-01,141577.55,456881.76,1924.4048524732866,16.90796,46.49737,2.39713,1862.4921546961325,1984.8676041666665,122.4,2.032828276097129,tvd_corrected,AH 1924.0-2052.7m → TVD 1862.5-1984.9m (correction: 61.5m)
BLT-01,141577.55,456881.76,1924.4773497774752,16.80481,44.86308,2.397673,1862.4921546961325,1984.8676041666665,122.4,2.032828276097129,tvd_corrected,AH 1924.0-2052.7m → TVD 1862.5-1984.9m (correction: 61.5m)
BLT-01,141577.55,456881.76,1924.549847081664,16.78011,43.72677,2.398619,1862.4921546961325,1984.8676041666665,122.4,2.032828276097129,tvd_corrected,AH 1924.0-2052.7m → TVD 1862.5-1984.9m (correction: 61.5m)
BLT-01,141577.55,456881.76,1924.6223443858528,16.879440000000002,43.553,2.39923,1862.4921546961325,1984.8676041666665,122.4,2.032828276097129,tvd_corrected,AH 1924.0-2052.7m → TVD 1862.5-1984.9m (correction: 61.5m)
BLT-01,141577.55,456881.76,1924.6948416900414,16.86796,44.54713,2.397209,1862.4921546961325,1984.8676041666665,122.4,2.032828276097129,tvd_corrected,AH 1924.0-2052.7m → TVD 1862.5-1984.9m (correction: 61.5m)
BLT-01,141577.55,456881.76,1924.7673389942302,16.806160000000002,45.74387,2.395089,1862.4921546961325,1984.8676041666665,122.4,2.032828276097129,tvd_corrected,AH 1924.0-2052.7m → TVD 1862.5-1984.9m (correction: 61.5m)
BLT-01,141577.55,456881.76,1924.8398362984187,16.74504,46.73745,2.393376,1862.4921546961325,1984.8676041666665,122.4,2.032828276097129,tvd_corrected,AH 1924.0-2052.7m → TVD 1862.5-1984.9m (correction: 61.5m)
BLT-01,141577.55,456881.76,1924.9123336026075,16.73779,47.15247,2.392496,1862.4921546961325,1984.8676041666665,122.4,2.032828276097129,tvd_corrected,AH 1924.0-2052.7m → TVD 1862.5-1984.9m (correction: 61.5m)
BLT-01,141577.55,456881.76,1924.984830906796,16.87103,47.12902,2.393184,1862.4921546961325,1984.8676041666665,122.4,2.032828276097129,tvd_corrected,AH 1924.0-2052.7m → TVD 1862.5-1984.9m (correction: 61.5m)
BLT-01,141577.55,456881.76,1925.057328210985,17.02224,46.99649,2.394672,1862.4921546961325,1984.8676041666665,122.4,2.032828276097129,tvd_corrected,AH 1924.0-2052.7m → TVD 1862.5-1984.9m (correction: 61.5m)
BLT-01,141577.55,456881.76,1925.1298255151737,17.13139,46.82971,2.397047,1862.4921546961325,1984.8676041666665,122.4,2.032828276097129,tvd_corrected,AH 1924.0-2052.7m → TVD 1862.5-1984.9m (correction: 61.5m)
BLT-01,141577.55,456881.76,1925.2023228193623,17.14658,46.6203,2.400519,1862.4921546961325,1984.8676041666665,122.4,2.032828276097129,tvd_corrected,AH 1924.0-2052.7m → TVD 1862.5-1984.9m (correction: 61.5m)
BLT-01,141577.55,456881.76,1925.274820123551,16.95555,45.79798,2.406627,1862.4921546961325,1984.8676041666665,122.4,2.032828276097129,tvd_corrected,AH 1924.0-2052.7m → TVD 1862.5-1984.9m (correction: 61.5m)
BLT-01,141577.55,456881.76,1925.3473174277397,16.72676,44.87265,2.411661,1862.4921546961325,1984.8676041666665,122.4,2.032828276097129,tvd_corrected,AH 1924.0-2052.7m → TVD 1862.5-1984.9m (correction: 61.5m)
BLT-01,141577.55,456881.76,1925.4198147319285,16.58777,44.30481,2.414938,1862.4921546961325,1984.8676041666665,122.4,2.032828276097129,tvd_corrected,AH 1924.0-2052.7m → TVD 1862.5-1984.9m (correction: 61.5m)
BLT-01,141577.55,456881.76,1925.4923120361173,16.59058,44.31035,2.416471,1862.4921546961325,1984.8676041666665,122.4,2.032828276097129,tvd_corrected,AH 1924.0-2052.7m → TVD 1862.5-1984.9m (correction: 61.5m)
BLT-01,141577.55,456881.76,1925.5648093403058,16.73133,45.00745,2.417639,1862.4921546961325,1984.8676041666665,122.4,2.032828276097129,tvd_corrected,AH 1924.0-2052.7m → TVD 1862.5-1984.9m (correction: 61.5m)
BLT-01,141577.55,456881.76,1925.6373066444946,16.81023,45.78135,2.418497,1862.4921546961325,1984.8676041666665,122.4,2.032828276097129,tvd_corrected,AH 1924.0-2052.7m → TVD 1862.5-1984.9m (correction: 61.5m)
BLT-01,141577.55,456881.76,1925.7098039486832,16.75961,46.39808,2.418886,1862.4921546961325,1984.8676041666665,122.4,2.032828276097129,tvd_corrected,AH 1924.0-2052.7m → TVD 1862.5-1984.9m (correction: 61.5m)
BLT-01,141577.55,456881.76,1925.782301252872,16.59884,46.86357,2.418805,1862.4921546961325,1984.8676041666665,122.4,2.032828276097129,tvd_corrected,AH 1924.0-2052.7m → TVD 1862.5-1984.9m (correction: 61.5m)
BLT-01,141577.55,456881.76,1925.8547985570606,16.42428,47.34661,2.418359,1862.4921546961325,1984.8676041666665,122.4,2.032828276097129,tvd_corrected,AH 1924.0-2052.7m → TVD 1862.5-1984.9m (correction: 61.5m)
BLT-01,141577.55,456881.76,1925.9272958612494,16.34909,47.5534,2.418274,1862.4921546961325,1984.8676041666665,122.4,2.032828276097129,tvd_corrected,AH 1924.0-2052.7m → TVD 1862.5-1984.9m (correction: 61.5m)
BLT-01,141577.55,456881.76,1925.9997931654382,16.196569999999998,47.44842,2.418468,1862.4921546961325,1984.8676041666665,122.4,2.032828276097129,tvd_corrected,AH 1924.0-2052.7m → TVD 1862.5-1984.9m (correction: 61.5m)
BLT-01,141577.55,456881.76,1926.0722904696268,15.98071,47.04873,2.418864,1862.4921546961325,1984.8676041666665,122.4,2.032828276097129,tvd_corrected,AH 1924.0-2052.7m → TVD 1862.5-1984.9m (correction: 61.5m)
BLT-01,141577.55,456881.76,1926.1447877738156,15.76141,46.39244,2.419355,1862.4921546961325,1984.8676041666665,122.4,2.032828276097129,tvd_corrected,AH 1924.0-2052.7m → TVD 1862.5-1984.9m (correction: 61.5m)
BLT-01,141577.55,456881.76,1926.2172850780041,15.69056,46.03939,2.420154,1862.4921546961325,1984.8676041666665,122.4,2.032828276097129,tvd_corrected,AH 1924.0-2052.7m → TVD 1862.5-1984.9m (correction: 61.5m)
BLT-01,141577.55,456881.76,1926.289782382193,15.58889,46.00077,2.42162,1862.4921546961325,1984.8676041666665,122.4,2.032828276097129,tvd_corrected,AH 1924.0-2052.7m → TVD 1862.5-1984.9m (correction: 61.5m)
BLT-01,141577.55,456881.76,1926.3622796863815,15.482119999999998,46.10115,2.423412,1862.4921546961325,1984.8676041666665,122.4,2.032828276097129,tvd_corrected,AH 1924.0-2052.7m → TVD 1862.5-1984.9m (correction: 61.5m)
BLT-01,141577.55,456881.76,1926.4347769905703,15.408450000000002,46.14719,2.425086,1862.4921546961325,1984.8676041666665,122.4,2.032828276097129,tvd_corrected,AH 1924.0-2052.7m → TVD 1862.5-1984.9m (correction: 61.5m)
BLT-01,141577.55,456881.76,1926.507274294759,15.50982,45.88648,2.424305,1862.4921546961325,1984.8676041666665,122.4,2.032828276097129,tvd_corrected,AH 1924.0-2052.7m → TVD 1862.5-1984.9m (correction: 61.5m)
BLT-01,141577.55,456881.76,1926.5797715989477,15.60085,45.64461,2.421112,1862.4921546961325,1984.8676041666665,122.4,2.032828276097129,tvd_corrected,AH 1924.0-2052.7m → TVD 1862.5-1984.9m (correction: 61.5m)
BLT-01,141577.55,456881.76,1926.6522689031365,15.690779999999998,45.66023,2.416294,1862.4921546961325,1984.8676041666665,122.4,2.032828276097129,tvd_corrected,AH 1924.0-2052.7m → TVD 1862.5-1984.9m (correction: 61.5m)
BLT-01,141577.55,456881.76,1926.724766207325,15.80734,46.07654,2.41082,1862.4921546961325,1984.8676041666665,122.4,2.032828276097129,tvd_corrected,AH 1924.0-2052.7m → TVD 1862.5-1984.9m (correction: 61.5m)
BLT-01,141577.55,456881.76,1926.7972635115138,16.150190000000002,46.77684,2.408667,1862.4921546961325,1984.8676041666665,122.4,2.032828276097129,tvd_corrected,AH 1924.0-2052.7m → TVD 1862.5-1984.9m (correction: 61.5m)
BLT-01,141577.55,456881.76,1926.8697608157026,16.54551,47.12328,2.410488,1862.4921546961325,1984.8676041666665,122.4,2.032828276097129,tvd_corrected,AH 1924.0-2052.7m → TVD 1862.5-1984.9m (correction: 61.5m)
BLT-01,141577.55,456881.76,1926.9422581198912,16.76406,46.86201,2.415068,1862.4921546961325,1984.8676041666665,122.4,2.032828276097129,tvd_corrected,AH 1924.0-2052.7m → TVD 1862.5-1984.9m (correction: 61.5m)
BLT-01,141577.55,456881.76,1927.01475542408,16.72122,45.99883,2.420964,1862.4921546961325,1984.8676041666665,122.4,2.032828276097129,tvd_corrected,AH 1924.0-2052.7m → TVD 1862.5-1984.9m (correction: 61.5m)
BLT-01,141577.55,456881.76,1927.0872527282686,16.45524,45.03461,2.423793,1862.4921546961325,1984.8676041666665,122.4,2.032828276097129,tvd_corrected,AH 1924.0-2052.7m → TVD 1862.5-1984.9m (correction: 61.5m)
BLT-01,141577.55,456881.76,1927.1597500324574,16.27277,44.76461,2.422912,1862.4921546961325,1984.8676041666665,122.4,2.032828276097129,tvd_corrected,AH 1924.0-2052.7m → TVD 1862.5-1984.9m (correction: 61.5m)
BLT-01,141577.55,456881.76,1927.232247336646,16.17534,45.0546,2.420874,1862.4921546961325,1984.8676041666665,122.4,2.032828276097129,tvd_corrected,AH 1924.0-2052.7m → TVD 1862.5-1984.9m (correction: 61.5m)
BLT-01,141577.55,456881.76,1927.3047446408348,16.115009999999998,45.71621,2.419234,1862.4921546961325,1984.8676041666665,122.4,2.032828276097129,tvd_corrected,AH 1924.0-2052.7m → TVD 1862.5-1984.9m (correction: 61.5m)
BLT-01,141577.55,456881.76,1927.3772419450236,15.96382,46.33555,2.420521,1862.4921546961325,1984.8676041666665,122.4,2.032828276097129,tvd_corrected,AH 1924.0-2052.7m → TVD 1862.5-1984.9m (correction: 61.5m)
BLT-01,141577.55,456881.76,1927.4497392492121,15.72704,46.44442,2.425029,1862.4921546961325,1984.8676041666665,122.4,2.032828276097129,tvd_corrected,AH 1924.0-2052.7m → TVD 1862.5-1984.9m (correction: 61.5m)
BLT-01,141577.55,456881.76,1927.522236553401,15.44818,46.37044,2.431876,1862.4921546961325,1984.8676041666665,122.4,2.032828276097129,tvd_corrected,AH 1924.0-2052.7m → TVD 1862.5-1984.9m (correction: 61.5m)
BLT-01,141577.55,456881.76,1927.5947338575895,15.18856,46.30543,2.439509,1862.4921546961325,1984.8676041666665,122.4,2.032828276097129,tvd_corrected,AH 1924.0-2052.7m → TVD 1862.5-1984.9m (correction: 61.5m)
BLT-01,141577.55,456881.76,1927.6672311617783,15.03816,46.49424,2.44559,1862.4921546961325,1984.8676041666665,122.4,2.032828276097129,tvd_corrected,AH 1924.0-2052.7m → TVD 1862.5-1984.9m (correction: 61.5m)
BLT-01,141577.55,456881.76,1927.739728465967,14.995910000000002,47.28453,2.446623,1862.4921546961325,1984.8676041666665,122.4,2.032828276097129,tvd_corrected,AH 1924.0-2052.7m → TVD 1862.5-1984.9m (correction: 61.5m)
BLT-01,141577.55,456881.76,1927.8122257701557,14.89082,48.23479,2.445393,1862.4921546961325,1984.8676041666665,122.4,2.032828276097129,tvd_corrected,AH 1924.0-2052.7m → TVD 1862.5-1984.9m (correction: 61.5m)
BLT-01,141577.55,456881.76,1927.8847230743445,14.83224,48.94778,2.442803,1862.4921546961325,1984.8676041666665,122.4,2.032828276097129,tvd_corrected,AH 1924.0-2052.7m → TVD 1862.5-1984.9m (correction: 61.5m)
BLT-01,141577.55,456881.76,1927.957220378533,14.9325,49.02998,2.439759,1862.4921546961325,1984.8676041666665,122.4,2.032828276097129,tvd_corrected,AH 1924.0-2052.7m → TVD 1862.5-1984.9m (correction: 61.5m)
BLT-01,141577.55,456881.76,1928.0297176827219,15.048,48.09741,2.438005,1862.4921546961325,1984.8676041666665,122.4,2.032828276097129,tvd_corrected,AH 1924.0-2052.7m → TVD 1862.5-1984.9m (correction: 61.5m)
BLT-01,141577.55,456881.76,1928.1022149869104,15.097360000000002,46.86153,2.437084,1862.4921546961325,1984.8676041666665,122.4,2.032828276097129,tvd_corrected,AH 1924.0-2052.7m → TVD 1862.5-1984.9m (correction: 61.5m)
BLT-01,141577.55,456881.76,1928.1747122910992,15.13556,45.66673,2.437217,1862.4921546961325,1984.8676041666665,122.4,2.032828276097129,tvd_corrected,AH 1924.0-2052.7m → TVD 1862.5-1984.9m (correction: 61.5m)
BLT-01,141577.55,456881.76,1928.247209595288,15.186740000000002,44.75165,2.438667,1862.4921546961325,1984.8676041666665,122.4,2.032828276097129,tvd_corrected,AH 1924.0-2052.7m → TVD 1862.5-1984.9m (correction: 61.5m)
BLT-01,141577.55,456881.76,1928.3197068994766,15.1466,44.25011,2.44257,1862.4921546961325,1984.8676041666665,122.4,2.032828276097129,tvd_corrected,AH 1924.0-2052.7m → TVD 1862.5-1984.9m (correction: 61.5m)
BLT-01,141577.55,456881.76,1928.3922042036654,14.96605,43.87468,2.448455,1862.4921546961325,1984.8676041666665,122.4,2.032828276097129,tvd_corrected,AH 1924.0-2052.7m → TVD 1862.5-1984.9m (correction: 61.5m)
BLT-01,141577.55,456881.76,1928.464701507854,14.83359,43.77028,2.453283,1862.4921546961325,1984.8676041666665,122.4,2.032828276097129,tvd_corrected,AH 1924.0-2052.7m → TVD 1862.5-1984.9m (correction: 61.5m)
BLT-01,141577.55,456881.76,1928.5371988120428,14.81573,43.99875,2.455341,1862.4921546961325,1984.8676041666665,122.4,2.032828276097129,tvd_corrected,AH 1924.0-2052.7m → TVD 1862.5-1984.9m (correction: 61.5m)
BLT-01,141577.55,456881.76,1928.6096961162314,14.87578,44.57846,2.452359,1862.4921546961325,1984.8676041666665,122.4,2.032828276097129,tvd_corrected,AH 1924.0-2052.7m → TVD 1862.5-1984.9m (correction: 61.5m)
BLT-01,141577.55,456881.76,1928.6821934204202,15.074660000000002,45.11571,2.445884,1862.4921546961325,1984.8676041666665,122.4,2.032828276097129,tvd_corrected,AH 1924.0-2052.7m → TVD 1862.5-1984.9m (correction: 61.5m)
BLT-01,141577.55,456881.76,1928.754690724609,15.40462,45.37006,2.439681,1862.4921546961325,1984.8676041666665,122.4,2.032828276097129,tvd_corrected,AH 1924.0-2052.7m → TVD 1862.5-1984.9m (correction: 61.5m)
BLT-01,141577.55,456881.76,1928.8271880287975,15.742,45.26088,2.43503,1862.4921546961325,1984.8676041666665,122.4,2.032828276097129,tvd_corrected,AH 1924.0-2052.7m → TVD 1862.5-1984.9m (correction: 61.5m)
BLT-01,141577.55,456881.76,1928.8996853329863,15.77075,44.72152,2.433006,1862.4921546961325,1984.8676041666665,122.4,2.032828276097129,tvd_corrected,AH 1924.0-2052.7m → TVD 1862.5-1984.9m (correction: 61.5m)
BLT-01,141577.55,456881.76,1928.972182637175,15.489249999999998,44.5544,2.433174,1862.4921546961325,1984.8676041666665,122.4,2.032828276097129,tvd_corrected,AH 1924.0-2052.7m → TVD 1862.5-1984.9m (correction: 61.5m)
BLT-01,141577.55,456881.76,1929.0446799413637,15.34175,44.79441,2.434543,1862.4921546961325,1984.8676041666665,122.4,2.032828276097129,tvd_corrected,AH 1924.0-2052.7m → TVD 1862.5-1984.9m (correction: 61.5m)
BLT-01,141577.55,456881.76,1929.1171772455523,15.42338,45.41928,2.436037,1862.4921546961325,1984.8676041666665,122.4,2.032828276097129,tvd_corrected,AH 1924.0-2052.7m → TVD 1862.5-1984.9m (correction: 61.5m)
BLT-01,141577.55,456881.76,1929.189674549741,15.79945,46.38285,2.436137,1862.4921546961325,1984.8676041666665,122.4,2.032828276097129,tvd_corrected,AH 1924.0-2052.7m → TVD 1862.5-1984.9m (correction: 61.5m)
BLT-01,141577.55,456881.76,1929.2621718539299,16.03735,46.97621,2.432953,1862.4921546961325,1984.8676041666665,122.4,2.032828276097129,tvd_corrected,AH 1924.0-2052.7m → TVD 1862.5-1984.9m (correction: 61.5m)
BLT-01,141577.55,456881.76,1929.3346691581185,16.20845,47.18524,2.427851,1862.4921546961325,1984.8676041666665,122.4,2.032828276097129,tvd_corrected,AH 1924.0-2052.7m → TVD 1862.5-1984.9m (correction: 61.5m)
BLT-01,141577.55,456881.76,1929.4071664623073,16.240489999999998,47.13749,2.421347,1862.4921546961325,1984.8676041666665,122.4,2.032828276097129,tvd_corrected,AH 1924.0-2052.7m → TVD 1862.5-1984.9m (correction: 61.5m)
BLT-01,141577.55,456881.76,1929.4796637664958,16.06108,46.97051,2.414118,1862.4921546961325,1984.8676041666665,122.4,2.032828276097129,tvd_corrected,AH 1924.0-2052.7m → TVD 1862.5-1984.9m (correction: 61.5m)
BLT-01,141577.55,456881.76,1929.5521610706846,15.62869,46.74985,2.411114,1862.4921546961325,1984.8676041666665,122.4,2.032828276097129,tvd_corrected,AH 1924.0-2052.7m → TVD 1862.5-1984.9m (correction: 61.5m)
BLT-01,141577.55,456881.76,1929.6246583748734,15.39776,46.55951,2.412198,1862.4921546961325,1984.8676041666665,122.4,2.032828276097129,tvd_corrected,AH 1924.0-2052.7m → TVD 1862.5-1984.9m (correction: 61.5m)
BLT-01,141577.55,456881.76,1929.697155679062,15.39569,46.23957,2.415823,1862.4921546961325,1984.8676041666665,122.4,2.032828276097129,tvd_corrected,AH 1924.0-2052.7m → TVD 1862.5-1984.9m (correction: 61.5m)
BLT-01,141577.55,456881.76,1929.7696529832508,15.604770000000002,45.73441,2.42053,1862.4921546961325,1984.8676041666665,122.4,2.032828276097129,tvd_corrected,AH 1924.0-2052.7m → TVD 1862.5-1984.9m (correction: 61.5m)
BLT-01,141577.55,456881.76,1929.8421502874394,15.7376,45.43469,2.422417,1862.4921546961325,1984.8676041666665,122.4,2.032828276097129,tvd_corrected,AH 1924.0-2052.7m → TVD 1862.5-1984.9m (correction: 61.5m)
BLT-01,141577.55,456881.76,1929.9146475916282,15.725420000000002,45.55209,2.421072,1862.4921546961325,1984.8676041666665,122.4,2.032828276097129,tvd_corrected,AH 1924.0-2052.7m → TVD 1862.5-1984.9m (correction: 61.5m)
BLT-01,141577.55,456881.76,1929.9871448958168,15.65687,45.8626,2.420292,1862.4921546961325,1984.8676041666665,122.4,2.032828276097129,tvd_corrected,AH 1924.0-2052.7m → TVD 1862.5-1984.9m (correction: 61.5m)
BLT-01,141577.55,456881.76,1930.0596422000056,15.57629,46.17469,2.422238,1862.4921546961325,1984.8676041666665,122.4,2.032828276097129,tvd_corrected,AH 1924.0-2052.7m → TVD 1862.5-1984.9m (correction: 61.5m)
BLT-01,141577.55,456881.76,1930.1321395041944,15.52762,46.03033,2.429914,1862.4921546961325,1984.8676041666665,122.4,2.032828276097129,tvd_corrected,AH 1924.0-2052.7m → TVD 1862.5-1984.9m (correction: 61.5m)
BLT-01,141577.55,456881.76,1930.204636808383,15.363,45.56476,2.441884,1862.4921546961325,1984.8676041666665,122.4,2.032828276097129,tvd_corrected,AH 1924.0-2052.7m → TVD 1862.5-1984.9m (correction: 61.5m)
BLT-01,141577.55,456881.76,1930.2771341125717,15.12203,45.35106,2.454932,1862.4921546961325,1984.8676041666665,122.4,2.032828276097129,tvd_corrected,AH 1924.0-2052.7m → TVD 1862.5-1984.9m (correction: 61.5m)
BLT-01,141577.55,456881.76,1930.3496314167603,14.90275,45.56694,2.465536,1862.4921546961325,1984.8676041666665,122.4,2.032828276097129,tvd_corrected,AH 1924.0-2052.7m → TVD 1862.5-1984.9m (correction: 61.5m)
BLT-01,141577.55,456881.76,1930.422128720949,14.93157,46.3377,2.466583,1862.4921546961325,1984.8676041666665,122.4,2.032828276097129,tvd_corrected,AH 1924.0-2052.7m → TVD 1862.5-1984.9m (correction: 61.5m)
BLT-01,141577.55,456881.76,1930.4946260251377,15.32963,47.14629,2.454898,1862.4921546961325,1984.8676041666665,122.4,2.032828276097129,tvd_corrected,AH 1924.0-2052.7m → TVD 1862.5-1984.9m (correction: 61.5m)
BLT-01,141577.55,456881.76,1930.5671233293265,16.27123,47.73503,2.434166,1862.4921546961325,1984.8676041666665,122.4,2.032828276097129,tvd_corrected,AH 1924.0-2052.7m → TVD 1862.5-1984.9m (correction: 61.5m)
BLT-01,141577.55,456881.76,1930.6396206335153,17.50396,48.08778,2.409829,1862.4921546961325,1984.8676041666665,122.4,2.032828276097129,tvd_corrected,AH 1924.0-2052.7m → TVD 1862.5-1984.9m (correction: 61.5m)
BLT-01,141577.55,456881.76,1930.7121179377039,18.60342,48.2278,2.389704,1862.4921546961325,1984.8676041666665,122.4,2.032828276097129,tvd_corrected,AH 1924.0-2052.7m → TVD 1862.5-1984.9m (correction: 61.5m)
BLT-01,141577.55,456881.76,1930.7846152418927,19.14253,48.18089,2.38235,1862.4921546961325,1984.8676041666665,122.4,2.032828276097129,tvd_corrected,AH 1924.0-2052.7m → TVD 1862.5-1984.9m (correction: 61.5m)
BLT-01,141577.55,456881.76,1930.8571125460812,19.53007,47.93548,2.376338,1862.4921546961325,1984.8676041666665,122.4,2.032828276097129,tvd_corrected,AH 1924.0-2052.7m → TVD 1862.5-1984.9m (correction: 61.5m)
BLT-01,141577.55,456881.76,1930.92960985027,19.80876,47.54209,2.37098,1862.4921546961325,1984.8676041666665,122.4,2.032828276097129,tvd_corrected,AH 1924.0-2052.7m → TVD 1862.5-1984.9m (correction: 61.5m)
BLT-01,141577.55,456881.76,1931.0021071544588,20.01215,47.06722,2.365928,1862.4921546961325,1984.8676041666665,122.4,2.032828276097129,tvd_corrected,AH 1924.0-2052.7m → TVD 1862.5-1984.9m (correction: 61.5m)
BLT-01,141577.55,456881.76,1931.0746044586474,20.16802,46.85198,2.361105,1862.4921546961325,1984.8676041666665,122.4,2.032828276097129,tvd_corrected,AH 1924.0-2052.7m → TVD 1862.5-1984.9m (correction: 61.5m)
BLT-01,141577.55,456881.76,1931.1471017628362,20.26399,47.06136,2.35394,1862.4921546961325,1984.8676041666665,122.4,2.032828276097129,tvd_corrected,AH 1924.0-2052.7m → TVD 1862.5-1984.9m (correction: 61.5m)
BLT-01,141577.55,456881.76,1931.2195990670248,20.36067,47.59232,2.346436,1862.4921546961325,1984.8676041666665,122.4,2.032828276097129,tvd_corrected,AH 1924.0-2052.7m → TVD 1862.5-1984.9m (correction: 61.5m)
BLT-01,141577.55,456881.76,1931.2920963712136,20.46557,48.33163,2.340085,1862.4921546961325,1984.8676041666665,122.4,2.032828276097129,tvd_corrected,AH 1924.0-2052.7m → TVD 1862.5-1984.9m (correction: 61.5m)
BLT-01,141577.55,456881.76,1931.3645936754021,20.32613,48.89038,2.336904,1862.4921546961325,1984.8676041666665,122.4,2.032828276097129,tvd_corrected,AH 1924.0-2052.7m → TVD 1862.5-1984.9m (correction: 61.5m)
BLT-01,141577.55,456881.76,1931.437090979591,20.18183,49.18208,2.336257,1862.4921546961325,1984.8676041666665,122.4,2.032828276097129,tvd_corrected,AH 1924.0-2052.7m → TVD 1862.5-1984.9m (correction: 61.5m)
BLT-01,141577.55,456881.76,1931.5095882837797,20.200190000000003,49.27406,2.337978,1862.4921546961325,1984.8676041666665,122.4,2.032828276097129,tvd_corrected,AH 1924.0-2052.7m → TVD 1862.5-1984.9m (correction: 61.5m)
BLT-01,141577.55,456881.76,1931.5820855879683,20.40623,49.23058,2.341682,1862.4921546961325,1984.8676041666665,122.4,2.032828276097129,tvd_corrected,AH 1924.0-2052.7m → TVD 1862.5-1984.9m (correction: 61.5m)
BLT-01,141577.55,456881.76,1931.6545828921571,20.63485,49.21768,2.345976,1862.4921546961325,1984.8676041666665,122.4,2.032828276097129,tvd_corrected,AH 1924.0-2052.7m → TVD 1862.5-1984.9m (correction: 61.5m)
BLT-01,141577.55,456881.76,1931.7270801963457,20.55751,49.2962,2.349511,1862.4921546961325,1984.8676041666665,122.4,2.032828276097129,tvd_corrected,AH 1924.0-2052.7m → TVD 1862.5-1984.9m (correction: 61.5m)
BLT-01,141577.55,456881.76,1931.7995775005345,20.463700000000003,49.33822,2.351242,1862.4921546961325,1984.8676041666665,122.4,2.032828276097129,tvd_corrected,AH 1924.0-2052.7m → TVD 1862.5-1984.9m (correction: 61.5m)
BLT-01,141577.55,456881.76,1931.872074804723,20.45739,49.31595,2.351318,1862.4921546961325,1984.8676041666665,122.4,2.032828276097129,tvd_corrected,AH 1924.0-2052.7m → TVD 1862.5-1984.9m (correction: 61.5m)
BLT-01,141577.55,456881.76,1931.9445721089119,20.63934,49.22983,2.350676,1862.4921546961325,1984.8676041666665,122.4,2.032828276097129,tvd_corrected,AH 1924.0-2052.7m → TVD 1862.5-1984.9m (correction: 61.5m)
BLT-01,141577.55,456881.76,1932.0170694131007,20.36852,49.1481,2.354658,1862.4921546961325,1984.8676041666665,122.4,2.032828276097129,tvd_corrected,AH 1924.0-2052.7m → TVD 1862.5-1984.9m (correction: 61.5m)
BLT-01,141577.55,456881.76,1932.0895667172892,19.88866,48.97661,2.359663,1862.4921546961325,1984.8676041666665,122.4,2.032828276097129,tvd_corrected,AH 1924.0-2052.7m → TVD 1862.5-1984.9m (correction: 61.5m)
BLT-01,141577.55,456881.76,1932.162064021478,19.33939,48.70994,2.364262,1862.4921546961325,1984.8676041666665,122.4,2.032828276097129,tvd_corrected,AH 1924.0-2052.7m → TVD 1862.5-1984.9m (correction: 61.5m)
BLT-01,141577.55,456881.76,1932.2345613256666,18.89295,48.35688,2.366895,1862.4921546961325,1984.8676041666665,122.4,2.032828276097129,tvd_corrected,AH 1924.0-2052.7m → TVD 1862.5-1984.9m (correction: 61.5m)
BLT-01,141577.55,456881.76,1932.3070586298554,18.79444,48.47438,2.367023,1862.4921546961325,1984.8676041666665,122.4,2.032828276097129,tvd_corrected,AH 1924.0-2052.7m → TVD 1862.5-1984.9m (correction: 61.5m)
BLT-01,141577.55,456881.76,1932.3795559340442,18.77407,48.83563,2.367659,1862.4921546961325,1984.8676041666665,122.4,2.032828276097129,tvd_corrected,AH 1924.0-2052.7m → TVD 1862.5-1984.9m (correction: 61.5m)
BLT-01,141577.55,456881.76,1932.4520532382328,18.67073,49.29166,2.370018,1862.4921546961325,1984.8676041666665,122.4,2.032828276097129,tvd_corrected,AH 1924.0-2052.7m → TVD 1862.5-1984.9m (correction: 61.5m)
BLT-01,141577.55,456881.76,1932.5245505424216,18.33504,49.68864,2.37541,1862.4921546961325,1984.8676041666665,122.4,2.032828276097129,tvd_corrected,AH 1924.0-2052.7m → TVD 1862.5-1984.9m (correction: 61.5m)
BLT-01,141577.55,456881.76,1932.5970478466102,17.68929,49.68928,2.390511,1862.4921546961325,1984.8676041666665,122.4,2.032828276097129,tvd_corrected,AH 1924.0-2052.7m → TVD 1862.5-1984.9m (correction: 61.5m)
BLT-01,141577.55,456881.76,1932.669545150799,17.01948,49.51866,2.406477,1862.4921546961325,1984.8676041666665,122.4,2.032828276097129,tvd_corrected,AH 1924.0-2052.7m → TVD 1862.5-1984.9m (correction: 61.5m)
BLT-01,141577.55,456881.76,1932.7420424549875,16.332559999999997,49.33952,2.420379,1862.4921546961325,1984.8676041666665,122.4,2.032828276097129,tvd_corrected,AH 1924.0-2052.7m → TVD 1862.5-1984.9m (correction: 61.5m)
BLT-01,141577.55,456881.76,1932.8145397591763,15.6302,49.21989,2.431118,1862.4921546961325,1984.8676041666665,122.4,2.032828276097129,tvd_corrected,AH 1924.0-2052.7m → TVD 1862.5-1984.9m (correction: 61.5m)
BLT-01,141577.55,456881.76,1932.8870370633651,14.89074,48.90489,2.444192,1862.4921546961325,1984.8676041666665,122.4,2.032828276097129,tvd_corrected,AH 1924.0-2052.7m → TVD 1862.5-1984.9m (correction: 61.5m)
BLT-01,141577.55,456881.76,1932.9595343675537,14.477480000000002,48.49626,2.456097,1862.4921546961325,1984.8676041666665,122.4,2.032828276097129,tvd_corrected,AH 1924.0-2052.7m → TVD 1862.5-1984.9m (correction: 61.5m)
BLT-01,141577.55,456881.76,1933.0320316717425,14.2643,48.04696,2.466352,1862.4921546961325,1984.8676041666665,122.4,2.032828276097129,tvd_corrected,AH 1924.0-2052.7m → TVD 1862.5-1984.9m (correction: 61.5m)
BLT-01,141577.55,456881.76,1933.104528975931,14.14507,47.63644,2.475105,1862.4921546961325,1984.8676041666665,122.4,2.032828276097129,tvd_corrected,AH 1924.0-2052.7m → TVD 1862.5-1984.9m (correction: 61.5m)
BLT-01,141577.55,456881.76,1933.17702628012,13.87217,47.51339,2.483707,1862.4921546961325,1984.8676041666665,122.4,2.032828276097129,tvd_corrected,AH 1924.0-2052.7m → TVD 1862.5-1984.9m (correction: 61.5m)
BLT-01,141577.55,456881.76,1933.2495235843085,13.75238,47.80882,2.487319,1862.4921546961325,1984.8676041666665,122.4,2.032828276097129,tvd_corrected,AH 1924.0-2052.7m → TVD 1862.5-1984.9m (correction: 61.5m)
BLT-01,141577.55,456881.76,1933.3220208884973,13.7437,48.20988,2.486877,1862.4921546961325,1984.8676041666665,122.4,2.032828276097129,tvd_corrected,AH 1924.0-2052.7m → TVD 1862.5-1984.9m (correction: 61.5m)
BLT-01,141577.55,456881.76,1933.394518192686,13.82909,48.53136,2.483241,1862.4921546961325,1984.8676041666665,122.4,2.032828276097129,tvd_corrected,AH 1924.0-2052.7m → TVD 1862.5-1984.9m (correction: 61.5m)
BLT-01,141577.55,456881.76,1933.4670154968746,13.98929,48.48536,2.478001,1862.4921546961325,1984.8676041666665,122.4,2.032828276097129,tvd_corrected,AH 1924.0-2052.7m → TVD 1862.5-1984.9m (correction: 61.5m)
BLT-01,141577.55,456881.76,1933.5395128010634,14.20586,47.92569,2.473552,1862.4921546961325,1984.8676041666665,122.4,2.032828276097129,tvd_corrected,AH 1924.0-2052.7m → TVD 1862.5-1984.9m (correction: 61.5m)
BLT-01,141577.55,456881.76,1933.612010105252,14.34829,47.26611,2.470497,1862.4921546961325,1984.8676041666665,122.4,2.032828276097129,tvd_corrected,AH 1924.0-2052.7m → TVD 1862.5-1984.9m (correction: 61.5m)
BLT-01,141577.55,456881.76,1933.6845074094408,14.39442,46.47504,2.468264,1862.4921546961325,1984.8676041666665,122.4,2.032828276097129,tvd_corrected,AH 1924.0-2052.7m → TVD 1862.5-1984.9m (correction: 61.5m)
BLT-01,141577.55,456881.76,1933.7570047136296,14.3333,45.4431,2.465896,1862.4921546961325,1984.8676041666665,122.4,2.032828276097129,tvd_corrected,AH 1924.0-2052.7m → TVD 1862.5-1984.9m (correction: 61.5m)
BLT-01,141577.55,456881.76,1933.8295020178182,14.23472,44.50066,2.465294,1862.4921546961325,1984.8676041666665,122.4,2.032828276097129,tvd_corrected,AH 1924.0-2052.7m → TVD 1862.5-1984.9m (correction: 61.5m)
BLT-01,141577.55,456881.76,1933.901999322007,14.17771,43.73909,2.46603,1862.4921546961325,1984.8676041666665,122.4,2.032828276097129,tvd_corrected,AH 1924.0-2052.7m → TVD 1862.5-1984.9m (correction: 61.5m)
BLT-01,141577.55,456881.76,1933.9744966261956,14.16063,43.12119,2.467984,1862.4921546961325,1984.8676041666665,122.4,2.032828276097129,tvd_corrected,AH 1924.0-2052.7m → TVD 1862.5-1984.9m (correction: 61.5m)
BLT-01,141577.55,456881.76,1934.0469939303844,14.17742,42.63091,2.470971,1862.4921546961325,1984.8676041666665,122.4,2.032828276097129,tvd_corrected,AH 1924.0-2052.7m → TVD 1862.5-1984.9m (correction: 61.5m)
BLT-01,141577.55,456881.76,1934.119491234573,14.19286,42.86788,2.473863,1862.4921546961325,1984.8676041666665,122.4,2.032828276097129,tvd_corrected,AH 1924.0-2052.7m → TVD 1862.5-1984.9m (correction: 61.5m)
BLT-01,141577.55,456881.76,1934.1919885387617,14.12988,43.52036,2.475893,1862.4921546961325,1984.8676041666665,122.4,2.032828276097129,tvd_corrected,AH 1924.0-2052.7m → TVD 1862.5-1984.9m (correction: 61.5m)
BLT-01,141577.55,456881.76,1934.2644858429505,14.009060000000002,44.32294,2.479328,1862.4921546961325,1984.8676041666665,122.4,2.032828276097129,tvd_corrected,AH 1924.0-2052.7m → TVD 1862.5-1984.9m (correction: 61.5m)
BLT-01,141577.55,456881.76,1934.336983147139,13.85446,45.04245,2.485194,1862.4921546961325,1984.8676041666665,122.4,2.032828276097129,tvd_corrected,AH 1924.0-2052.7m → TVD 1862.5-1984.9m (correction: 61.5m)
BLT-01,141577.55,456881.76,1934.409480451328,13.75531,45.10744,2.490989,1862.4921546961325,1984.8676041666665,122.4,2.032828276097129,tvd_corrected,AH 1924.0-2052.7m → TVD 1862.5-1984.9m (correction: 61.5m)
BLT-01,141577.55,456881.76,1934.4819777555165,13.85158,44.97958,2.493002,1862.4921546961325,1984.8676041666665,122.4,2.032828276097129,tvd_corrected,AH 1924.0-2052.7m → TVD 1862.5-1984.9m (correction: 61.5m)
BLT-01,141577.55,456881.76,1934.5544750597053,14.28713,45.13528,2.486778,1862.4921546961325,1984.8676041666665,122.4,2.032828276097129,tvd_corrected,AH 1924.0-2052.7m → TVD 1862.5-1984.9m (correction: 61.5m)
BLT-01,141577.55,456881.76,1934.6269723638939,15.03579,45.68346,2.471318,1862.4921546961325,1984.8676041666665,122.4,2.032828276097129,tvd_corrected,AH 1924.0-2052.7m → TVD 1862.5-1984.9m (correction: 61.5m)
BLT-01,141577.55,456881.76,1934.6994696680827,15.77744,46.36209,2.449178,1862.4921546961325,1984.8676041666665,122.4,2.032828276097129,tvd_corrected,AH 1924.0-2052.7m → TVD 1862.5-1984.9m (correction: 61.5m)
BLT-01,141577.55,456881.76,1934.7719669722715,16.362940000000002,46.853,2.429541,1862.4921546961325,1984.8676041666665,122.4,2.032828276097129,tvd_corrected,AH 1924.0-2052.7m → TVD 1862.5-1984.9m (correction: 61.5m)
BLT-01,141577.55,456881.76,1934.84446427646,17.17456,47.41186,2.409533,1862.4921546961325,1984.8676041666665,122.4,2.032828276097129,tvd_corrected,AH 1924.0-2052.7m → TVD 1862.5-1984.9m (correction: 61.5m)
BLT-01,141577.55,456881.76,1934.9169615806488,18.16035,48.05377,2.390865,1862.4921546961325,1984.8676041666665,122.4,2.032828276097129,tvd_corrected,AH 1924.0-2052.7m → TVD 1862.5-1984.9m (correction: 61.5m)
BLT-01,141577.55,456881.76,1934.9894588848374,19.00689,48.68779,2.379042,1862.4921546961325,1984.8676041666665,122.4,2.032828276097129,tvd_corrected,AH 1924.0-2052.7m → TVD 1862.5-1984.9m (correction: 61.5m)
BLT-01,141577.55,456881.76,1935.0619561890262,19.62837,48.90054,2.375206,1862.4921546961325,1984.8676041666665,122.4,2.032828276097129,tvd_corrected,AH 1924.0-2052.7m → TVD 1862.5-1984.9m (correction: 61.5m)
BLT-01,141577.55,456881.76,1935.134453493215,19.9623,48.67685,2.369546,1862.4921546961325,1984.8676041666665,122.4,2.032828276097129,tvd_corrected,AH 1924.0-2052.7m → TVD 1862.5-1984.9m (correction: 61.5m)
BLT-01,141577.55,456881.76,1935.2069507974036,20.01498,48.15923,2.36175,1862.4921546961325,1984.8676041666665,122.4,2.032828276097129,tvd_corrected,AH 1924.0-2052.7m → TVD 1862.5-1984.9m (correction: 61.5m)
BLT-01,141577.55,456881.76,1935.2794481015924,19.80979,47.56246,2.352849,1862.4921546961325,1984.8676041666665,122.4,2.032828276097129,tvd_corrected,AH 1924.0-2052.7m → TVD 1862.5-1984.9m (correction: 61.5m)
BLT-01,141577.55,456881.76,1935.351945405781,19.92956,47.14632,2.344832,1862.4921546961325,1984.8676041666665,122.4,2.032828276097129,tvd_corrected,AH 1924.0-2052.7m → TVD 1862.5-1984.9m (correction: 61.5m)
BLT-01,141577.55,456881.76,1935.4244427099698,20.35014,46.52869,2.336255,1862.4921546961325,1984.8676041666665,122.4,2.032828276097129,tvd_corrected,AH 1924.0-2052.7m → TVD 1862.5-1984.9m (correction: 61.5m)
BLT-01,141577.55,456881.76,1935.4969400141583,20.88439,45.87753,2.328971,1862.4921546961325,1984.8676041666665,122.4,2.032828276097129,tvd_corrected,AH 1924.0-2052.7m → TVD 1862.5-1984.9m (correction: 61.5m)
BLT-01,141577.55,456881.76,1935.5694373183471,21.34332,45.38397,2.324808,1862.4921546961325,1984.8676041666665,122.4,2.032828276097129,tvd_corrected,AH 1924.0-2052.7m → TVD 1862.5-1984.9m (correction: 61.5m)
BLT-01,141577.55,456881.76,1935.641934622536,21.47215,45.60511,2.325988,1862.4921546961325,1984.8676041666665,122.4,2.032828276097129,tvd_corrected,AH 1924.0-2052.7m → TVD 1862.5-1984.9m (correction: 61.5m)
BLT-01,141577.55,456881.76,1935.7144319267245,21.38007,47.00497,2.330932,1862.4921546961325,1984.8676041666665,122.4,2.032828276097129,tvd_corrected,AH 1924.0-2052.7m → TVD 1862.5-1984.9m (correction: 61.5m)
BLT-01,141577.55,456881.76,1935.7869292309133,21.16767,48.87125,2.337298,1862.4921546961325,1984.8676041666665,122.4,2.032828276097129,tvd_corrected,AH 1924.0-2052.7m → TVD 1862.5-1984.9m (correction: 61.5m)
BLT-01,141577.55,456881.76,1935.8594265351019,20.89721,50.63087,2.343364,1862.4921546961325,1984.8676041666665,122.4,2.032828276097129,tvd_corrected,AH 1924.0-2052.7m → TVD 1862.5-1984.9m (correction: 61.5m)
BLT-01,141577.55,456881.76,1935.9319238392907,20.58835,51.13177,2.346568,1862.4921546961325,1984.8676041666665,122.4,2.032828276097129,tvd_corrected,AH 1924.0-2052.7m → TVD 1862.5-1984.9m (correction: 61.5m)
BLT-01,141577.55,456881.76,1936.0044211434792,20.28664,50.16132,2.346509,1862.4921546961325,1984.8676041666665,122.4,2.032828276097129,tvd_corrected,AH 1924.0-2052.7m → TVD 1862.5-1984.9m (correction: 61.5m)
BLT-01,141577.55,456881.76,1936.076918447668,20.14325,48.68845,2.344396,1862.4921546961325,1984.8676041666665,122.4,2.032828276097129,tvd_corrected,AH 1924.0-2052.7m → TVD 1862.5-1984.9m (correction: 61.5m)
BLT-01,141577.55,456881.76,1936.1494157518568,20.19451,47.29921,2.341078,1862.4921546961325,1984.8676041666665,122.4,2.032828276097129,tvd_corrected,AH 1924.0-2052.7m → TVD 1862.5-1984.9m (correction: 61.5m)
BLT-01,141577.55,456881.76,1936.2219130560454,20.37055,46.95329,2.338218,1862.4921546961325,1984.8676041666665,122.4,2.032828276097129,tvd_corrected,AH 1924.0-2052.7m → TVD 1862.5-1984.9m (correction: 61.5m)
BLT-01,141577.55,456881.76,1936.2944103602342,20.37284,47.83566,2.340119,1862.4921546961325,1984.8676041666665,122.4,2.032828276097129,tvd_corrected,AH 1924.0-2052.7m → TVD 1862.5-1984.9m (correction: 61.5m)
BLT-01,141577.55,456881.76,1936.3669076644228,20.24217,49.00069,2.344761,1862.4921546961325,1984.8676041666665,122.4,2.032828276097129,tvd_corrected,AH 1924.0-2052.7m → TVD 1862.5-1984.9m (correction: 61.5m)
BLT-01,141577.55,456881.76,1936.4394049686116,19.97495,50.01789,2.350993,1862.4921546961325,1984.8676041666665,122.4,2.032828276097129,tvd_corrected,AH 1924.0-2052.7m → TVD 1862.5-1984.9m (correction: 61.5m)
BLT-01,141577.55,456881.76,1936.5119022728004,19.54309,50.33177,2.357094,1862.4921546961325,1984.8676041666665,122.4,2.032828276097129,tvd_corrected,AH 1924.0-2052.7m → TVD 1862.5-1984.9m (correction: 61.5m)
BLT-01,141577.55,456881.76,1936.584399576989,18.87603,49.95761,2.362951,1862.4921546961325,1984.8676041666665,122.4,2.032828276097129,tvd_corrected,AH 1924.0-2052.7m → TVD 1862.5-1984.9m (correction: 61.5m)
BLT-01,141577.55,456881.76,1936.6568968811778,18.49098,49.3305,2.367554,1862.4921546961325,1984.8676041666665,122.4,2.032828276097129,tvd_corrected,AH 1924.0-2052.7m → TVD 1862.5-1984.9m (correction: 61.5m)
BLT-01,141577.55,456881.76,1936.7293941853663,18.37081,48.5976,2.371034,1862.4921546961325,1984.8676041666665,122.4,2.032828276097129,tvd_corrected,AH 1924.0-2052.7m → TVD 1862.5-1984.9m (correction: 61.5m)
BLT-01,141577.55,456881.76,1936.8018914895551,18.414,47.91012,2.373741,1862.4921546961325,1984.8676041666665,122.4,2.032828276097129,tvd_corrected,AH 1924.0-2052.7m → TVD 1862.5-1984.9m (correction: 61.5m)
BLT-01,141577.55,456881.76,1936.874388793744,18.37421,46.86843,2.378062,1862.4921546961325,1984.8676041666665,122.4,2.032828276097129,tvd_corrected,AH 1924.0-2052.7m → TVD 1862.5-1984.9m (correction: 61.5m)
BLT-01,141577.55,456881.76,1936.9468860979325,18.48252,46.02816,2.380944,1862.4921546961325,1984.8676041666665,122.4,2.032828276097129,tvd_corrected,AH 1924.0-2052.7m → TVD 1862.5-1984.9m (correction: 61.5m)
BLT-01,141577.55,456881.76,1937.0193834021213,18.69337,45.49961,2.381789,1862.4921546961325,1984.8676041666665,122.4,2.032828276097129,tvd_corrected,AH 1924.0-2052.7m → TVD 1862.5-1984.9m (correction: 61.5m)
BLT-01,141577.55,456881.76,1937.09188070631,18.94493,45.34161,2.380189,1862.4921546961325,1984.8676041666665,122.4,2.032828276097129,tvd_corrected,AH 1924.0-2052.7m → TVD 1862.5-1984.9m (correction: 61.5m)
BLT-01,141577.55,456881.76,1937.1643780104987,18.9668,45.05508,2.376858,1862.4921546961325,1984.8676041666665,122.4,2.032828276097129,tvd_corrected,AH 1924.0-2052.7m → TVD 1862.5-1984.9m (correction: 61.5m)
BLT-01,141577.55,456881.76,1937.2368753146873,18.88415,44.84012,2.37476,1862.4921546961325,1984.8676041666665,122.4,2.032828276097129,tvd_corrected,AH 1924.0-2052.7m → TVD 1862.5-1984.9m (correction: 61.5m)
BLT-01,141577.55,456881.76,1937.309372618876,18.83664,44.7799,2.374568,1862.4921546961325,1984.8676041666665,122.4,2.032828276097129,tvd_corrected,AH 1924.0-2052.7m → TVD 1862.5-1984.9m (correction: 61.5m)
BLT-01,141577.55,456881.76,1937.3818699230646,18.88846,44.90994,2.376775,1862.4921546961325,1984.8676041666665,122.4,2.032828276097129,tvd_corrected,AH 1924.0-2052.7m → TVD 1862.5-1984.9m (correction: 61.5m)
BLT-01,141577.55,456881.76,1937.4543672272534,18.92199,45.14411,2.382229,1862.4921546961325,1984.8676041666665,122.4,2.032828276097129,tvd_corrected,AH 1924.0-2052.7m → TVD 1862.5-1984.9m (correction: 61.5m)
BLT-01,141577.55,456881.76,1937.5268645314422,18.69457,45.30853,2.387874,1862.4921546961325,1984.8676041666665,122.4,2.032828276097129,tvd_corrected,AH 1924.0-2052.7m → TVD 1862.5-1984.9m (correction: 61.5m)
BLT-01,141577.55,456881.76,1937.5993618356308,18.42058,45.55824,2.392026,1862.4921546961325,1984.8676041666665,122.4,2.032828276097129,tvd_corrected,AH 1924.0-2052.7m → TVD 1862.5-1984.9m (correction: 61.5m)
BLT-01,141577.55,456881.76,1937.6718591398196,18.22172,46.08256,2.39432,1862.4921546961325,1984.8676041666665,122.4,2.032828276097129,tvd_corrected,AH 1924.0-2052.7m → TVD 1862.5-1984.9m (correction: 61.5m)
BLT-01,141577.55,456881.76,1937.7443564440082,18.28053,47.40551,2.395608,1862.4921546961325,1984.8676041666665,122.4,2.032828276097129,tvd_corrected,AH 1924.0-2052.7m → TVD 1862.5-1984.9m (correction: 61.5m)
BLT-01,141577.55,456881.76,1937.816853748197,18.33975,48.57644,2.395927,1862.4921546961325,1984.8676041666665,122.4,2.032828276097129,tvd_corrected,AH 1924.0-2052.7m → TVD 1862.5-1984.9m (correction: 61.5m)
BLT-01,141577.55,456881.76,1937.8893510523858,18.35348,49.19965,2.39631,1862.4921546961325,1984.8676041666665,122.4,2.032828276097129,tvd_corrected,AH 1924.0-2052.7m → TVD 1862.5-1984.9m (correction: 61.5m)
BLT-01,141577.55,456881.76,1937.9618483565744,18.31695,49.24597,2.396944,1862.4921546961325,1984.8676041666665,122.4,2.032828276097129,tvd_corrected,AH 1924.0-2052.7m → TVD 1862.5-1984.9m (correction: 61.5m)
BLT-01,141577.55,456881.76,1938.0343456607632,18.23997,48.82647,2.397798,1862.4921546961325,1984.8676041666665,122.4,2.032828276097129,tvd_corrected,AH 1924.0-2052.7m → TVD 1862.5-1984.9m (correction: 61.5m)
BLT-01,141577.55,456881.76,1938.1068429649517,18.09995,48.36696,2.397775,1862.4921546961325,1984.8676041666665,122.4,2.032828276097129,tvd_corrected,AH 1924.0-2052.7m → TVD 1862.5-1984.9m (correction: 61.5m)
BLT-01,141577.55,456881.76,1938.1793402691405,18.06674,48.01524,2.39664,1862.4921546961325,1984.8676041666665,122.4,2.032828276097129,tvd_corrected,AH 1924.0-2052.7m → TVD 1862.5-1984.9m (correction: 61.5m)
BLT-01,141577.55,456881.76,1938.2518375733293,18.08015,47.67505,2.394641,1862.4921546961325,1984.8676041666665,122.4,2.032828276097129,tvd_corrected,AH 1924.0-2052.7m → TVD 1862.5-1984.9m (correction: 61.5m)
BLT-01,141577.55,456881.76,1938.324334877518,18.03289,47.19237,2.392171,1862.4921546961325,1984.8676041666665,122.4,2.032828276097129,tvd_corrected,AH 1924.0-2052.7m → TVD 1862.5-1984.9m (correction: 61.5m)
BLT-01,141577.55,456881.76,1938.3968321817067,17.807010000000002,46.97321,2.392087,1862.4921546961325,1984.8676041666665,122.4,2.032828276097129,tvd_corrected,AH 1924.0-2052.7m → TVD 1862.5-1984.9m (correction: 61.5m)
BLT-01,141577.55,456881.76,1938.4693294858953,17.72953,46.9287,2.394062,1862.4921546961325,1984.8676041666665,122.4,2.032828276097129,tvd_corrected,AH 1924.0-2052.7m → TVD 1862.5-1984.9m (correction: 61.5m)
BLT-01,141577.55,456881.76,1938.541826790084,17.73793,46.87567,2.397103,1862.4921546961325,1984.8676041666665,122.4,2.032828276097129,tvd_corrected,AH 1924.0-2052.7m → TVD 1862.5-1984.9m (correction: 61.5m)
BLT-01,141577.55,456881.76,1938.6143240942727,17.76416,46.6553,2.400099,1862.4921546961325,1984.8676041666665,122.4,2.032828276097129,tvd_corrected,AH 1924.0-2052.7m → TVD 1862.5-1984.9m (correction: 61.5m)
BLT-01,141577.55,456881.76,1938.6868213984615,17.721429999999998,46.36194,2.39935,1862.4921546961325,1984.8676041666665,122.4,2.032828276097129,tvd_corrected,AH 1924.0-2052.7m → TVD 1862.5-1984.9m (correction: 61.5m)
BLT-01,141577.55,456881.76,1938.7593187026503,17.66358,46.17056,2.395604,1862.4921546961325,1984.8676041666665,122.4,2.032828276097129,tvd_corrected,AH 1924.0-2052.7m → TVD 1862.5-1984.9m (correction: 61.5m)
BLT-01,141577.55,456881.76,1938.8318160068388,17.64909,45.99537,2.389824,1862.4921546961325,1984.8676041666665,122.4,2.032828276097129,tvd_corrected,AH 1924.0-2052.7m → TVD 1862.5-1984.9m (correction: 61.5m)
BLT-01,141577.55,456881.76,1938.9043133110276,17.72494,45.78839,2.383164,1862.4921546961325,1984.8676041666665,122.4,2.032828276097129,tvd_corrected,AH 1924.0-2052.7m → TVD 1862.5-1984.9m (correction: 61.5m)
BLT-01,141577.55,456881.76,1938.9768106152162,17.99129,45.55279,2.379913,1862.4921546961325,1984.8676041666665,122.4,2.032828276097129,tvd_corrected,AH 1924.0-2052.7m → TVD 1862.5-1984.9m (correction: 61.5m)
BLT-01,141577.55,456881.76,1939.049307919405,18.09477,45.32258,2.381147,1862.4921546961325,1984.8676041666665,122.4,2.032828276097129,tvd_corrected,AH 1924.0-2052.7m → TVD 1862.5-1984.9m (correction: 61.5m)
BLT-01,141577.55,456881.76,1939.1218052235936,17.75486,45.29666,2.386043,1862.4921546961325,1984.8676041666665,122.4,2.032828276097129,tvd_corrected,AH 1924.0-2052.7m → TVD 1862.5-1984.9m (correction: 61.5m)
BLT-01,141577.55,456881.76,1939.1943025277824,17.03171,45.4937,2.393491,1862.4921546961325,1984.8676041666665,122.4,2.032828276097129,tvd_corrected,AH 1924.0-2052.7m → TVD 1862.5-1984.9m (correction: 61.5m)
BLT-01,141577.55,456881.76,1939.2667998319712,16.51575,45.72747,2.400335,1862.4921546961325,1984.8676041666665,122.4,2.032828276097129,tvd_corrected,AH 1924.0-2052.7m → TVD 1862.5-1984.9m (correction: 61.5m)
BLT-01,141577.55,456881.76,1939.3392971361598,16.50019,45.80041,2.404214,1862.4921546961325,1984.8676041666665,122.4,2.032828276097129,tvd_corrected,AH 1924.0-2052.7m → TVD 1862.5-1984.9m (correction: 61.5m)
BLT-01,141577.55,456881.76,1939.4117944403486,16.5024,45.71519,2.406374,1862.4921546961325,1984.8676041666665,122.4,2.032828276097129,tvd_corrected,AH 1924.0-2052.7m → TVD 1862.5-1984.9m (correction: 61.5m)
BLT-01,141577.55,456881.76,1939.4842917445371,16.41785,45.56525,2.407264,1862.4921546961325,1984.8676041666665,122.4,2.032828276097129,tvd_corrected,AH 1924.0-2052.7m → TVD 1862.5-1984.9m (correction: 61.5m)
BLT-01,141577.55,456881.76,1939.556789048726,16.221230000000002,45.55826,2.407347,1862.4921546961325,1984.8676041666665,122.4,2.032828276097129,tvd_corrected,AH 1924.0-2052.7m → TVD 1862.5-1984.9m (correction: 61.5m)
BLT-01,141577.55,456881.76,1939.6292863529147,16.39862,46.18782,2.40616,1862.4921546961325,1984.8676041666665,122.4,2.032828276097129,tvd_corrected,AH 1924.0-2052.7m → TVD 1862.5-1984.9m (correction: 61.5m)
BLT-01,141577.55,456881.76,1939.7017836571033,16.72882,46.92321,2.404534,1862.4921546961325,1984.8676041666665,122.4,2.032828276097129,tvd_corrected,AH 1924.0-2052.7m → TVD 1862.5-1984.9m (correction: 61.5m)
BLT-01,141577.55,456881.76,1939.774280961292,17.11237,47.6815,2.402476,1862.4921546961325,1984.8676041666665,122.4,2.032828276097129,tvd_corrected,AH 1924.0-2052.7m → TVD 1862.5-1984.9m (correction: 61.5m)
BLT-01,141577.55,456881.76,1939.8467782654807,17.43928,48.41419,2.399905,1862.4921546961325,1984.8676041666665,122.4,2.032828276097129,tvd_corrected,AH 1924.0-2052.7m → TVD 1862.5-1984.9m (correction: 61.5m)
BLT-01,141577.55,456881.76,1939.9192755696695,17.5535,49.34069,2.396961,1862.4921546961325,1984.8676041666665,122.4,2.032828276097129,tvd_corrected,AH 1924.0-2052.7m → TVD 1862.5-1984.9m (correction: 61.5m)
BLT-01,141577.55,456881.76,1939.991772873858,17.44335,49.96191,2.393934,1862.4921546961325,1984.8676041666665,122.4,2.032828276097129,tvd_corrected,AH 1924.0-2052.7m → TVD 1862.5-1984.9m (correction: 61.5m)
BLT-01,141577.55,456881.76,1940.0642701780469,17.28058,50.23581,2.390865,1862.4921546961325,1984.8676041666665,122.4,2.032828276097129,tvd_corrected,AH 1924.0-2052.7m → TVD 1862.5-1984.9m (correction: 61.5m)
BLT-01,141577.55,456881.76,1940.1367674822357,17.227410000000003,50.14849,2.387777,1862.4921546961325,1984.8676041666665,122.4,2.032828276097129,tvd_corrected,AH 1924.0-2052.7m → TVD 1862.5-1984.9m (correction: 61.5m)
BLT-01,141577.55,456881.76,1940.2092647864242,17.43653,49.8464,2.384476,1862.4921546961325,1984.8676041666665,122.4,2.032828276097129,tvd_corrected,AH 1924.0-2052.7m → TVD 1862.5-1984.9m (correction: 61.5m)
BLT-01,141577.55,456881.76,1940.281762090613,17.550379999999997,49.46779,2.383172,1862.4921546961325,1984.8676041666665,122.4,2.032828276097129,tvd_corrected,AH 1924.0-2052.7m → TVD 1862.5-1984.9m (correction: 61.5m)
BLT-01,141577.55,456881.76,1940.3542593948016,17.5365,49.26439,2.384445,1862.4921546961325,1984.8676041666665,122.4,2.032828276097129,tvd_corrected,AH 1924.0-2052.7m → TVD 1862.5-1984.9m (correction: 61.5m)
BLT-01,141577.55,456881.76,1940.4267566989904,17.393349999999998,49.38285,2.388523,1862.4921546961325,1984.8676041666665,122.4,2.032828276097129,tvd_corrected,AH 1924.0-2052.7m → TVD 1862.5-1984.9m (correction: 61.5m)
BLT-01,141577.55,456881.76,1940.499254003179,17.23206,49.87799,2.394805,1862.4921546961325,1984.8676041666665,122.4,2.032828276097129,tvd_corrected,AH 1924.0-2052.7m → TVD 1862.5-1984.9m (correction: 61.5m)
BLT-01,141577.55,456881.76,1940.5717513073678,16.87766,50.07846,2.402347,1862.4921546961325,1984.8676041666665,122.4,2.032828276097129,tvd_corrected,AH 1924.0-2052.7m → TVD 1862.5-1984.9m (correction: 61.5m)
BLT-01,141577.55,456881.76,1940.6442486115566,16.51765,49.93563,2.408834,1862.4921546961325,1984.8676041666665,122.4,2.032828276097129,tvd_corrected,AH 1924.0-2052.7m → TVD 1862.5-1984.9m (correction: 61.5m)
BLT-01,141577.55,456881.76,1940.7167459157452,16.23823,49.49117,2.413239,1862.4921546961325,1984.8676041666665,122.4,2.032828276097129,tvd_corrected,AH 1924.0-2052.7m → TVD 1862.5-1984.9m (correction: 61.5m)
BLT-01,141577.55,456881.76,1940.789243219934,16.12735,48.9599,2.414623,1862.4921546961325,1984.8676041666665,122.4,2.032828276097129,tvd_corrected,AH 1924.0-2052.7m → TVD 1862.5-1984.9m (correction: 61.5m)
BLT-01,141577.55,456881.76,1940.8617405241225,16.10006,48.72831,2.416095,1862.4921546961325,1984.8676041666665,122.4,2.032828276097129,tvd_corrected,AH 1924.0-2052.7m → TVD 1862.5-1984.9m (correction: 61.5m)
BLT-01,141577.55,456881.76,1940.9342378283113,16.12159,48.5933,2.417465,1862.4921546961325,1984.8676041666665,122.4,2.032828276097129,tvd_corrected,AH 1924.0-2052.7m → TVD 1862.5-1984.9m (correction: 61.5m)
BLT-01,141577.55,456881.76,1941.0067351325001,16.14585,48.48608,2.418665,1862.4921546961325,1984.8676041666665,122.4,2.032828276097129,tvd_corrected,AH 1924.0-2052.7m → TVD 1862.5-1984.9m (correction: 61.5m)
BLT-01,141577.55,456881.76,1941.0792324366887,16.08629,48.33982,2.419621,1862.4921546961325,1984.8676041666665,122.4,2.032828276097129,tvd_corrected,AH 1924.0-2052.7m → TVD 1862.5-1984.9m (correction: 61.5m)
BLT-01,141577.55,456881.76,1941.1517297408775,16.051299999999998,48.24246,2.421368,1862.4921546961325,1984.8676041666665,122.4,2.032828276097129,tvd_corrected,AH 1924.0-2052.7m → TVD 1862.5-1984.9m (correction: 61.5m)
BLT-01,141577.55,456881.76,1941.224227045066,15.98728,48.19462,2.425038,1862.4921546961325,1984.8676041666665,122.4,2.032828276097129,tvd_corrected,AH 1924.0-2052.7m → TVD 1862.5-1984.9m (correction: 61.5m)
BLT-01,141577.55,456881.76,1941.2967243492549,15.89015,48.13557,2.43013,1862.4921546961325,1984.8676041666665,122.4,2.032828276097129,tvd_corrected,AH 1924.0-2052.7m → TVD 1862.5-1984.9m (correction: 61.5m)
BLT-01,141577.55,456881.76,1941.3692216534434,15.7615,47.98409,2.435801,1862.4921546961325,1984.8676041666665,122.4,2.032828276097129,tvd_corrected,AH 1924.0-2052.7m → TVD 1862.5-1984.9m (correction: 61.5m)
BLT-01,141577.55,456881.76,1941.4417189576322,15.77986,47.66496,2.439156,1862.4921546961325,1984.8676041666665,122.4,2.032828276097129,tvd_corrected,AH 1924.0-2052.7m → TVD 1862.5-1984.9m (correction: 61.5m)
BLT-01,141577.55,456881.76,1941.514216261821,15.61414,47.49875,2.440155,1862.4921546961325,1984.8676041666665,122.4,2.032828276097129,tvd_corrected,AH 1924.0-2052.7m → TVD 1862.5-1984.9m (correction: 61.5m)
BLT-01,141577.55,456881.76,1941.5867135660096,15.36742,47.53511,2.438621,1862.4921546961325,1984.8676041666665,122.4,2.032828276097129,tvd_corrected,AH 1924.0-2052.7m → TVD 1862.5-1984.9m (correction: 61.5m)
BLT-01,141577.55,456881.76,1941.6592108701984,15.15356,47.79966,2.434558,1862.4921546961325,1984.8676041666665,122.4,2.032828276097129,tvd_corrected,AH 1924.0-2052.7m → TVD 1862.5-1984.9m (correction: 61.5m)
BLT-01,141577.55,456881.76,1941.731708174387,15.29461,48.13389,2.429527,1862.4921546961325,1984.8676041666665,122.4,2.032828276097129,tvd_corrected,AH 1924.0-2052.7m → TVD 1862.5-1984.9m (correction: 61.5m)
BLT-01,141577.55,456881.76,1941.8042054785758,15.54118,48.44943,2.425074,1862.4921546961325,1984.8676041666665,122.4,2.032828276097129,tvd_corrected,AH 1924.0-2052.7m → TVD 1862.5-1984.9m (correction: 61.5m)
BLT-01,141577.55,456881.76,1941.8767027827644,15.81401,48.86491,2.421654,1862.4921546961325,1984.8676041666665,122.4,2.032828276097129,tvd_corrected,AH 1924.0-2052.7m → TVD 1862.5-1984.9m (correction: 61.5m)
BLT-01,141577.55,456881.76,1941.9492000869532,16.0638,49.40468,2.419605,1862.4921546961325,1984.8676041666665,122.4,2.032828276097129,tvd_corrected,AH 1924.0-2052.7m → TVD 1862.5-1984.9m (correction: 61.5m)
BLT-01,141577.55,456881.76,1942.021697391142,16.24829,49.80359,2.419572,1862.4921546961325,1984.8676041666665,122.4,2.032828276097129,tvd_corrected,AH 1924.0-2052.7m → TVD 1862.5-1984.9m (correction: 61.5m)
BLT-01,141577.55,456881.76,1942.0941946953305,16.41871,49.78308,2.419765,1862.4921546961325,1984.8676041666665,122.4,2.032828276097129,tvd_corrected,AH 1924.0-2052.7m → TVD 1862.5-1984.9m (correction: 61.5m)
BLT-01,141577.55,456881.76,1942.1666919995193,16.595660000000002,49.46762,2.419278,1862.4921546961325,1984.8676041666665,122.4,2.032828276097129,tvd_corrected,AH 1924.0-2052.7m → TVD 1862.5-1984.9m (correction: 61.5m)
BLT-01,141577.55,456881.76,1942.239189303708,16.741220000000002,48.97694,2.418215,1862.4921546961325,1984.8676041666665,122.4,2.032828276097129,tvd_corrected,AH 1924.0-2052.7m → TVD 1862.5-1984.9m (correction: 61.5m)
BLT-01,141577.55,456881.76,1942.3116866078967,16.69418,48.59769,2.418012,1862.4921546961325,1984.8676041666665,122.4,2.032828276097129,tvd_corrected,AH 1924.0-2052.7m → TVD 1862.5-1984.9m (correction: 61.5m)
BLT-01,141577.55,456881.76,1942.3841839120855,16.51319,48.50449,2.419922,1862.4921546961325,1984.8676041666665,122.4,2.032828276097129,tvd_corrected,AH 1924.0-2052.7m → TVD 1862.5-1984.9m (correction: 61.5m)
BLT-01,141577.55,456881.76,1942.456681216274,16.33438,48.11613,2.424617,1862.4921546961325,1984.8676041666665,122.4,2.032828276097129,tvd_corrected,AH 1924.0-2052.7m → TVD 1862.5-1984.9m (correction: 61.5m)
BLT-01,141577.55,456881.76,1942.529178520463,16.16021,47.35865,2.431182,1862.4921546961325,1984.8676041666665,122.4,2.032828276097129,tvd_corrected,AH 1924.0-2052.7m → TVD 1862.5-1984.9m (correction: 61.5m)
BLT-01,141577.55,456881.76,1942.6016758246515,15.94236,46.30157,2.437392,1862.4921546961325,1984.8676041666665,122.4,2.032828276097129,tvd_corrected,AH 1924.0-2052.7m → TVD 1862.5-1984.9m (correction: 61.5m)
BLT-01,141577.55,456881.76,1942.6741731288403,15.70565,45.50953,2.441315,1862.4921546961325,1984.8676041666665,122.4,2.032828276097129,tvd_corrected,AH 1924.0-2052.7m → TVD 1862.5-1984.9m (correction: 61.5m)
BLT-01,141577.55,456881.76,1942.7466704330288,15.46535,44.92342,2.445529,1862.4921546961325,1984.8676041666665,122.4,2.032828276097129,tvd_corrected,AH 1924.0-2052.7m → TVD 1862.5-1984.9m (correction: 61.5m)
BLT-01,141577.55,456881.76,1942.8191677372176,15.18204,44.64392,2.450878,1862.4921546961325,1984.8676041666665,122.4,2.032828276097129,tvd_corrected,AH 1924.0-2052.7m → TVD 1862.5-1984.9m (correction: 61.5m)
BLT-01,141577.55,456881.76,1942.8916650414064,14.803440000000002,44.80173,2.458162,1862.4921546961325,1984.8676041666665,122.4,2.032828276097129,tvd_corrected,AH 1924.0-2052.7m → TVD 1862.5-1984.9m (correction: 61.5m)
BLT-01,141577.55,456881.76,1942.964162345595,14.4494,45.06551,2.46634,1862.4921546961325,1984.8676041666665,122.4,2.032828276097129,tvd_corrected,AH 1924.0-2052.7m → TVD 1862.5-1984.9m (correction: 61.5m)
BLT-01,141577.55,456881.76,1943.0366596497838,14.20986,45.04914,2.473598,1862.4921546961325,1984.8676041666665,122.4,2.032828276097129,tvd_corrected,AH 1924.0-2052.7m → TVD 1862.5-1984.9m (correction: 61.5m)
BLT-01,141577.55,456881.76,1943.1091569539724,13.99255,44.79909,2.481611,1862.4921546961325,1984.8676041666665,122.4,2.032828276097129,tvd_corrected,AH 1924.0-2052.7m → TVD 1862.5-1984.9m (correction: 61.5m)
BLT-01,141577.55,456881.76,1943.1816542581612,13.727809999999998,44.39799,2.491243,1862.4921546961325,1984.8676041666665,122.4,2.032828276097129,tvd_corrected,AH 1924.0-2052.7m → TVD 1862.5-1984.9m (correction: 61.5m)
BLT-01,141577.55,456881.76,1943.2541515623498,13.58688,44.39809,2.493287,1862.4921546961325,1984.8676041666665,122.4,2.032828276097129,tvd_corrected,AH 1924.0-2052.7m → TVD 1862.5-1984.9m (correction: 61.5m)
BLT-01,141577.55,456881.76,1943.3266488665386,13.73998,44.86712,2.487713,1862.4921546961325,1984.8676041666665,122.4,2.032828276097129,tvd_corrected,AH 1924.0-2052.7m → TVD 1862.5-1984.9m (correction: 61.5m)
BLT-01,141577.55,456881.76,1943.3991461707274,14.14862,45.58569,2.478305,1862.4921546961325,1984.8676041666665,122.4,2.032828276097129,tvd_corrected,AH 1924.0-2052.7m → TVD 1862.5-1984.9m (correction: 61.5m)
BLT-01,141577.55,456881.76,1943.471643474916,14.78815,46.45543,2.466928,1862.4921546961325,1984.8676041666665,122.4,2.032828276097129,tvd_corrected,AH 1924.0-2052.7m → TVD 1862.5-1984.9m (correction: 61.5m)
BLT-01,141577.55,456881.76,1943.5441407791047,15.63342,47.59536,2.452625,1862.4921546961325,1984.8676041666665,122.4,2.032828276097129,tvd_corrected,AH 1924.0-2052.7m → TVD 1862.5-1984.9m (correction: 61.5m)
BLT-01,141577.55,456881.76,1943.6166380832933,16.26249,48.7657,2.43959,1862.4921546961325,1984.8676041666665,122.4,2.032828276097129,tvd_corrected,AH 1924.0-2052.7m → TVD 1862.5-1984.9m (correction: 61.5m)
BLT-01,141577.55,456881.76,1943.689135387482,16.775760000000002,49.92744,2.426391,1862.4921546961325,1984.8676041666665,122.4,2.032828276097129,tvd_corrected,AH 1924.0-2052.7m → TVD 1862.5-1984.9m (correction: 61.5m)
BLT-01,141577.55,456881.76,1943.761632691671,17.25707,51.10145,2.410049,1862.4921546961325,1984.8676041666665,122.4,2.032828276097129,tvd_corrected,AH 1924.0-2052.7m → TVD 1862.5-1984.9m (correction: 61.5m)
BLT-01,141577.55,456881.76,1943.8341299958595,17.88976,52.40525,2.381651,1862.4921546961325,1984.8676041666665,122.4,2.032828276097129,tvd_corrected,AH 1924.0-2052.7m → TVD 1862.5-1984.9m (correction: 61.5m)
BLT-01,141577.55,456881.76,1943.9066273000483,18.59395,52.76238,2.357447,1862.4921546961325,1984.8676041666665,122.4,2.032828276097129,tvd_corrected,AH 1924.0-2052.7m → TVD 1862.5-1984.9m (correction: 61.5m)
BLT-01,141577.55,456881.76,1943.9791246042369,19.34164,52.48397,2.34193,1862.4921546961325,1984.8676041666665,122.4,2.032828276097129,tvd_corrected,AH 1924.0-2052.7m → TVD 1862.5-1984.9m (correction: 61.5m)
BLT-01,141577.55,456881.76,1944.0516219084257,20.00652,51.78046,2.335276,1862.4921546961325,1984.8676041666665,122.4,2.032828276097129,tvd_corrected,AH 1924.0-2052.7m → TVD 1862.5-1984.9m (correction: 61.5m)
BLT-01,141577.55,456881.76,1944.1241192126142,20.33356,50.97681,2.336175,1862.4921546961325,1984.8676041666665,122.4,2.032828276097129,tvd_corrected,AH 1924.0-2052.7m → TVD 1862.5-1984.9m (correction: 61.5m)
BLT-01,141577.55,456881.76,1944.196616516803,20.02923,50.62523,2.344626,1862.4921546961325,1984.8676041666665,122.4,2.032828276097129,tvd_corrected,AH 1924.0-2052.7m → TVD 1862.5-1984.9m (correction: 61.5m)
BLT-01,141577.55,456881.76,1944.2691138209918,19.51082,50.61216,2.355565,1862.4921546961325,1984.8676041666665,122.4,2.032828276097129,tvd_corrected,AH 1924.0-2052.7m → TVD 1862.5-1984.9m (correction: 61.5m)
BLT-01,141577.55,456881.76,1944.3416111251804,18.87306,50.89548,2.368089,1862.4921546961325,1984.8676041666665,122.4,2.032828276097129,tvd_corrected,AH 1924.0-2052.7m → TVD 1862.5-1984.9m (correction: 61.5m)
BLT-01,141577.55,456881.76,1944.4141084293692,18.19865,51.42424,2.38151,1862.4921546961325,1984.8676041666665,122.4,2.032828276097129,tvd_corrected,AH 1924.0-2052.7m → TVD 1862.5-1984.9m (correction: 61.5m)
BLT-01,141577.55,456881.76,1944.4866057335578,17.36885,52.1242,2.396458,1862.4921546961325,1984.8676041666665,122.4,2.032828276097129,tvd_corrected,AH 1924.0-2052.7m → TVD 1862.5-1984.9m (correction: 61.5m)
BLT-01,141577.55,456881.76,1944.5591030377466,16.757530000000003,52.51598,2.408411,1862.4921546961325,1984.8676041666665,122.4,2.032828276097129,tvd_corrected,AH 1924.0-2052.7m → TVD 1862.5-1984.9m (correction: 61.5m)
BLT-01,141577.55,456881.76,1944.6316003419352,16.35938,52.53995,2.416716,1862.4921546961325,1984.8676041666665,122.4,2.032828276097129,tvd_corrected,AH 1924.0-2052.7m → TVD 1862.5-1984.9m (correction: 61.5m)
BLT-01,141577.55,456881.76,1944.704097646124,16.15725,52.12461,2.421134,1862.4921546961325,1984.8676041666665,122.4,2.032828276097129,tvd_corrected,AH 1924.0-2052.7m → TVD 1862.5-1984.9m (correction: 61.5m)
BLT-01,141577.55,456881.76,1944.7765949503128,16.06925,50.75805,2.42464,1862.4921546961325,1984.8676041666665,122.4,2.032828276097129,tvd_corrected,AH 1924.0-2052.7m → TVD 1862.5-1984.9m (correction: 61.5m)
BLT-01,141577.55,456881.76,1944.8490922545013,16.058349999999997,49.42068,2.425904,1862.4921546961325,1984.8676041666665,122.4,2.032828276097129,tvd_corrected,AH 1924.0-2052.7m → TVD 1862.5-1984.9m (correction: 61.5m)
BLT-01,141577.55,456881.76,1944.9215895586901,16.08645,48.35808,2.425487,1862.4921546961325,1984.8676041666665,122.4,2.032828276097129,tvd_corrected,AH 1924.0-2052.7m → TVD 1862.5-1984.9m (correction: 61.5m)
BLT-01,141577.55,456881.76,1944.9940868628787,16.125909999999998,47.703,2.423883,1862.4921546961325,1984.8676041666665,122.4,2.032828276097129,tvd_corrected,AH 1924.0-2052.7m → TVD 1862.5-1984.9m (correction: 61.5m)
BLT-01,141577.55,456881.76,1945.0665841670675,16.12764,47.48962,2.422377,1862.4921546961325,1984.8676041666665,122.4,2.032828276097129,tvd_corrected,AH 1924.0-2052.7m → TVD 1862.5-1984.9m (correction: 61.5m)
BLT-01,141577.55,456881.76,1945.1390814712563,16.21898,47.21494,2.421315,1862.4921546961325,1984.8676041666665,122.4,2.032828276097129,tvd_corrected,AH 1924.0-2052.7m → TVD 1862.5-1984.9m (correction: 61.5m)
BLT-01,141577.55,456881.76,1945.2115787754449,16.32342,46.92326,2.420758,1862.4921546961325,1984.8676041666665,122.4,2.032828276097129,tvd_corrected,AH 1924.0-2052.7m → TVD 1862.5-1984.9m (correction: 61.5m)
BLT-01,141577.55,456881.76,1945.2840760796337,16.39019,46.69584,2.420653,1862.4921546961325,1984.8676041666665,122.4,2.032828276097129,tvd_corrected,AH 1924.0-2052.7m → TVD 1862.5-1984.9m (correction: 61.5m)
BLT-01,141577.55,456881.76,1945.3565733838223,16.32628,46.76553,2.420744,1862.4921546961325,1984.8676041666665,122.4,2.032828276097129,tvd_corrected,AH 1924.0-2052.7m → TVD 1862.5-1984.9m (correction: 61.5m)
BLT-01,141577.55,456881.76,1945.429070688011,15.98433,47.27907,2.422116,1862.4921546961325,1984.8676041666665,122.4,2.032828276097129,tvd_corrected,AH 1924.0-2052.7m → TVD 1862.5-1984.9m (correction: 61.5m)
BLT-01,141577.55,456881.76,1945.5015679921996,15.63243,47.8911,2.4244,1862.4921546961325,1984.8676041666665,122.4,2.032828276097129,tvd_corrected,AH 1924.0-2052.7m → TVD 1862.5-1984.9m (correction: 61.5m)
BLT-01,141577.55,456881.76,1945.5740652963884,15.371199999999998,48.48725,2.427242,1862.4921546961325,1984.8676041666665,122.4,2.032828276097129,tvd_corrected,AH 1924.0-2052.7m → TVD 1862.5-1984.9m (correction: 61.5m)
BLT-01,141577.55,456881.76,1945.6465626005772,15.31198,48.95565,2.430045,1862.4921546961325,1984.8676041666665,122.4,2.032828276097129,tvd_corrected,AH 1924.0-2052.7m → TVD 1862.5-1984.9m (correction: 61.5m)
BLT-01,141577.55,456881.76,1945.7190599047658,15.1533,49.40988,2.432043,1862.4921546961325,1984.8676041666665,122.4,2.032828276097129,tvd_corrected,AH 1924.0-2052.7m → TVD 1862.5-1984.9m (correction: 61.5m)
BLT-01,141577.55,456881.76,1945.7915572089546,15.01505,49.63655,2.433111,1862.4921546961325,1984.8676041666665,122.4,2.032828276097129,tvd_corrected,AH 1924.0-2052.7m → TVD 1862.5-1984.9m (correction: 61.5m)
BLT-01,141577.55,456881.76,1945.8640545131432,14.88276,49.633,2.433862,1862.4921546961325,1984.8676041666665,122.4,2.032828276097129,tvd_corrected,AH 1924.0-2052.7m → TVD 1862.5-1984.9m (correction: 61.5m)
BLT-01,141577.55,456881.76,1945.936551817332,14.72652,49.42322,2.435089,1862.4921546961325,1984.8676041666665,122.4,2.032828276097129,tvd_corrected,AH 1924.0-2052.7m → TVD 1862.5-1984.9m (correction: 61.5m)
BLT-01,141577.55,456881.76,1946.0090491215205,14.50586,49.30255,2.440143,1862.4921546961325,1984.8676041666665,122.4,2.032828276097129,tvd_corrected,AH 1924.0-2052.7m → TVD 1862.5-1984.9m (correction: 61.5m)
BLT-01,141577.55,456881.76,1946.0815464257093,13.883210000000002,49.03555,2.455953,1862.4921546961325,1984.8676041666665,122.4,2.032828276097129,tvd_corrected,AH 1924.0-2052.7m → TVD 1862.5-1984.9m (correction: 61.5m)
BLT-01,141577.55,456881.76,1946.1540437298981,13.017319999999998,48.70121,2.478243,1862.4921546961325,1984.8676041666665,122.4,2.032828276097129,tvd_corrected,AH 1924.0-2052.7m → TVD 1862.5-1984.9m (correction: 61.5m)
BLT-01,141577.55,456881.76,1946.2265410340867,12.07556,48.38163,2.502687,1862.4921546961325,1984.8676041666665,122.4,2.032828276097129,tvd_corrected,AH 1924.0-2052.7m → TVD 1862.5-1984.9m (correction: 61.5m)
BLT-01,141577.55,456881.76,1946.2990383382755,11.48199,48.28907,2.520358,1862.4921546961325,1984.8676041666665,122.4,2.032828276097129,tvd_corrected,AH 1924.0-2052.7m → TVD 1862.5-1984.9m (correction: 61.5m)
BLT-01,141577.55,456881.76,1946.371535642464,11.14711,48.40501,2.531805,1862.4921546961325,1984.8676041666665,122.4,2.032828276097129,tvd_corrected,AH 1924.0-2052.7m → TVD 1862.5-1984.9m (correction: 61.5m)
BLT-01,141577.55,456881.76,1946.444032946653,11.15782,48.56304,2.534749,1862.4921546961325,1984.8676041666665,122.4,2.032828276097129,tvd_corrected,AH 1924.0-2052.7m → TVD 1862.5-1984.9m (correction: 61.5m)
BLT-01,141577.55,456881.76,1946.5165302508417,11.57358,48.6454,2.528245,1862.4921546961325,1984.8676041666665,122.4,2.032828276097129,tvd_corrected,AH 1924.0-2052.7m → TVD 1862.5-1984.9m (correction: 61.5m)
BLT-01,141577.55,456881.76,1946.5890275550303,12.48882,48.44973,2.513596,1862.4921546961325,1984.8676041666665,122.4,2.032828276097129,tvd_corrected,AH 1924.0-2052.7m → TVD 1862.5-1984.9m (correction: 61.5m)
BLT-01,141577.55,456881.76,1946.661524859219,13.42116,48.29725,2.497512,1862.4921546961325,1984.8676041666665,122.4,2.032828276097129,tvd_corrected,AH 1924.0-2052.7m → TVD 1862.5-1984.9m (correction: 61.5m)
BLT-01,141577.55,456881.76,1946.7340221634076,14.50351,48.06461,2.477352,1862.4921546961325,1984.8676041666665,122.4,2.032828276097129,tvd_corrected,AH 1924.0-2052.7m → TVD 1862.5-1984.9m (correction: 61.5m)
BLT-01,141577.55,456881.76,1946.8065194675964,15.71221,47.7012,2.45394,1862.4921546961325,1984.8676041666665,122.4,2.032828276097129,tvd_corrected,AH 1924.0-2052.7m → TVD 1862.5-1984.9m (correction: 61.5m)
BLT-01,141577.55,456881.76,1946.879016771785,16.83065,47.16298,2.432765,1862.4921546961325,1984.8676041666665,122.4,2.032828276097129,tvd_corrected,AH 1924.0-2052.7m → TVD 1862.5-1984.9m (correction: 61.5m)
BLT-01,141577.55,456881.76,1946.9515140759738,17.55193,46.76425,2.417695,1862.4921546961325,1984.8676041666665,122.4,2.032828276097129,tvd_corrected,AH 1924.0-2052.7m → TVD 1862.5-1984.9m (correction: 61.5m)
BLT-01,141577.55,456881.76,1947.0240113801626,18.13115,46.91261,2.401137,1862.4921546961325,1984.8676041666665,122.4,2.032828276097129,tvd_corrected,AH 1924.0-2052.7m → TVD 1862.5-1984.9m (correction: 61.5m)
BLT-01,141577.55,456881.76,1947.0965086843512,18.5403,47.61189,2.384301,1862.4921546961325,1984.8676041666665,122.4,2.032828276097129,tvd_corrected,AH 1924.0-2052.7m → TVD 1862.5-1984.9m (correction: 61.5m)
BLT-01,141577.55,456881.76,1947.16900598854,18.63603,48.73089,2.372216,1862.4921546961325,1984.8676041666665,122.4,2.032828276097129,tvd_corrected,AH 1924.0-2052.7m → TVD 1862.5-1984.9m (correction: 61.5m)
BLT-01,141577.55,456881.76,1947.2415032927286,18.59441,49.54616,2.368885,1862.4921546961325,1984.8676041666665,122.4,2.032828276097129,tvd_corrected,AH 1924.0-2052.7m → TVD 1862.5-1984.9m (correction: 61.5m)
BLT-01,141577.55,456881.76,1947.3140005969174,18.73501,49.90668,2.369547,1862.4921546961325,1984.8676041666665,122.4,2.032828276097129,tvd_corrected,AH 1924.0-2052.7m → TVD 1862.5-1984.9m (correction: 61.5m)
BLT-01,141577.55,456881.76,1947.386497901106,18.95471,49.89141,2.372591,1862.4921546961325,1984.8676041666665,122.4,2.032828276097129,tvd_corrected,AH 1924.0-2052.7m → TVD 1862.5-1984.9m (correction: 61.5m)
BLT-01,141577.55,456881.76,1947.4589952052947,19.09475,49.62357,2.376375,1862.4921546961325,1984.8676041666665,122.4,2.032828276097129,tvd_corrected,AH 1924.0-2052.7m → TVD 1862.5-1984.9m (correction: 61.5m)
BLT-01,141577.55,456881.76,1947.5314925094835,19.14968,49.36486,2.377387,1862.4921546961325,1984.8676041666665,122.4,2.032828276097129,tvd_corrected,AH 1924.0-2052.7m → TVD 1862.5-1984.9m (correction: 61.5m)
BLT-01,141577.55,456881.76,1947.6039898136721,19.27657,49.13342,2.375684,1862.4921546961325,1984.8676041666665,122.4,2.032828276097129,tvd_corrected,AH 1924.0-2052.7m → TVD 1862.5-1984.9m (correction: 61.5m)
BLT-01,141577.55,456881.76,1947.676487117861,19.59191,48.93541,2.369368,1862.4921546961325,1984.8676041666665,122.4,2.032828276097129,tvd_corrected,AH 1924.0-2052.7m → TVD 1862.5-1984.9m (correction: 61.5m)
BLT-01,141577.55,456881.76,1947.7489844220495,20.17551,48.77137,2.357409,1862.4921546961325,1984.8676041666665,122.4,2.032828276097129,tvd_corrected,AH 1924.0-2052.7m → TVD 1862.5-1984.9m (correction: 61.5m)
BLT-01,141577.55,456881.76,1947.8214817262383,20.88972,48.59181,2.345264,1862.4921546961325,1984.8676041666665,122.4,2.032828276097129,tvd_corrected,AH 1924.0-2052.7m → TVD 1862.5-1984.9m (correction: 61.5m)
BLT-01,141577.55,456881.76,1947.893979030427,21.2338,48.66309,2.337559,1862.4921546961325,1984.8676041666665,122.4,2.032828276097129,tvd_corrected,AH 1924.0-2052.7m → TVD 1862.5-1984.9m (correction: 61.5m)
BLT-01,141577.55,456881.76,1947.9664763346157,21.34582,49.201,2.333395,1862.4921546961325,1984.8676041666665,122.4,2.032828276097129,tvd_corrected,AH 1924.0-2052.7m → TVD 1862.5-1984.9m (correction: 61.5m)
BLT-01,141577.55,456881.76,1948.0389736388045,21.32366,50.23133,2.332258,1862.4921546961325,1984.8676041666665,122.4,2.032828276097129,tvd_corrected,AH 1924.0-2052.7m → TVD 1862.5-1984.9m (correction: 61.5m)
BLT-01,141577.55,456881.76,1948.111470942993,21.34019,51.2671,2.333762,1862.4921546961325,1984.8676041666665,122.4,2.032828276097129,tvd_corrected,AH 1924.0-2052.7m → TVD 1862.5-1984.9m (correction: 61.5m)
BLT-01,141577.55,456881.76,1948.1839682471818,21.21236,51.83007,2.335562,1862.4921546961325,1984.8676041666665,122.4,2.032828276097129,tvd_corrected,AH 1924.0-2052.7m → TVD 1862.5-1984.9m (correction: 61.5m)
BLT-01,141577.55,456881.76,1948.2564655513704,21.01658,52.12517,2.336959,1862.4921546961325,1984.8676041666665,122.4,2.032828276097129,tvd_corrected,AH 1924.0-2052.7m → TVD 1862.5-1984.9m (correction: 61.5m)
BLT-01,141577.55,456881.76,1948.3289628555592,20.77444,52.23692,2.337916,1862.4921546961325,1984.8676041666665,122.4,2.032828276097129,tvd_corrected,AH 1924.0-2052.7m → TVD 1862.5-1984.9m (correction: 61.5m)
BLT-01,141577.55,456881.76,1948.401460159748,20.48213,52.24271,2.339,1862.4921546961325,1984.8676041666665,122.4,2.032828276097129,tvd_corrected,AH 1924.0-2052.7m → TVD 1862.5-1984.9m (correction: 61.5m)
BLT-01,141577.55,456881.76,1948.4739574639366,20.37093,52.27771,2.340026,1862.4921546961325,1984.8676041666665,122.4,2.032828276097129,tvd_corrected,AH 1924.0-2052.7m → TVD 1862.5-1984.9m (correction: 61.5m)
BLT-01,141577.55,456881.76,1948.5464547681254,20.41409,52.58657,2.34072,1862.4921546961325,1984.8676041666665,122.4,2.032828276097129,tvd_corrected,AH 1924.0-2052.7m → TVD 1862.5-1984.9m (correction: 61.5m)
BLT-01,141577.55,456881.76,1948.618952072314,20.58492,53.14115,2.341096,1862.4921546961325,1984.8676041666665,122.4,2.032828276097129,tvd_corrected,AH 1924.0-2052.7m → TVD 1862.5-1984.9m (correction: 61.5m)
BLT-01,141577.55,456881.76,1948.6914493765028,20.83934,53.8062,2.341269,1862.4921546961325,1984.8676041666665,122.4,2.032828276097129,tvd_corrected,AH 1924.0-2052.7m → TVD 1862.5-1984.9m (correction: 61.5m)
BLT-01,141577.55,456881.76,1948.7639466806913,20.96192,53.70696,2.340877,1862.4921546961325,1984.8676041666665,122.4,2.032828276097129,tvd_corrected,AH 1924.0-2052.7m → TVD 1862.5-1984.9m (correction: 61.5m)
BLT-01,141577.55,456881.76,1948.8364439848801,21.02895,53.04189,2.339494,1862.4921546961325,1984.8676041666665,122.4,2.032828276097129,tvd_corrected,AH 1924.0-2052.7m → TVD 1862.5-1984.9m (correction: 61.5m)
BLT-01,141577.55,456881.76,1948.908941289069,20.98746,51.94478,2.336016,1862.4921546961325,1984.8676041666665,122.4,2.032828276097129,tvd_corrected,AH 1924.0-2052.7m → TVD 1862.5-1984.9m (correction: 61.5m)
BLT-01,141577.55,456881.76,1948.9814385932575,20.77106,50.57732,2.329211,1862.4921546961325,1984.8676041666665,122.4,2.032828276097129,tvd_corrected,AH 1924.0-2052.7m → TVD 1862.5-1984.9m (correction: 61.5m)
BLT-01,141577.55,456881.76,1949.0539358974463,20.77209,49.85006,2.323015,1862.4921546961325,1984.8676041666665,122.4,2.032828276097129,tvd_corrected,AH 1924.0-2052.7m → TVD 1862.5-1984.9m (correction: 61.5m)
BLT-01,141577.55,456881.76,1949.1264332016349,21.0112,49.58624,2.319466,1862.4921546961325,1984.8676041666665,122.4,2.032828276097129,tvd_corrected,AH 1924.0-2052.7m → TVD 1862.5-1984.9m (correction: 61.5m)
BLT-01,141577.55,456881.76,1949.1989305058237,21.28515,49.5719,2.317382,1862.4921546961325,1984.8676041666665,122.4,2.032828276097129,tvd_corrected,AH 1924.0-2052.7m → TVD 1862.5-1984.9m (correction: 61.5m)
BLT-01,141577.55,456881.76,1949.2714278100125,21.440890000000003,49.62885,2.315531,1862.4921546961325,1984.8676041666665,122.4,2.032828276097129,tvd_corrected,AH 1924.0-2052.7m → TVD 1862.5-1984.9m (correction: 61.5m)
BLT-01,141577.55,456881.76,1949.343925114201,21.60644,49.73413,2.310501,1862.4921546961325,1984.8676041666665,122.4,2.032828276097129,tvd_corrected,AH 1924.0-2052.7m → TVD 1862.5-1984.9m (correction: 61.5m)
BLT-01,141577.55,456881.76,1949.4164224183899,21.84978,49.60088,2.304541,1862.4921546961325,1984.8676041666665,122.4,2.032828276097129,tvd_corrected,AH 1924.0-2052.7m → TVD 1862.5-1984.9m (correction: 61.5m)
BLT-01,141577.55,456881.76,1949.4889197225784,21.97087,49.29591,2.299381,1862.4921546961325,1984.8676041666665,122.4,2.032828276097129,tvd_corrected,AH 1924.0-2052.7m → TVD 1862.5-1984.9m (correction: 61.5m)
BLT-01,141577.55,456881.76,1949.5614170267672,21.92201,48.91778,2.29586,1862.4921546961325,1984.8676041666665,122.4,2.032828276097129,tvd_corrected,AH 1924.0-2052.7m → TVD 1862.5-1984.9m (correction: 61.5m)
BLT-01,141577.55,456881.76,1949.6339143309558,21.99311,48.84881,2.293942,1862.4921546961325,1984.8676041666665,122.4,2.032828276097129,tvd_corrected,AH 1924.0-2052.7m → TVD 1862.5-1984.9m (correction: 61.5m)
BLT-01,141577.55,456881.76,1949.7064116351446,22.23198,49.15134,2.293141,1862.4921546961325,1984.8676041666665,122.4,2.032828276097129,tvd_corrected,AH 1924.0-2052.7m → TVD 1862.5-1984.9m (correction: 61.5m)
BLT-01,141577.55,456881.76,1949.7789089393334,22.46318,49.54622,2.292547,1862.4921546961325,1984.8676041666665,122.4,2.032828276097129,tvd_corrected,AH 1924.0-2052.7m → TVD 1862.5-1984.9m (correction: 61.5m)
BLT-01,141577.55,456881.76,1949.851406243522,22.63085,49.8767,2.291706,1862.4921546961325,1984.8676041666665,122.4,2.032828276097129,tvd_corrected,AH 1924.0-2052.7m → TVD 1862.5-1984.9m (correction: 61.5m)
BLT-01,141577.55,456881.76,1949.9239035477108,22.71966,49.89919,2.290003,1862.4921546961325,1984.8676041666665,122.4,2.032828276097129,tvd_corrected,AH 1924.0-2052.7m → TVD 1862.5-1984.9m (correction: 61.5m)
BLT-01,141577.55,456881.76,1949.9964008518994,22.50776,49.41087,2.28651,1862.4921546961325,1984.8676041666665,122.4,2.032828276097129,tvd_corrected,AH 1924.0-2052.7m → TVD 1862.5-1984.9m (correction: 61.5m)
BLT-01,141577.55,456881.76,1950.0688981560882,22.25208,48.84576,2.283611,1862.4921546961325,1984.8676041666665,122.4,2.032828276097129,tvd_corrected,AH 1924.0-2052.7m → TVD 1862.5-1984.9m (correction: 61.5m)
BLT-01,141577.55,456881.76,1950.1413954602767,22.01185,48.27987,2.282552,1862.4921546961325,1984.8676041666665,122.4,2.032828276097129,tvd_corrected,AH 1924.0-2052.7m → TVD 1862.5-1984.9m (correction: 61.5m)
BLT-01,141577.55,456881.76,1950.2138927644655,21.82227,47.72609,2.284997,1862.4921546961325,1984.8676041666665,122.4,2.032828276097129,tvd_corrected,AH 1924.0-2052.7m → TVD 1862.5-1984.9m (correction: 61.5m)
BLT-01,141577.55,456881.76,1950.2863900686543,21.5076,47.08994,2.294323,1862.4921546961325,1984.8676041666665,122.4,2.032828276097129,tvd_corrected,AH 1924.0-2052.7m → TVD 1862.5-1984.9m (correction: 61.5m)
BLT-01,141577.55,456881.76,1950.358887372843,21.19398,46.73122,2.303657,1862.4921546961325,1984.8676041666665,122.4,2.032828276097129,tvd_corrected,AH 1924.0-2052.7m → TVD 1862.5-1984.9m (correction: 61.5m)
BLT-01,141577.55,456881.76,1950.4313846770317,20.93806,46.68283,2.311385,1862.4921546961325,1984.8676041666665,122.4,2.032828276097129,tvd_corrected,AH 1924.0-2052.7m → TVD 1862.5-1984.9m (correction: 61.5m)
BLT-01,141577.55,456881.76,1950.5038819812203,20.79459,46.94525,2.3162,1862.4921546961325,1984.8676041666665,122.4,2.032828276097129,tvd_corrected,AH 1924.0-2052.7m → TVD 1862.5-1984.9m (correction: 61.5m)
BLT-01,141577.55,456881.76,1950.576379285409,20.5158,47.34858,2.323699,1862.4921546961325,1984.8676041666665,122.4,2.032828276097129,tvd_corrected,AH 1924.0-2052.7m → TVD 1862.5-1984.9m (correction: 61.5m)
BLT-01,141577.55,456881.76,1950.6488765895979,20.08919,47.60927,2.333266,1862.4921546961325,1984.8676041666665,122.4,2.032828276097129,tvd_corrected,AH 1924.0-2052.7m → TVD 1862.5-1984.9m (correction: 61.5m)
BLT-01,141577.55,456881.76,1950.7213738937864,19.68383,47.68015,2.343931,1862.4921546961325,1984.8676041666665,122.4,2.032828276097129,tvd_corrected,AH 1924.0-2052.7m → TVD 1862.5-1984.9m (correction: 61.5m)
BLT-01,141577.55,456881.76,1950.7938711979752,19.42255,47.52221,2.354983,1862.4921546961325,1984.8676041666665,122.4,2.032828276097129,tvd_corrected,AH 1924.0-2052.7m → TVD 1862.5-1984.9m (correction: 61.5m)
BLT-01,141577.55,456881.76,1950.8663685021638,19.19542,47.05352,2.36734,1862.4921546961325,1984.8676041666665,122.4,2.032828276097129,tvd_corrected,AH 1924.0-2052.7m → TVD 1862.5-1984.9m (correction: 61.5m)
BLT-01,141577.55,456881.76,1950.9388658063526,18.74622,45.95116,2.380142,1862.4921546961325,1984.8676041666665,122.4,2.032828276097129,tvd_corrected,AH 1924.0-2052.7m → TVD 1862.5-1984.9m (correction: 61.5m)
BLT-01,141577.55,456881.76,1951.0113631105412,18.1963,44.76053,2.389184,1862.4921546961325,1984.8676041666665,122.4,2.032828276097129,tvd_corrected,AH 1924.0-2052.7m → TVD 1862.5-1984.9m (correction: 61.5m)
BLT-01,141577.55,456881.76,1951.08386041473,17.6226,43.8065,2.392198,1862.4921546961325,1984.8676041666665,122.4,2.032828276097129,tvd_corrected,AH 1924.0-2052.7m → TVD 1862.5-1984.9m (correction: 61.5m)
BLT-01,141577.55,456881.76,1951.1563577189188,17.13191,43.44979,2.387769,1862.4921546961325,1984.8676041666665,122.4,2.032828276097129,tvd_corrected,AH 1924.0-2052.7m → TVD 1862.5-1984.9m (correction: 61.5m)
BLT-01,141577.55,456881.76,1951.2288550231074,16.23176,42.94268,2.391431,1862.4921546961325,1984.8676041666665,122.4,2.032828276097129,tvd_corrected,AH 1924.0-2052.7m → TVD 1862.5-1984.9m (correction: 61.5m)
BLT-01,141577.55,456881.76,1951.3013523272962,15.16059,42.3386,2.404761,1862.4921546961325,1984.8676041666665,122.4,2.032828276097129,tvd_corrected,AH 1924.0-2052.7m → TVD 1862.5-1984.9m (correction: 61.5m)
BLT-01,141577.55,456881.76,1951.3738496314847,14.05001,41.72183,2.427352,1862.4921546961325,1984.8676041666665,122.4,2.032828276097129,tvd_corrected,AH 1924.0-2052.7m → TVD 1862.5-1984.9m (correction: 61.5m)
BLT-01,141577.55,456881.76,1951.4463469356735,13.10109,41.31025,2.456515,1862.4921546961325,1984.8676041666665,122.4,2.032828276097129,tvd_corrected,AH 1924.0-2052.7m → TVD 1862.5-1984.9m (correction: 61.5m)
BLT-01,141577.55,456881.76,1951.5188442398621,12.21482,41.01353,2.483696,1862.4921546961325,1984.8676041666665,122.4,2.032828276097129,tvd_corrected,AH 1924.0-2052.7m → TVD 1862.5-1984.9m (correction: 61.5m)
BLT-01,141577.55,456881.76,1951.591341544051,11.54083,40.9925,2.501109,1862.4921546961325,1984.8676041666665,122.4,2.032828276097129,tvd_corrected,AH 1924.0-2052.7m → TVD 1862.5-1984.9m (correction: 61.5m)
BLT-01,141577.55,456881.76,1951.6638388482397,11.17465,41.2732,2.506591,1862.4921546961325,1984.8676041666665,122.4,2.032828276097129,tvd_corrected,AH 1924.0-2052.7m → TVD 1862.5-1984.9m (correction: 61.5m)
BLT-01,141577.55,456881.76,1951.7363361524283,11.25259,41.85707,2.498358,1862.4921546961325,1984.8676041666665,122.4,2.032828276097129,tvd_corrected,AH 1924.0-2052.7m → TVD 1862.5-1984.9m (correction: 61.5m)
BLT-01,141577.55,456881.76,1951.808833456617,11.66549,42.56972,2.485906,1862.4921546961325,1984.8676041666665,122.4,2.032828276097129,tvd_corrected,AH 1924.0-2052.7m → TVD 1862.5-1984.9m (correction: 61.5m)
BLT-01,141577.55,456881.76,1951.8813307608057,11.97085,43.49837,2.477315,1862.4921546961325,1984.8676041666665,122.4,2.032828276097129,tvd_corrected,AH 1924.0-2052.7m → TVD 1862.5-1984.9m (correction: 61.5m)
BLT-01,141577.55,456881.76,1951.9538280649945,12.10055,44.48306,2.473119,1862.4921546961325,1984.8676041666665,122.4,2.032828276097129,tvd_corrected,AH 1924.0-2052.7m → TVD 1862.5-1984.9m (correction: 61.5m)
BLT-01,141577.55,456881.76,1952.0263253691833,12.01473,45.32677,2.473174,1862.4921546961325,1984.8676041666665,122.4,2.032828276097129,tvd_corrected,AH 1924.0-2052.7m → TVD 1862.5-1984.9m (correction: 61.5m)
BLT-01,141577.55,456881.76,1952.0988226733718,12.01658,45.87417,2.472012,1862.4921546961325,1984.8676041666665,122.4,2.032828276097129,tvd_corrected,AH 1924.0-2052.7m → TVD 1862.5-1984.9m (correction: 61.5m)
BLT-01,141577.55,456881.76,1952.1713199775606,12.30649,46.33457,2.464885,1862.4921546961325,1984.8676041666665,122.4,2.032828276097129,tvd_corrected,AH 1924.0-2052.7m → TVD 1862.5-1984.9m (correction: 61.5m)
BLT-01,141577.55,456881.76,1952.2438172817492,12.70899,46.68725,2.456255,1862.4921546961325,1984.8676041666665,122.4,2.032828276097129,tvd_corrected,AH 1924.0-2052.7m → TVD 1862.5-1984.9m (correction: 61.5m)
BLT-01,141577.55,456881.76,1952.316314585938,13.0714,46.92768,2.450172,1862.4921546961325,1984.8676041666665,122.4,2.032828276097129,tvd_corrected,AH 1924.0-2052.7m → TVD 1862.5-1984.9m (correction: 61.5m)
BLT-01,141577.55,456881.76,1952.3888118901266,13.19692,47.16721,2.454031,1862.4921546961325,1984.8676041666665,122.4,2.032828276097129,tvd_corrected,AH 1924.0-2052.7m → TVD 1862.5-1984.9m (correction: 61.5m)
BLT-01,141577.55,456881.76,1952.4613091943154,13.23505,47.54514,2.461811,1862.4921546961325,1984.8676041666665,122.4,2.032828276097129,tvd_corrected,AH 1924.0-2052.7m → TVD 1862.5-1984.9m (correction: 61.5m)
BLT-01,141577.55,456881.76,1952.5338064985042,13.45155,48.09869,2.46714,1862.4921546961325,1984.8676041666665,122.4,2.032828276097129,tvd_corrected,AH 1924.0-2052.7m → TVD 1862.5-1984.9m (correction: 61.5m)
BLT-01,141577.55,456881.76,1952.6063038026928,14.0019,48.81376,2.465898,1862.4921546961325,1984.8676041666665,122.4,2.032828276097129,tvd_corrected,AH 1924.0-2052.7m → TVD 1862.5-1984.9m (correction: 61.5m)
BLT-01,141577.55,456881.76,1952.6788011068816,15.05524,49.51651,2.451879,1862.4921546961325,1984.8676041666665,122.4,2.032828276097129,tvd_corrected,AH 1924.0-2052.7m → TVD 1862.5-1984.9m (correction: 61.5m)
BLT-01,141577.55,456881.76,1952.7512984110701,16.08765,50.2449,2.431306,1862.4921546961325,1984.8676041666665,122.4,2.032828276097129,tvd_corrected,AH 1924.0-2052.7m → TVD 1862.5-1984.9m (correction: 61.5m)
BLT-01,141577.55,456881.76,1952.823795715259,16.89022,50.82985,2.409221,1862.4921546961325,1984.8676041666665,122.4,2.032828276097129,tvd_corrected,AH 1924.0-2052.7m → TVD 1862.5-1984.9m (correction: 61.5m)
BLT-01,141577.55,456881.76,1952.8962930194475,17.39997,51.08984,2.390199,1862.4921546961325,1984.8676041666665,122.4,2.032828276097129,tvd_corrected,AH 1924.0-2052.7m → TVD 1862.5-1984.9m (correction: 61.5m)
BLT-01,141577.55,456881.76,1952.9687903236363,17.60145,50.60933,2.384037,1862.4921546961325,1984.8676041666665,122.4,2.032828276097129,tvd_corrected,AH 1924.0-2052.7m → TVD 1862.5-1984.9m (correction: 61.5m)
BLT-01,141577.55,456881.76,1953.041287627825,17.47018,49.84356,2.391498,1862.4921546961325,1984.8676041666665,122.4,2.032828276097129,tvd_corrected,AH 1924.0-2052.7m → TVD 1862.5-1984.9m (correction: 61.5m)
BLT-01,141577.55,456881.76,1953.1137849320137,17.1737,49.04956,2.402877,1862.4921546961325,1984.8676041666665,122.4,2.032828276097129,tvd_corrected,AH 1924.0-2052.7m → TVD 1862.5-1984.9m (correction: 61.5m)
BLT-01,141577.55,456881.76,1953.1862822362025,16.7321,48.19158,2.416967,1862.4921546961325,1984.8676041666665,122.4,2.032828276097129,tvd_corrected,AH 1924.0-2052.7m → TVD 1862.5-1984.9m (correction: 61.5m)
BLT-01,141577.55,456881.76,1953.258779540391,16.13631,47.13148,2.434237,1862.4921546961325,1984.8676041666665,122.4,2.032828276097129,tvd_corrected,AH 1924.0-2052.7m → TVD 1862.5-1984.9m (correction: 61.5m)
BLT-01,141577.55,456881.76,1953.3312768445799,15.78732,45.85077,2.446791,1862.4921546961325,1984.8676041666665,122.4,2.032828276097129,tvd_corrected,AH 1924.0-2052.7m → TVD 1862.5-1984.9m (correction: 61.5m)
BLT-01,141577.55,456881.76,1953.4037741487687,15.54419,44.66615,2.454371,1862.4921546961325,1984.8676041666665,122.4,2.032828276097129,tvd_corrected,AH 1924.0-2052.7m → TVD 1862.5-1984.9m (correction: 61.5m)
BLT-01,141577.55,456881.76,1953.4762714529572,15.23903,43.69557,2.458299,1862.4921546961325,1984.8676041666665,122.4,2.032828276097129,tvd_corrected,AH 1924.0-2052.7m → TVD 1862.5-1984.9m (correction: 61.5m)
BLT-01,141577.55,456881.76,1953.548768757146,14.69317,43.04939,2.460242,1862.4921546961325,1984.8676041666665,122.4,2.032828276097129,tvd_corrected,AH 1924.0-2052.7m → TVD 1862.5-1984.9m (correction: 61.5m)
BLT-01,141577.55,456881.76,1953.6212660613346,14.23257,42.95769,2.46155,1862.4921546961325,1984.8676041666665,122.4,2.032828276097129,tvd_corrected,AH 1924.0-2052.7m → TVD 1862.5-1984.9m (correction: 61.5m)
BLT-01,141577.55,456881.76,1953.6937633655234,13.85762,42.87926,2.4645,1862.4921546961325,1984.8676041666665,122.4,2.032828276097129,tvd_corrected,AH 1924.0-2052.7m → TVD 1862.5-1984.9m (correction: 61.5m)
BLT-01,141577.55,456881.76,1953.7662606697122,13.44779,42.59688,2.471661,1862.4921546961325,1984.8676041666665,122.4,2.032828276097129,tvd_corrected,AH 1924.0-2052.7m → TVD 1862.5-1984.9m (correction: 61.5m)
BLT-01,141577.55,456881.76,1953.8387579739008,12.947729999999998,42.00596,2.484175,1862.4921546961325,1984.8676041666665,122.4,2.032828276097129,tvd_corrected,AH 1924.0-2052.7m → TVD 1862.5-1984.9m (correction: 61.5m)
BLT-01,141577.55,456881.76,1953.9112552780896,12.75814,41.74121,2.493802,1862.4921546961325,1984.8676041666665,122.4,2.032828276097129,tvd_corrected,AH 1924.0-2052.7m → TVD 1862.5-1984.9m (correction: 61.5m)
BLT-01,141577.55,456881.76,1953.9837525822782,12.92673,42.14089,2.492838,1862.4921546961325,1984.8676041666665,122.4,2.032828276097129,tvd_corrected,AH 1924.0-2052.7m → TVD 1862.5-1984.9m (correction: 61.5m)
BLT-01,141577.55,456881.76,1954.056249886467,13.58496,43.45883,2.474661,1862.4921546961325,1984.8676041666665,122.4,2.032828276097129,tvd_corrected,AH 1924.0-2052.7m → TVD 1862.5-1984.9m (correction: 61.5m)
BLT-01,141577.55,456881.76,1954.1287471906555,14.74068,45.68018,2.438573,1862.4921546961325,1984.8676041666665,122.4,2.032828276097129,tvd_corrected,AH 1924.0-2052.7m → TVD 1862.5-1984.9m (correction: 61.5m)
BLT-01,141577.55,456881.76,1954.2012444948443,16.11098,48.09864,2.397181,1862.4921546961325,1984.8676041666665,122.4,2.032828276097129,tvd_corrected,AH 1924.0-2052.7m → TVD 1862.5-1984.9m (correction: 61.5m)
BLT-01,141577.55,456881.76,1954.273741799033,18.00577,50.42081,2.362135,1862.4921546961325,1984.8676041666665,122.4,2.032828276097129,tvd_corrected,AH 1924.0-2052.7m → TVD 1862.5-1984.9m (correction: 61.5m)
BLT-01,141577.55,456881.76,1954.3462391032217,19.69388,52.34733,2.336764,1862.4921546961325,1984.8676041666665,122.4,2.032828276097129,tvd_corrected,AH 1924.0-2052.7m → TVD 1862.5-1984.9m (correction: 61.5m)
BLT-01,141577.55,456881.76,1954.4187364074105,20.84503,53.58315,2.322562,1862.4921546961325,1984.8676041666665,122.4,2.032828276097129,tvd_corrected,AH 1924.0-2052.7m → TVD 1862.5-1984.9m (correction: 61.5m)
BLT-01,141577.55,456881.76,1954.491233711599,21.06154,53.48191,2.321324,1862.4921546961325,1984.8676041666665,122.4,2.032828276097129,tvd_corrected,AH 1924.0-2052.7m → TVD 1862.5-1984.9m (correction: 61.5m)
BLT-01,141577.55,456881.76,1954.5637310157879,21.49482,52.7116,2.3193,1862.4921546961325,1984.8676041666665,122.4,2.032828276097129,tvd_corrected,AH 1924.0-2052.7m → TVD 1862.5-1984.9m (correction: 61.5m)
BLT-01,141577.55,456881.76,1954.6362283199765,22.0264,51.99827,2.312697,1862.4921546961325,1984.8676041666665,122.4,2.032828276097129,tvd_corrected,AH 1924.0-2052.7m → TVD 1862.5-1984.9m (correction: 61.5m)
BLT-01,141577.55,456881.76,1954.7087256241653,22.52447,51.67812,2.302516,1862.4921546961325,1984.8676041666665,122.4,2.032828276097129,tvd_corrected,AH 1924.0-2052.7m → TVD 1862.5-1984.9m (correction: 61.5m)
BLT-01,141577.55,456881.76,1954.781222928354,22.78092,52.16779,2.2916,1862.4921546961325,1984.8676041666665,122.4,2.032828276097129,tvd_corrected,AH 1924.0-2052.7m → TVD 1862.5-1984.9m (correction: 61.5m)
BLT-01,141577.55,456881.76,1954.8537202325426,22.98477,53.25121,2.2869,1862.4921546961325,1984.8676041666665,122.4,2.032828276097129,tvd_corrected,AH 1924.0-2052.7m → TVD 1862.5-1984.9m (correction: 61.5m)
BLT-01,141577.55,456881.76,1954.9262175367314,23.00821,53.86266,2.286396,1862.4921546961325,1984.8676041666665,122.4,2.032828276097129,tvd_corrected,AH 1924.0-2052.7m → TVD 1862.5-1984.9m (correction: 61.5m)
BLT-01,141577.55,456881.76,1954.99871484092,22.78065,53.63514,2.290383,1862.4921546961325,1984.8676041666665,122.4,2.032828276097129,tvd_corrected,AH 1924.0-2052.7m → TVD 1862.5-1984.9m (correction: 61.5m)
BLT-01,141577.55,456881.76,1955.0712121451088,22.24128,52.2625,2.299109,1862.4921546961325,1984.8676041666665,122.4,2.032828276097129,tvd_corrected,AH 1924.0-2052.7m → TVD 1862.5-1984.9m (correction: 61.5m)
BLT-01,141577.55,456881.76,1955.1437094492976,21.66286,51.05344,2.306455,1862.4921546961325,1984.8676041666665,122.4,2.032828276097129,tvd_corrected,AH 1924.0-2052.7m → TVD 1862.5-1984.9m (correction: 61.5m)
BLT-01,141577.55,456881.76,1955.2162067534862,21.21519,50.60653,2.31013,1862.4921546961325,1984.8676041666665,122.4,2.032828276097129,tvd_corrected,AH 1924.0-2052.7m → TVD 1862.5-1984.9m (correction: 61.5m)
BLT-01,141577.55,456881.76,1955.288704057675,21.02589,50.55844,2.310688,1862.4921546961325,1984.8676041666665,122.4,2.032828276097129,tvd_corrected,AH 1924.0-2052.7m → TVD 1862.5-1984.9m (correction: 61.5m)
BLT-01,141577.55,456881.76,1955.3612013618636,21.16818,50.5739,2.30837,1862.4921546961325,1984.8676041666665,122.4,2.032828276097129,tvd_corrected,AH 1924.0-2052.7m → TVD 1862.5-1984.9m (correction: 61.5m)
BLT-01,141577.55,456881.76,1955.4336986660524,21.46143,49.9633,2.300725,1862.4921546961325,1984.8676041666665,122.4,2.032828276097129,tvd_corrected,AH 1924.0-2052.7m → TVD 1862.5-1984.9m (correction: 61.5m)
BLT-01,141577.55,456881.76,1955.506195970241,21.51804,49.30927,2.294588,1862.4921546961325,1984.8676041666665,122.4,2.032828276097129,tvd_corrected,AH 1924.0-2052.7m → TVD 1862.5-1984.9m (correction: 61.5m)
BLT-01,141577.55,456881.76,1955.5786932744297,21.50483,48.5766,2.292305,1862.4921546961325,1984.8676041666665,122.4,2.032828276097129,tvd_corrected,AH 1924.0-2052.7m → TVD 1862.5-1984.9m (correction: 61.5m)
BLT-01,141577.55,456881.76,1955.6511905786185,21.50525,47.79209,2.294564,1862.4921546961325,1984.8676041666665,122.4,2.032828276097129,tvd_corrected,AH 1924.0-2052.7m → TVD 1862.5-1984.9m (correction: 61.5m)
BLT-01,141577.55,456881.76,1955.723687882807,21.56379,47.17791,2.299427,1862.4921546961325,1984.8676041666665,122.4,2.032828276097129,tvd_corrected,AH 1924.0-2052.7m → TVD 1862.5-1984.9m (correction: 61.5m)
BLT-01,141577.55,456881.76,1955.796185186996,21.50058,47.67022,2.305344,1862.4921546961325,1984.8676041666665,122.4,2.032828276097129,tvd_corrected,AH 1924.0-2052.7m → TVD 1862.5-1984.9m (correction: 61.5m)
BLT-01,141577.55,456881.76,1955.8686824911845,21.31053,48.59475,2.310898,1862.4921546961325,1984.8676041666665,122.4,2.032828276097129,tvd_corrected,AH 1924.0-2052.7m → TVD 1862.5-1984.9m (correction: 61.5m)
BLT-01,141577.55,456881.76,1955.9411797953733,20.94916,49.59966,2.315731,1862.4921546961325,1984.8676041666665,122.4,2.032828276097129,tvd_corrected,AH 1924.0-2052.7m → TVD 1862.5-1984.9m (correction: 61.5m)
BLT-01,141577.55,456881.76,1956.0136770995618,20.28868,50.1753,2.319903,1862.4921546961325,1984.8676041666665,122.4,2.032828276097129,tvd_corrected,AH 1924.0-2052.7m → TVD 1862.5-1984.9m (correction: 61.5m)
BLT-01,141577.55,456881.76,1956.0861744037506,19.27749,50.46814,2.33283,1862.4921546961325,1984.8676041666665,122.4,2.032828276097129,tvd_corrected,AH 1924.0-2052.7m → TVD 1862.5-1984.9m (correction: 61.5m)
BLT-01,141577.55,456881.76,1956.1586717079394,18.42918,50.69672,2.349709,1862.4921546961325,1984.8676041666665,122.4,2.032828276097129,tvd_corrected,AH 1924.0-2052.7m → TVD 1862.5-1984.9m (correction: 61.5m)
BLT-01,141577.55,456881.76,1956.231169012128,17.68926,51.03324,2.370648,1862.4921546961325,1984.8676041666665,122.4,2.032828276097129,tvd_corrected,AH 1924.0-2052.7m → TVD 1862.5-1984.9m (correction: 61.5m)
BLT-01,141577.55,456881.76,1956.3036663163168,16.830129999999997,51.72872,2.397037,1862.4921546961325,1984.8676041666665,122.4,2.032828276097129,tvd_corrected,AH 1924.0-2052.7m → TVD 1862.5-1984.9m (correction: 61.5m)
BLT-01,141577.55,456881.76,1956.3761636205054,15.99817,52.62584,2.418599,1862.4921546961325,1984.8676041666665,122.4,2.032828276097129,tvd_corrected,AH 1924.0-2052.7m → TVD 1862.5-1984.9m (correction: 61.5m)
BLT-01,141577.55,456881.76,1956.4486609246942,15.46832,53.56867,2.432632,1862.4921546961325,1984.8676041666665,122.4,2.032828276097129,tvd_corrected,AH 1924.0-2052.7m → TVD 1862.5-1984.9m (correction: 61.5m)
BLT-01,141577.55,456881.76,1956.521158228883,15.19279,54.30942,2.440938,1862.4921546961325,1984.8676041666665,122.4,2.032828276097129,tvd_corrected,AH 1924.0-2052.7m → TVD 1862.5-1984.9m (correction: 61.5m)
BLT-01,141577.55,456881.76,1956.5936555330716,15.09341,54.57476,2.445845,1862.4921546961325,1984.8676041666665,122.4,2.032828276097129,tvd_corrected,AH 1924.0-2052.7m → TVD 1862.5-1984.9m (correction: 61.5m)
BLT-01,141577.55,456881.76,1956.6661528372604,15.08029,53.57531,2.447086,1862.4921546961325,1984.8676041666665,122.4,2.032828276097129,tvd_corrected,AH 1924.0-2052.7m → TVD 1862.5-1984.9m (correction: 61.5m)
BLT-01,141577.55,456881.76,1956.738650141449,15.09856,51.69495,2.446802,1862.4921546961325,1984.8676041666665,122.4,2.032828276097129,tvd_corrected,AH 1924.0-2052.7m → TVD 1862.5-1984.9m (correction: 61.5m)
BLT-01,141577.55,456881.76,1956.8111474456377,15.13178,49.72512,2.444927,1862.4921546961325,1984.8676041666665,122.4,2.032828276097129,tvd_corrected,AH 1924.0-2052.7m → TVD 1862.5-1984.9m (correction: 61.5m)
BLT-01,141577.55,456881.76,1956.8836447498263,15.1841,48.31876,2.441485,1862.4921546961325,1984.8676041666665,122.4,2.032828276097129,tvd_corrected,AH 1924.0-2052.7m → TVD 1862.5-1984.9m (correction: 61.5m)
BLT-01,141577.55,456881.76,1956.9561420540151,15.42936,48.35707,2.436987,1862.4921546961325,1984.8676041666665,122.4,2.032828276097129,tvd_corrected,AH 1924.0-2052.7m → TVD 1862.5-1984.9m (correction: 61.5m)
BLT-01,141577.55,456881.76,1957.028639358204,15.69973,48.56219,2.43122,1862.4921546961325,1984.8676041666665,122.4,2.032828276097129,tvd_corrected,AH 1924.0-2052.7m → TVD 1862.5-1984.9m (correction: 61.5m)
BLT-01,141577.55,456881.76,1957.1011366623925,15.83238,48.75772,2.426035,1862.4921546961325,1984.8676041666665,122.4,2.032828276097129,tvd_corrected,AH 1924.0-2052.7m → TVD 1862.5-1984.9m (correction: 61.5m)
BLT-01,141577.55,456881.76,1957.1736339665813,15.77035,48.88574,2.422402,1862.4921546961325,1984.8676041666665,122.4,2.032828276097129,tvd_corrected,AH 1924.0-2052.7m → TVD 1862.5-1984.9m (correction: 61.5m)
BLT-01,141577.55,456881.76,1957.2461312707699,15.58901,49.04616,2.421119,1862.4921546961325,1984.8676041666665,122.4,2.032828276097129,tvd_corrected,AH 1924.0-2052.7m → TVD 1862.5-1984.9m (correction: 61.5m)
BLT-01,141577.55,456881.76,1957.3186285749587,15.30883,49.01634,2.419872,1862.4921546961325,1984.8676041666665,122.4,2.032828276097129,tvd_corrected,AH 1924.0-2052.7m → TVD 1862.5-1984.9m (correction: 61.5m)
BLT-01,141577.55,456881.76,1957.3911258791472,15.0704,48.77439,2.418406,1862.4921546961325,1984.8676041666665,122.4,2.032828276097129,tvd_corrected,AH 1924.0-2052.7m → TVD 1862.5-1984.9m (correction: 61.5m)
BLT-01,141577.55,456881.76,1957.463623183336,14.92696,48.35752,2.416626,1862.4921546961325,1984.8676041666665,122.4,2.032828276097129,tvd_corrected,AH 1924.0-2052.7m → TVD 1862.5-1984.9m (correction: 61.5m)
BLT-01,141577.55,456881.76,1957.5361204875248,14.92719,47.88936,2.414454,1862.4921546961325,1984.8676041666665,122.4,2.032828276097129,tvd_corrected,AH 1924.0-2052.7m → TVD 1862.5-1984.9m (correction: 61.5m)
BLT-01,141577.55,456881.76,1957.6086177917134,15.22858,47.63446,2.409088,1862.4921546961325,1984.8676041666665,122.4,2.032828276097129,tvd_corrected,AH 1924.0-2052.7m → TVD 1862.5-1984.9m (correction: 61.5m)
BLT-01,141577.55,456881.76,1957.6811150959022,15.528429999999998,47.45532,2.403504,1862.4921546961325,1984.8676041666665,122.4,2.032828276097129,tvd_corrected,AH 1924.0-2052.7m → TVD 1862.5-1984.9m (correction: 61.5m)
BLT-01,141577.55,456881.76,1957.7536124000908,15.71745,47.31189,2.398959,1862.4921546961325,1984.8676041666665,122.4,2.032828276097129,tvd_corrected,AH 1924.0-2052.7m → TVD 1862.5-1984.9m (correction: 61.5m)
BLT-01,141577.55,456881.76,1957.8261097042796,15.678310000000002,47.16705,2.396923,1862.4921546961325,1984.8676041666665,122.4,2.032828276097129,tvd_corrected,AH 1924.0-2052.7m → TVD 1862.5-1984.9m (correction: 61.5m)
BLT-01,141577.55,456881.76,1957.8986070084684,15.5652,46.95279,2.397851,1862.4921546961325,1984.8676041666665,122.4,2.032828276097129,tvd_corrected,AH 1924.0-2052.7m → TVD 1862.5-1984.9m (correction: 61.5m)
BLT-01,141577.55,456881.76,1957.971104312657,15.476590000000002,46.98821,2.404583,1862.4921546961325,1984.8676041666665,122.4,2.032828276097129,tvd_corrected,AH 1924.0-2052.7m → TVD 1862.5-1984.9m (correction: 61.5m)
BLT-01,141577.55,456881.76,1958.0436016168458,15.40049,47.25128,2.414936,1862.4921546961325,1984.8676041666665,122.4,2.032828276097129,tvd_corrected,AH 1924.0-2052.7m → TVD 1862.5-1984.9m (correction: 61.5m)
BLT-01,141577.55,456881.76,1958.1160989210343,15.31825,47.68869,2.426179,1862.4921546961325,1984.8676041666665,122.4,2.032828276097129,tvd_corrected,AH 1924.0-2052.7m → TVD 1862.5-1984.9m (correction: 61.5m)
BLT-01,141577.55,456881.76,1958.1885962252231,15.23584,48.01465,2.433918,1862.4921546961325,1984.8676041666665,122.4,2.032828276097129,tvd_corrected,AH 1924.0-2052.7m → TVD 1862.5-1984.9m (correction: 61.5m)
BLT-01,141577.55,456881.76,1958.2610935294117,15.19187,47.80467,2.439466,1862.4921546961325,1984.8676041666665,122.4,2.032828276097129,tvd_corrected,AH 1924.0-2052.7m → TVD 1862.5-1984.9m (correction: 61.5m)
BLT-01,141577.55,456881.76,1958.3335908336005,15.17492,47.31012,2.442248,1862.4921546961325,1984.8676041666665,122.4,2.032828276097129,tvd_corrected,AH 1924.0-2052.7m → TVD 1862.5-1984.9m (correction: 61.5m)
BLT-01,141577.55,456881.76,1958.4060881377893,15.18652,46.75195,2.441899,1862.4921546961325,1984.8676041666665,122.4,2.032828276097129,tvd_corrected,AH 1924.0-2052.7m → TVD 1862.5-1984.9m (correction: 61.5m)
BLT-01,141577.55,456881.76,1958.4785854419779,15.32979,46.54072,2.438441,1862.4921546961325,1984.8676041666665,122.4,2.032828276097129,tvd_corrected,AH 1924.0-2052.7m → TVD 1862.5-1984.9m (correction: 61.5m)
BLT-01,141577.55,456881.76,1958.5510827461667,15.50494,46.22136,2.430981,1862.4921546961325,1984.8676041666665,122.4,2.032828276097129,tvd_corrected,AH 1924.0-2052.7m → TVD 1862.5-1984.9m (correction: 61.5m)
BLT-01,141577.55,456881.76,1958.6235800503553,15.67407,45.74556,2.422547,1862.4921546961325,1984.8676041666665,122.4,2.032828276097129,tvd_corrected,AH 1924.0-2052.7m → TVD 1862.5-1984.9m (correction: 61.5m)
BLT-01,141577.55,456881.76,1958.696077354544,15.83645,45.09741,2.414833,1862.4921546961325,1984.8676041666665,122.4,2.032828276097129,tvd_corrected,AH 1924.0-2052.7m → TVD 1862.5-1984.9m (correction: 61.5m)
BLT-01,141577.55,456881.76,1958.7685746587326,16.0692,44.30231,2.409774,1862.4921546961325,1984.8676041666665,122.4,2.032828276097129,tvd_corrected,AH 1924.0-2052.7m → TVD 1862.5-1984.9m (correction: 61.5m)
BLT-01,141577.55,456881.76,1958.8410719629214,16.19193,43.86014,2.40638,1862.4921546961325,1984.8676041666665,122.4,2.032828276097129,tvd_corrected,AH 1924.0-2052.7m → TVD 1862.5-1984.9m (correction: 61.5m)
BLT-01,141577.55,456881.76,1958.9135692671102,16.13654,43.74498,2.404742,1862.4921546961325,1984.8676041666665,122.4,2.032828276097129,tvd_corrected,AH 1924.0-2052.7m → TVD 1862.5-1984.9m (correction: 61.5m)
BLT-01,141577.55,456881.76,1958.9860665712988,15.93823,43.93866,2.404738,1862.4921546961325,1984.8676041666665,122.4,2.032828276097129,tvd_corrected,AH 1924.0-2052.7m → TVD 1862.5-1984.9m (correction: 61.5m)
BLT-01,141577.55,456881.76,1959.0585638754876,15.745029999999998,44.40933,2.405961,1862.4921546961325,1984.8676041666665,122.4,2.032828276097129,tvd_corrected,AH 1924.0-2052.7m → TVD 1862.5-1984.9m (correction: 61.5m)
BLT-01,141577.55,456881.76,1959.1310611796762,15.46053,44.73266,2.407581,1862.4921546961325,1984.8676041666665,122.4,2.032828276097129,tvd_corrected,AH 1924.0-2052.7m → TVD 1862.5-1984.9m (correction: 61.5m)
BLT-01,141577.55,456881.76,1959.203558483865,15.15018,44.66954,2.410656,1862.4921546961325,1984.8676041666665,122.4,2.032828276097129,tvd_corrected,AH 1924.0-2052.7m → TVD 1862.5-1984.9m (correction: 61.5m)
BLT-01,141577.55,456881.76,1959.2760557880538,14.85325,44.25594,2.415114,1862.4921546961325,1984.8676041666665,122.4,2.032828276097129,tvd_corrected,AH 1924.0-2052.7m → TVD 1862.5-1984.9m (correction: 61.5m)
BLT-01,141577.55,456881.76,1959.3485530922424,14.62185,43.61045,2.420575,1862.4921546961325,1984.8676041666665,122.4,2.032828276097129,tvd_corrected,AH 1924.0-2052.7m → TVD 1862.5-1984.9m (correction: 61.5m)
BLT-01,141577.55,456881.76,1959.4210503964312,14.17247,43.04451,2.425634,1862.4921546961325,1984.8676041666665,122.4,2.032828276097129,tvd_corrected,AH 1924.0-2052.7m → TVD 1862.5-1984.9m (correction: 61.5m)
BLT-01,141577.55,456881.76,1959.4935477006197,13.61646,43.01753,2.431901,1862.4921546961325,1984.8676041666665,122.4,2.032828276097129,tvd_corrected,AH 1924.0-2052.7m → TVD 1862.5-1984.9m (correction: 61.5m)
BLT-01,141577.55,456881.76,1959.5660450048085,13.07872,43.48549,2.438641,1862.4921546961325,1984.8676041666665,122.4,2.032828276097129,tvd_corrected,AH 1924.0-2052.7m → TVD 1862.5-1984.9m (correction: 61.5m)
BLT-01,141577.55,456881.76,1959.638542308997,12.68381,44.35659,2.444976,1862.4921546961325,1984.8676041666665,122.4,2.032828276097129,tvd_corrected,AH 1924.0-2052.7m → TVD 1862.5-1984.9m (correction: 61.5m)
BLT-01,141577.55,456881.76,1959.711039613186,12.26359,45.28524,2.451411,1862.4921546961325,1984.8676041666665,122.4,2.032828276097129,tvd_corrected,AH 1924.0-2052.7m → TVD 1862.5-1984.9m (correction: 61.5m)
BLT-01,141577.55,456881.76,1959.7835369173747,11.74351,46.4682,2.463447,1862.4921546961325,1984.8676041666665,122.4,2.032828276097129,tvd_corrected,AH 1924.0-2052.7m → TVD 1862.5-1984.9m (correction: 61.5m)
BLT-01,141577.55,456881.76,1959.8560342215633,11.24441,47.71859,2.477609,1862.4921546961325,1984.8676041666665,122.4,2.032828276097129,tvd_corrected,AH 1924.0-2052.7m → TVD 1862.5-1984.9m (correction: 61.5m)
BLT-01,141577.55,456881.76,1959.928531525752,10.85503,48.89981,2.490915,1862.4921546961325,1984.8676041666665,122.4,2.032828276097129,tvd_corrected,AH 1924.0-2052.7m → TVD 1862.5-1984.9m (correction: 61.5m)
BLT-01,141577.55,456881.76,1960.0010288299407,10.62977,49.946,2.497831,1862.4921546961325,1984.8676041666665,122.4,2.032828276097129,tvd_corrected,AH 1924.0-2052.7m → TVD 1862.5-1984.9m (correction: 61.5m)
BLT-01,141577.55,456881.76,1960.0735261341295,10.43321,50.9215,2.502749,1862.4921546961325,1984.8676041666665,122.4,2.032828276097129,tvd_corrected,AH 1924.0-2052.7m → TVD 1862.5-1984.9m (correction: 61.5m)
BLT-01,141577.55,456881.76,1960.146023438318,10.27617,51.41059,2.505239,1862.4921546961325,1984.8676041666665,122.4,2.032828276097129,tvd_corrected,AH 1924.0-2052.7m → TVD 1862.5-1984.9m (correction: 61.5m)
BLT-01,141577.55,456881.76,1960.2185207425068,10.17336,51.21591,2.505474,1862.4921546961325,1984.8676041666665,122.4,2.032828276097129,tvd_corrected,AH 1924.0-2052.7m → TVD 1862.5-1984.9m (correction: 61.5m)
BLT-01,141577.55,456881.76,1960.2910180466956,10.17335,50.23479,2.505173,1862.4921546961325,1984.8676041666665,122.4,2.032828276097129,tvd_corrected,AH 1924.0-2052.7m → TVD 1862.5-1984.9m (correction: 61.5m)
BLT-01,141577.55,456881.76,1960.3635153508842,10.16434,49.25634,2.505675,1862.4921546961325,1984.8676041666665,122.4,2.032828276097129,tvd_corrected,AH 1924.0-2052.7m → TVD 1862.5-1984.9m (correction: 61.5m)
BLT-01,141577.55,456881.76,1960.436012655073,10.15947,48.80273,2.506073,1862.4921546961325,1984.8676041666665,122.4,2.032828276097129,tvd_corrected,AH 1924.0-2052.7m → TVD 1862.5-1984.9m (correction: 61.5m)
BLT-01,141577.55,456881.76,1960.5085099592616,10.18273,48.98098,2.505881,1862.4921546961325,1984.8676041666665,122.4,2.032828276097129,tvd_corrected,AH 1924.0-2052.7m → TVD 1862.5-1984.9m (correction: 61.5m)
BLT-01,141577.55,456881.76,1960.5810072634504,10.29163,49.73106,2.504383,1862.4921546961325,1984.8676041666665,122.4,2.032828276097129,tvd_corrected,AH 1924.0-2052.7m → TVD 1862.5-1984.9m (correction: 61.5m)
BLT-01,141577.55,456881.76,1960.6535045676392,10.54352,50.46088,2.502339,1862.4921546961325,1984.8676041666665,122.4,2.032828276097129,tvd_corrected,AH 1924.0-2052.7m → TVD 1862.5-1984.9m (correction: 61.5m)
BLT-01,141577.55,456881.76,1960.7260018718277,11.19446,51.40163,2.498877,1862.4921546961325,1984.8676041666665,122.4,2.032828276097129,tvd_corrected,AH 1924.0-2052.7m → TVD 1862.5-1984.9m (correction: 61.5m)
BLT-01,141577.55,456881.76,1960.7984991760165,12.15806,52.47421,2.49291,1862.4921546961325,1984.8676041666665,122.4,2.032828276097129,tvd_corrected,AH 1924.0-2052.7m → TVD 1862.5-1984.9m (correction: 61.5m)
BLT-01,141577.55,456881.76,1960.8709964802051,13.231470000000002,53.49488,2.482825,1862.4921546961325,1984.8676041666665,122.4,2.032828276097129,tvd_corrected,AH 1924.0-2052.7m → TVD 1862.5-1984.9m (correction: 61.5m)
BLT-01,141577.55,456881.76,1960.943493784394,14.11027,53.85955,2.465815,1862.4921546961325,1984.8676041666665,122.4,2.032828276097129,tvd_corrected,AH 1924.0-2052.7m → TVD 1862.5-1984.9m (correction: 61.5m)
BLT-01,141577.55,456881.76,1961.0159910885825,15.67055,54.06442,2.435645,1862.4921546961325,1984.8676041666665,122.4,2.032828276097129,tvd_corrected,AH 1924.0-2052.7m → TVD 1862.5-1984.9m (correction: 61.5m)
BLT-01,141577.55,456881.76,1961.0884883927713,17.56052,54.21949,2.400783,1862.4921546961325,1984.8676041666665,122.4,2.032828276097129,tvd_corrected,AH 1924.0-2052.7m → TVD 1862.5-1984.9m (correction: 61.5m)
BLT-01,141577.55,456881.76,1961.16098569696,19.33245,54.41467,2.370914,1862.4921546961325,1984.8676041666665,122.4,2.032828276097129,tvd_corrected,AH 1924.0-2052.7m → TVD 1862.5-1984.9m (correction: 61.5m)
BLT-01,141577.55,456881.76,1961.2334830011487,19.88333,54.44119,2.359434,1862.4921546961325,1984.8676041666665,122.4,2.032828276097129,tvd_corrected,AH 1924.0-2052.7m → TVD 1862.5-1984.9m (correction: 61.5m)
BLT-01,141577.55,456881.76,1961.3059803053375,20.07729,54.17821,2.352819,1862.4921546961325,1984.8676041666665,122.4,2.032828276097129,tvd_corrected,AH 1924.0-2052.7m → TVD 1862.5-1984.9m (correction: 61.5m)
BLT-01,141577.55,456881.76,1961.378477609526,20.01296,53.47092,2.350611,1862.4921546961325,1984.8676041666665,122.4,2.032828276097129,tvd_corrected,AH 1924.0-2052.7m → TVD 1862.5-1984.9m (correction: 61.5m)
BLT-01,141577.55,456881.76,1961.4509749137148,19.77951,52.29619,2.352306,1862.4921546961325,1984.8676041666665,122.4,2.032828276097129,tvd_corrected,AH 1924.0-2052.7m → TVD 1862.5-1984.9m (correction: 61.5m)
BLT-01,141577.55,456881.76,1961.5234722179034,19.56328,51.38941,2.356565,1862.4921546961325,1984.8676041666665,122.4,2.032828276097129,tvd_corrected,AH 1924.0-2052.7m → TVD 1862.5-1984.9m (correction: 61.5m)
BLT-01,141577.55,456881.76,1961.5959695220922,19.5099,51.01795,2.36074,1862.4921546961325,1984.8676041666665,122.4,2.032828276097129,tvd_corrected,AH 1924.0-2052.7m → TVD 1862.5-1984.9m (correction: 61.5m)
BLT-01,141577.55,456881.76,1961.668466826281,19.48597,50.96277,2.364162,1862.4921546961325,1984.8676041666665,122.4,2.032828276097129,tvd_corrected,AH 1924.0-2052.7m → TVD 1862.5-1984.9m (correction: 61.5m)
BLT-01,141577.55,456881.76,1961.7409641304696,19.40453,51.09399,2.366292,1862.4921546961325,1984.8676041666665,122.4,2.032828276097129,tvd_corrected,AH 1924.0-2052.7m → TVD 1862.5-1984.9m (correction: 61.5m)
BLT-01,141577.55,456881.76,1961.8134614346584,19.11589,51.2244,2.3659,1862.4921546961325,1984.8676041666665,122.4,2.032828276097129,tvd_corrected,AH 1924.0-2052.7m → TVD 1862.5-1984.9m (correction: 61.5m)
BLT-01,141577.55,456881.76,1961.885958738847,18.92401,51.22973,2.36474,1862.4921546961325,1984.8676041666665,122.4,2.032828276097129,tvd_corrected,AH 1924.0-2052.7m → TVD 1862.5-1984.9m (correction: 61.5m)
BLT-01,141577.55,456881.76,1961.9584560430358,18.817030000000003,50.75781,2.36503,1862.4921546961325,1984.8676041666665,122.4,2.032828276097129,tvd_corrected,AH 1924.0-2052.7m → TVD 1862.5-1984.9m (correction: 61.5m)
BLT-01,141577.55,456881.76,1962.0309533472246,18.70656,49.88568,2.367335,1862.4921546961325,1984.8676041666665,122.4,2.032828276097129,tvd_corrected,AH 1924.0-2052.7m → TVD 1862.5-1984.9m (correction: 61.5m)
BLT-01,141577.55,456881.76,1962.1034506514131,18.36104,49.05142,2.371734,1862.4921546961325,1984.8676041666665,122.4,2.032828276097129,tvd_corrected,AH 1924.0-2052.7m → TVD 1862.5-1984.9m (correction: 61.5m)
BLT-01,141577.55,456881.76,1962.175947955602,17.96313,48.81179,2.376305,1862.4921546961325,1984.8676041666665,122.4,2.032828276097129,tvd_corrected,AH 1924.0-2052.7m → TVD 1862.5-1984.9m (correction: 61.5m)
BLT-01,141577.55,456881.76,1962.2484452597905,17.67107,49.44738,2.383003,1862.4921546961325,1984.8676041666665,122.4,2.032828276097129,tvd_corrected,AH 1924.0-2052.7m → TVD 1862.5-1984.9m (correction: 61.5m)
BLT-01,141577.55,456881.76,1962.3209425639793,17.478540000000002,50.71384,2.39105,1862.4921546961325,1984.8676041666665,122.4,2.032828276097129,tvd_corrected,AH 1924.0-2052.7m → TVD 1862.5-1984.9m (correction: 61.5m)
BLT-01,141577.55,456881.76,1962.393439868168,17.3417,52.14616,2.398751,1862.4921546961325,1984.8676041666665,122.4,2.032828276097129,tvd_corrected,AH 1924.0-2052.7m → TVD 1862.5-1984.9m (correction: 61.5m)
BLT-01,141577.55,456881.76,1962.4659371723567,17.15823,52.8433,2.404307,1862.4921546961325,1984.8676041666665,122.4,2.032828276097129,tvd_corrected,AH 1924.0-2052.7m → TVD 1862.5-1984.9m (correction: 61.5m)
BLT-01,141577.55,456881.76,1962.5384344765455,16.89292,53.16467,2.408789,1862.4921546961325,1984.8676041666665,122.4,2.032828276097129,tvd_corrected,AH 1924.0-2052.7m → TVD 1862.5-1984.9m (correction: 61.5m)
BLT-01,141577.55,456881.76,1962.610931780734,16.684160000000002,53.03699,2.410953,1862.4921546961325,1984.8676041666665,122.4,2.032828276097129,tvd_corrected,AH 1924.0-2052.7m → TVD 1862.5-1984.9m (correction: 61.5m)
BLT-01,141577.55,456881.76,1962.6834290849229,16.678,52.39032,2.409548,1862.4921546961325,1984.8676041666665,122.4,2.032828276097129,tvd_corrected,AH 1924.0-2052.7m → TVD 1862.5-1984.9m (correction: 61.5m)
BLT-01,141577.55,456881.76,1962.7559263891114,16.96631,51.53354,2.405322,1862.4921546961325,1984.8676041666665,122.4,2.032828276097129,tvd_corrected,AH 1924.0-2052.7m → TVD 1862.5-1984.9m (correction: 61.5m)
BLT-01,141577.55,456881.76,1962.8284236933002,17.18035,50.97408,2.402739,1862.4921546961325,1984.8676041666665,122.4,2.032828276097129,tvd_corrected,AH 1924.0-2052.7m → TVD 1862.5-1984.9m (correction: 61.5m)
BLT-01,141577.55,456881.76,1962.9009209974888,17.403170000000003,50.51418,2.402239,1862.4921546961325,1984.8676041666665,122.4,2.032828276097129,tvd_corrected,AH 1924.0-2052.7m → TVD 1862.5-1984.9m (correction: 61.5m)
BLT-01,141577.55,456881.76,1962.9734183016776,17.66367,50.02686,2.403929,1862.4921546961325,1984.8676041666665,122.4,2.032828276097129,tvd_corrected,AH 1924.0-2052.7m → TVD 1862.5-1984.9m (correction: 61.5m)
BLT-01,141577.55,456881.76,1963.0459156058664,17.72026,49.56144,2.406295,1862.4921546961325,1984.8676041666665,122.4,2.032828276097129,tvd_corrected,AH 1924.0-2052.7m → TVD 1862.5-1984.9m (correction: 61.5m)
BLT-01,141577.55,456881.76,1963.118412910055,17.55105,49.09265,2.406841,1862.4921546961325,1984.8676041666665,122.4,2.032828276097129,tvd_corrected,AH 1924.0-2052.7m → TVD 1862.5-1984.9m (correction: 61.5m)
BLT-01,141577.55,456881.76,1963.1909102142438,17.50029,48.38737,2.405842,1862.4921546961325,1984.8676041666665,122.4,2.032828276097129,tvd_corrected,AH 1924.0-2052.7m → TVD 1862.5-1984.9m (correction: 61.5m)
BLT-01,141577.55,456881.76,1963.2634075184324,17.68228,47.42638,2.403532,1862.4921546961325,1984.8676041666665,122.4,2.032828276097129,tvd_corrected,AH 1924.0-2052.7m → TVD 1862.5-1984.9m (correction: 61.5m)
BLT-01,141577.55,456881.76,1963.3359048226212,17.98196,46.55525,2.400479,1862.4921546961325,1984.8676041666665,122.4,2.032828276097129,tvd_corrected,AH 1924.0-2052.7m → TVD 1862.5-1984.9m (correction: 61.5m)
BLT-01,141577.55,456881.76,1963.40840212681,18.13791,46.01863,2.396835,1862.4921546961325,1984.8676041666665,122.4,2.032828276097129,tvd_corrected,AH 1924.0-2052.7m → TVD 1862.5-1984.9m (correction: 61.5m)
BLT-01,141577.55,456881.76,1963.4808994309985,18.18701,45.68638,2.390892,1862.4921546961325,1984.8676041666665,122.4,2.032828276097129,tvd_corrected,AH 1924.0-2052.7m → TVD 1862.5-1984.9m (correction: 61.5m)
BLT-01,141577.55,456881.76,1963.5533967351873,18.18413,45.57389,2.383189,1862.4921546961325,1984.8676041666665,122.4,2.032828276097129,tvd_corrected,AH 1924.0-2052.7m → TVD 1862.5-1984.9m (correction: 61.5m)
BLT-01,141577.55,456881.76,1963.625894039376,18.25139,45.80414,2.376223,1862.4921546961325,1984.8676041666665,122.4,2.032828276097129,tvd_corrected,AH 1924.0-2052.7m → TVD 1862.5-1984.9m (correction: 61.5m)
BLT-01,141577.55,456881.76,1963.6983913435647,18.50532,46.28548,2.371758,1862.4921546961325,1984.8676041666665,122.4,2.032828276097129,tvd_corrected,AH 1924.0-2052.7m → TVD 1862.5-1984.9m (correction: 61.5m)
BLT-01,141577.55,456881.76,1963.7708886477533,18.816930000000003,46.66508,2.36693,1862.4921546961325,1984.8676041666665,122.4,2.032828276097129,tvd_corrected,AH 1924.0-2052.7m → TVD 1862.5-1984.9m (correction: 61.5m)
BLT-01,141577.55,456881.76,1963.843385951942,19.15815,46.61883,2.360327,1862.4921546961325,1984.8676041666665,122.4,2.032828276097129,tvd_corrected,AH 1924.0-2052.7m → TVD 1862.5-1984.9m (correction: 61.5m)
BLT-01,141577.55,456881.76,1963.9158832561309,19.50866,45.69843,2.350257,1862.4921546961325,1984.8676041666665,122.4,2.032828276097129,tvd_corrected,AH 1924.0-2052.7m → TVD 1862.5-1984.9m (correction: 61.5m)
BLT-01,141577.55,456881.76,1963.9883805603195,19.50719,44.26829,2.342551,1862.4921546961325,1984.8676041666665,122.4,2.032828276097129,tvd_corrected,AH 1924.0-2052.7m → TVD 1862.5-1984.9m (correction: 61.5m)
BLT-01,141577.55,456881.76,1964.0608778645083,19.24703,43.17826,2.338685,1862.4921546961325,1984.8676041666665,122.4,2.032828276097129,tvd_corrected,AH 1924.0-2052.7m → TVD 1862.5-1984.9m (correction: 61.5m)
BLT-01,141577.55,456881.76,1964.1333751686968,18.75621,42.91035,2.338401,1862.4921546961325,1984.8676041666665,122.4,2.032828276097129,tvd_corrected,AH 1924.0-2052.7m → TVD 1862.5-1984.9m (correction: 61.5m)
BLT-01,141577.55,456881.76,1964.2058724728856,18.07887,43.88947,2.34121,1862.4921546961325,1984.8676041666665,122.4,2.032828276097129,tvd_corrected,AH 1924.0-2052.7m → TVD 1862.5-1984.9m (correction: 61.5m)
BLT-01,141577.55,456881.76,1964.2783697770742,17.63361,45.7242,2.344787,1862.4921546961325,1984.8676041666665,122.4,2.032828276097129,tvd_corrected,AH 1924.0-2052.7m → TVD 1862.5-1984.9m (correction: 61.5m)
BLT-01,141577.55,456881.76,1964.350867081263,17.488319999999998,46.91565,2.347908,1862.4921546961325,1984.8676041666665,122.4,2.032828276097129,tvd_corrected,AH 1924.0-2052.7m → TVD 1862.5-1984.9m (correction: 61.5m)
BLT-01,141577.55,456881.76,1964.4233643854518,17.46398,47.27512,2.35214,1862.4921546961325,1984.8676041666665,122.4,2.032828276097129,tvd_corrected,AH 1924.0-2052.7m → TVD 1862.5-1984.9m (correction: 61.5m)
BLT-01,141577.55,456881.76,1964.4958616896404,17.41885,46.77033,2.358231,1862.4921546961325,1984.8676041666665,122.4,2.032828276097129,tvd_corrected,AH 1924.0-2052.7m → TVD 1862.5-1984.9m (correction: 61.5m)
BLT-01,141577.55,456881.76,1964.5683589938292,17.1368,46.14184,2.363833,1862.4921546961325,1984.8676041666665,122.4,2.032828276097129,tvd_corrected,AH 1924.0-2052.7m → TVD 1862.5-1984.9m (correction: 61.5m)
BLT-01,141577.55,456881.76,1964.6408562980178,16.824279999999998,46.0331,2.366719,1862.4921546961325,1984.8676041666665,122.4,2.032828276097129,tvd_corrected,AH 1924.0-2052.7m → TVD 1862.5-1984.9m (correction: 61.5m)
BLT-01,141577.55,456881.76,1964.7133536022066,16.60964,46.05721,2.368272,1862.4921546961325,1984.8676041666665,122.4,2.032828276097129,tvd_corrected,AH 1924.0-2052.7m → TVD 1862.5-1984.9m (correction: 61.5m)
BLT-01,141577.55,456881.76,1964.7858509063954,16.53529,45.99975,2.369242,1862.4921546961325,1984.8676041666665,122.4,2.032828276097129,tvd_corrected,AH 1924.0-2052.7m → TVD 1862.5-1984.9m (correction: 61.5m)
BLT-01,141577.55,456881.76,1964.858348210584,16.562920000000002,45.58617,2.370558,1862.4921546961325,1984.8676041666665,122.4,2.032828276097129,tvd_corrected,AH 1924.0-2052.7m → TVD 1862.5-1984.9m (correction: 61.5m)
BLT-01,141577.55,456881.76,1964.9308455147727,16.45066,45.12782,2.37353,1862.4921546961325,1984.8676041666665,122.4,2.032828276097129,tvd_corrected,AH 1924.0-2052.7m → TVD 1862.5-1984.9m (correction: 61.5m)
BLT-01,141577.55,456881.76,1965.0033428189613,16.237019999999998,44.83945,2.377549,1862.4921546961325,1984.8676041666665,122.4,2.032828276097129,tvd_corrected,AH 1924.0-2052.7m → TVD 1862.5-1984.9m (correction: 61.5m)
BLT-01,141577.55,456881.76,1965.07584012315,15.98404,44.91072,2.382701,1862.4921546961325,1984.8676041666665,122.4,2.032828276097129,tvd_corrected,AH 1924.0-2052.7m → TVD 1862.5-1984.9m (correction: 61.5m)
BLT-01,141577.55,456881.76,1965.1483374273387,15.82951,45.70642,2.389574,1862.4921546961325,1984.8676041666665,122.4,2.032828276097129,tvd_corrected,AH 1924.0-2052.7m → TVD 1862.5-1984.9m (correction: 61.5m)
BLT-01,141577.55,456881.76,1965.2208347315275,15.62507,46.45992,2.395772,1862.4921546961325,1984.8676041666665,122.4,2.032828276097129,tvd_corrected,AH 1924.0-2052.7m → TVD 1862.5-1984.9m (correction: 61.5m)
BLT-01,141577.55,456881.76,1965.2933320357163,15.3551,47.01931,2.400899,1862.4921546961325,1984.8676041666665,122.4,2.032828276097129,tvd_corrected,AH 1924.0-2052.7m → TVD 1862.5-1984.9m (correction: 61.5m)
BLT-01,141577.55,456881.76,1965.3658293399048,15.10411,47.52743,2.406271,1862.4921546961325,1984.8676041666665,122.4,2.032828276097129,tvd_corrected,AH 1924.0-2052.7m → TVD 1862.5-1984.9m (correction: 61.5m)
BLT-01,141577.55,456881.76,1965.4383266440936,15.008070000000002,48.23819,2.414039,1862.4921546961325,1984.8676041666665,122.4,2.032828276097129,tvd_corrected,AH 1924.0-2052.7m → TVD 1862.5-1984.9m (correction: 61.5m)
BLT-01,141577.55,456881.76,1965.5108239482822,15.05792,48.79285,2.420012,1862.4921546961325,1984.8676041666665,122.4,2.032828276097129,tvd_corrected,AH 1924.0-2052.7m → TVD 1862.5-1984.9m (correction: 61.5m)
BLT-01,141577.55,456881.76,1965.583321252471,15.011070000000002,49.06556,2.423451,1862.4921546961325,1984.8676041666665,122.4,2.032828276097129,tvd_corrected,AH 1924.0-2052.7m → TVD 1862.5-1984.9m (correction: 61.5m)
BLT-01,141577.55,456881.76,1965.6558185566596,14.901229999999998,49.24577,2.424697,1862.4921546961325,1984.8676041666665,122.4,2.032828276097129,tvd_corrected,AH 1924.0-2052.7m → TVD 1862.5-1984.9m (correction: 61.5m)
BLT-01,141577.55,456881.76,1965.7283158608484,14.779,49.54483,2.424176,1862.4921546961325,1984.8676041666665,122.4,2.032828276097129,tvd_corrected,AH 1924.0-2052.7m → TVD 1862.5-1984.9m (correction: 61.5m)
BLT-01,141577.55,456881.76,1965.8008131650372,14.84867,50.40449,2.421866,1862.4921546961325,1984.8676041666665,122.4,2.032828276097129,tvd_corrected,AH 1924.0-2052.7m → TVD 1862.5-1984.9m (correction: 61.5m)
BLT-01,141577.55,456881.76,1965.8733104692258,15.00687,51.30737,2.419476,1862.4921546961325,1984.8676041666665,122.4,2.032828276097129,tvd_corrected,AH 1924.0-2052.7m → TVD 1862.5-1984.9m (correction: 61.5m)
BLT-01,141577.55,456881.76,1965.9458077734146,15.29404,52.13673,2.417102,1862.4921546961325,1984.8676041666665,122.4,2.032828276097129,tvd_corrected,AH 1924.0-2052.7m → TVD 1862.5-1984.9m (correction: 61.5m)
BLT-01,141577.55,456881.76,1966.0183050776031,15.72027,52.79197,2.414841,1862.4921546961325,1984.8676041666665,122.4,2.032828276097129,tvd_corrected,AH 1924.0-2052.7m → TVD 1862.5-1984.9m (correction: 61.5m)
BLT-01,141577.55,456881.76,1966.090802381792,16.15918,53.04224,2.412983,1862.4921546961325,1984.8676041666665,122.4,2.032828276097129,tvd_corrected,AH 1924.0-2052.7m → TVD 1862.5-1984.9m (correction: 61.5m)
BLT-01,141577.55,456881.76,1966.1632996859807,16.48104,52.95074,2.410902,1862.4921546961325,1984.8676041666665,122.4,2.032828276097129,tvd_corrected,AH 1924.0-2052.7m → TVD 1862.5-1984.9m (correction: 61.5m)
BLT-01,141577.55,456881.76,1966.2357969901693,16.74683,52.76052,2.408028,1862.4921546961325,1984.8676041666665,122.4,2.032828276097129,tvd_corrected,AH 1924.0-2052.7m → TVD 1862.5-1984.9m (correction: 61.5m)
BLT-01,141577.55,456881.76,1966.3082942943581,16.97692,52.55853,2.403842,1862.4921546961325,1984.8676041666665,122.4,2.032828276097129,tvd_corrected,AH 1924.0-2052.7m → TVD 1862.5-1984.9m (correction: 61.5m)
BLT-01,141577.55,456881.76,1966.3807915985467,17.15728,52.31359,2.397051,1862.4921546961325,1984.8676041666665,122.4,2.032828276097129,tvd_corrected,AH 1924.0-2052.7m → TVD 1862.5-1984.9m (correction: 61.5m)
BLT-01,141577.55,456881.76,1966.4532889027355,17.18713,52.06673,2.391356,1862.4921546961325,1984.8676041666665,122.4,2.032828276097129,tvd_corrected,AH 1924.0-2052.7m → TVD 1862.5-1984.9m (correction: 61.5m)
BLT-01,141577.55,456881.76,1966.525786206924,17.18161,51.75,2.387621,1862.4921546961325,1984.8676041666665,122.4,2.032828276097129,tvd_corrected,AH 1924.0-2052.7m → TVD 1862.5-1984.9m (correction: 61.5m)
BLT-01,141577.55,456881.76,1966.5982835111129,17.139029999999998,51.13924,2.385834,1862.4921546961325,1984.8676041666665,122.4,2.032828276097129,tvd_corrected,AH 1924.0-2052.7m → TVD 1862.5-1984.9m (correction: 61.5m)
BLT-01,141577.55,456881.76,1966.6707808153017,16.98918,49.70312,2.385478,1862.4921546961325,1984.8676041666665,122.4,2.032828276097129,tvd_corrected,AH 1924.0-2052.7m → TVD 1862.5-1984.9m (correction: 61.5m)
BLT-01,141577.55,456881.76,1966.7432781194902,16.54424,48.16035,2.386499,1862.4921546961325,1984.8676041666665,122.4,2.032828276097129,tvd_corrected,AH 1924.0-2052.7m → TVD 1862.5-1984.9m (correction: 61.5m)
BLT-01,141577.55,456881.76,1966.815775423679,16.0153,46.91336,2.388078,1862.4921546961325,1984.8676041666665,122.4,2.032828276097129,tvd_corrected,AH 1924.0-2052.7m → TVD 1862.5-1984.9m (correction: 61.5m)
BLT-01,141577.55,456881.76,1966.8882727278676,15.54382,45.99228,2.390338,1862.4921546961325,1984.8676041666665,122.4,2.032828276097129,tvd_corrected,AH 1924.0-2052.7m → TVD 1862.5-1984.9m (correction: 61.5m)
BLT-01,141577.55,456881.76,1966.9607700320564,15.31072,45.36898,2.393605,1862.4921546961325,1984.8676041666665,122.4,2.032828276097129,tvd_corrected,AH 1924.0-2052.7m → TVD 1862.5-1984.9m (correction: 61.5m)
BLT-01,141577.55,456881.76,1967.033267336245,15.321789999999998,45.13374,2.396857,1862.4921546961325,1984.8676041666665,122.4,2.032828276097129,tvd_corrected,AH 1924.0-2052.7m → TVD 1862.5-1984.9m (correction: 61.5m)
BLT-01,141577.55,456881.76,1967.1057646404338,15.253620000000002,45.08994,2.399936,1862.4921546961325,1984.8676041666665,122.4,2.032828276097129,tvd_corrected,AH 1924.0-2052.7m → TVD 1862.5-1984.9m (correction: 61.5m)
BLT-01,141577.55,456881.76,1967.1782619446226,15.18534,45.11176,2.402853,1862.4921546961325,1984.8676041666665,122.4,2.032828276097129,tvd_corrected,AH 1924.0-2052.7m → TVD 1862.5-1984.9m (correction: 61.5m)
BLT-01,141577.55,456881.76,1967.2507592488112,15.210870000000002,45.0679,2.405536,1862.4921546961325,1984.8676041666665,122.4,2.032828276097129,tvd_corrected,AH 1924.0-2052.7m → TVD 1862.5-1984.9m (correction: 61.5m)
BLT-01,141577.55,456881.76,1967.323256553,15.49845,44.63989,2.405509,1862.4921546961325,1984.8676041666665,122.4,2.032828276097129,tvd_corrected,AH 1924.0-2052.7m → TVD 1862.5-1984.9m (correction: 61.5m)
BLT-01,141577.55,456881.76,1967.3957538571885,15.68864,44.12236,2.4029,1862.4921546961325,1984.8676041666665,122.4,2.032828276097129,tvd_corrected,AH 1924.0-2052.7m → TVD 1862.5-1984.9m (correction: 61.5m)
BLT-01,141577.55,456881.76,1967.4682511613773,15.78366,43.68017,2.398551,1862.4921546961325,1984.8676041666665,122.4,2.032828276097129,tvd_corrected,AH 1924.0-2052.7m → TVD 1862.5-1984.9m (correction: 61.5m)
BLT-01,141577.55,456881.76,1967.5407484655661,15.78395,43.40451,2.393108,1862.4921546961325,1984.8676041666665,122.4,2.032828276097129,tvd_corrected,AH 1924.0-2052.7m → TVD 1862.5-1984.9m (correction: 61.5m)
BLT-01,141577.55,456881.76,1967.6132457697547,15.67613,43.20187,2.387487,1862.4921546961325,1984.8676041666665,122.4,2.032828276097129,tvd_corrected,AH 1924.0-2052.7m → TVD 1862.5-1984.9m (correction: 61.5m)
BLT-01,141577.55,456881.76,1967.6857430739435,15.544569999999998,42.86446,2.383215,1862.4921546961325,1984.8676041666665,122.4,2.032828276097129,tvd_corrected,AH 1924.0-2052.7m → TVD 1862.5-1984.9m (correction: 61.5m)
BLT-01,141577.55,456881.76,1967.758240378132,15.46395,42.51303,2.381143,1862.4921546961325,1984.8676041666665,122.4,2.032828276097129,tvd_corrected,AH 1924.0-2052.7m → TVD 1862.5-1984.9m (correction: 61.5m)
BLT-01,141577.55,456881.76,1967.830737682321,15.41384,42.25702,2.381636,1862.4921546961325,1984.8676041666665,122.4,2.032828276097129,tvd_corrected,AH 1924.0-2052.7m → TVD 1862.5-1984.9m (correction: 61.5m)
BLT-01,141577.55,456881.76,1967.9032349865095,15.18622,42.36728,2.384872,1862.4921546961325,1984.8676041666665,122.4,2.032828276097129,tvd_corrected,AH 1924.0-2052.7m → TVD 1862.5-1984.9m (correction: 61.5m)
BLT-01,141577.55,456881.76,1967.9757322906983,14.90274,42.91753,2.391879,1862.4921546961325,1984.8676041666665,122.4,2.032828276097129,tvd_corrected,AH 1924.0-2052.7m → TVD 1862.5-1984.9m (correction: 61.5m)
BLT-01,141577.55,456881.76,1968.048229594887,14.7698,43.32806,2.399709,1862.4921546961325,1984.8676041666665,122.4,2.032828276097129,tvd_corrected,AH 1924.0-2052.7m → TVD 1862.5-1984.9m (correction: 61.5m)
BLT-01,141577.55,456881.76,1968.1207268990756,14.74798,43.42081,2.407237,1862.4921546961325,1984.8676041666665,122.4,2.032828276097129,tvd_corrected,AH 1924.0-2052.7m → TVD 1862.5-1984.9m (correction: 61.5m)
BLT-01,141577.55,456881.76,1968.1932242032644,14.627019999999998,43.06843,2.413277,1862.4921546961325,1984.8676041666665,122.4,2.032828276097129,tvd_corrected,AH 1924.0-2052.7m → TVD 1862.5-1984.9m (correction: 61.5m)
BLT-01,141577.55,456881.76,1968.265721507453,14.3481,42.77328,2.419051,1862.4921546961325,1984.8676041666665,122.4,2.032828276097129,tvd_corrected,AH 1924.0-2052.7m → TVD 1862.5-1984.9m (correction: 61.5m)
BLT-01,141577.55,456881.76,1968.3382188116418,13.9735,43.33601,2.42733,1862.4921546961325,1984.8676041666665,122.4,2.032828276097129,tvd_corrected,AH 1924.0-2052.7m → TVD 1862.5-1984.9m (correction: 61.5m)
BLT-01,141577.55,456881.76,1968.4107161158304,13.57415,44.65901,2.437085,1862.4921546961325,1984.8676041666665,122.4,2.032828276097129,tvd_corrected,AH 1924.0-2052.7m → TVD 1862.5-1984.9m (correction: 61.5m)
BLT-01,141577.55,456881.76,1968.4832134200192,13.24759,46.4509,2.44628,1862.4921546961325,1984.8676041666665,122.4,2.032828276097129,tvd_corrected,AH 1924.0-2052.7m → TVD 1862.5-1984.9m (correction: 61.5m)
BLT-01,141577.55,456881.76,1968.555710724208,13.12581,47.75731,2.452134,1862.4921546961325,1984.8676041666665,122.4,2.032828276097129,tvd_corrected,AH 1924.0-2052.7m → TVD 1862.5-1984.9m (correction: 61.5m)
BLT-01,141577.55,456881.76,1968.6282080283966,13.05692,48.78336,2.456714,1862.4921546961325,1984.8676041666665,122.4,2.032828276097129,tvd_corrected,AH 1924.0-2052.7m → TVD 1862.5-1984.9m (correction: 61.5m)
BLT-01,141577.55,456881.76,1968.7007053325854,13.03441,49.58004,2.46027,1862.4921546961325,1984.8676041666665,122.4,2.032828276097129,tvd_corrected,AH 1924.0-2052.7m → TVD 1862.5-1984.9m (correction: 61.5m)
BLT-01,141577.55,456881.76,1968.773202636774,13.05212,50.18647,2.462957,1862.4921546961325,1984.8676041666665,122.4,2.032828276097129,tvd_corrected,AH 1924.0-2052.7m → TVD 1862.5-1984.9m (correction: 61.5m)
BLT-01,141577.55,456881.76,1968.8456999409627,13.041050000000002,50.32613,2.463287,1862.4921546961325,1984.8676041666665,122.4,2.032828276097129,tvd_corrected,AH 1924.0-2052.7m → TVD 1862.5-1984.9m (correction: 61.5m)
BLT-01,141577.55,456881.76,1968.9181972451515,13.0225,50.14459,2.462369,1862.4921546961325,1984.8676041666665,122.4,2.032828276097129,tvd_corrected,AH 1924.0-2052.7m → TVD 1862.5-1984.9m (correction: 61.5m)
BLT-01,141577.55,456881.76,1968.99069454934,13.06924,49.89425,2.46065,1862.4921546961325,1984.8676041666665,122.4,2.032828276097129,tvd_corrected,AH 1924.0-2052.7m → TVD 1862.5-1984.9m (correction: 61.5m)
BLT-01,141577.55,456881.76,1969.063191853529,13.24611,49.79858,2.458336,1862.4921546961325,1984.8676041666665,122.4,2.032828276097129,tvd_corrected,AH 1924.0-2052.7m → TVD 1862.5-1984.9m (correction: 61.5m)
BLT-01,141577.55,456881.76,1969.1356891577175,13.71994,50.41039,2.454856,1862.4921546961325,1984.8676041666665,122.4,2.032828276097129,tvd_corrected,AH 1924.0-2052.7m → TVD 1862.5-1984.9m (correction: 61.5m)
BLT-01,141577.55,456881.76,1969.2081864619063,13.981840000000002,51.65845,2.452875,1862.4921546961325,1984.8676041666665,122.4,2.032828276097129,tvd_corrected,AH 1924.0-2052.7m → TVD 1862.5-1984.9m (correction: 61.5m)
BLT-01,141577.55,456881.76,1969.2806837660949,14.03615,53.14757,2.452405,1862.4921546961325,1984.8676041666665,122.4,2.032828276097129,tvd_corrected,AH 1924.0-2052.7m → TVD 1862.5-1984.9m (correction: 61.5m)
BLT-01,141577.55,456881.76,1969.3531810702837,13.922109999999998,54.69104,2.453112,1862.4921546961325,1984.8676041666665,122.4,2.032828276097129,tvd_corrected,AH 1924.0-2052.7m → TVD 1862.5-1984.9m (correction: 61.5m)
BLT-01,141577.55,456881.76,1969.4256783744725,13.79727,56.12153,2.453577,1862.4921546961325,1984.8676041666665,122.4,2.032828276097129,tvd_corrected,AH 1924.0-2052.7m → TVD 1862.5-1984.9m (correction: 61.5m)
BLT-01,141577.55,456881.76,1969.498175678661,13.66107,57.31094,2.452282,1862.4921546961325,1984.8676041666665,122.4,2.032828276097129,tvd_corrected,AH 1924.0-2052.7m → TVD 1862.5-1984.9m (correction: 61.5m)
BLT-01,141577.55,456881.76,1969.5706729828498,13.57537,58.1499,2.449689,1862.4921546961325,1984.8676041666665,122.4,2.032828276097129,tvd_corrected,AH 1924.0-2052.7m → TVD 1862.5-1984.9m (correction: 61.5m)
BLT-01,141577.55,456881.76,1969.6431702870384,13.54516,58.72022,2.446537,1862.4921546961325,1984.8676041666665,122.4,2.032828276097129,tvd_corrected,AH 1924.0-2052.7m → TVD 1862.5-1984.9m (correction: 61.5m)
BLT-01,141577.55,456881.76,1969.7156675912272,13.55061,59.277,2.444388,1862.4921546961325,1984.8676041666665,122.4,2.032828276097129,tvd_corrected,AH 1924.0-2052.7m → TVD 1862.5-1984.9m (correction: 61.5m)
BLT-01,141577.55,456881.76,1969.7881648954158,13.53897,60.18246,2.447543,1862.4921546961325,1984.8676041666665,122.4,2.032828276097129,tvd_corrected,AH 1924.0-2052.7m → TVD 1862.5-1984.9m (correction: 61.5m)
BLT-01,141577.55,456881.76,1969.8606621996046,13.50133,60.99078,2.453619,1862.4921546961325,1984.8676041666665,122.4,2.032828276097129,tvd_corrected,AH 1924.0-2052.7m → TVD 1862.5-1984.9m (correction: 61.5m)
BLT-01,141577.55,456881.76,1969.9331595037934,13.4423,61.59832,2.461189,1862.4921546961325,1984.8676041666665,122.4,2.032828276097129,tvd_corrected,AH 1924.0-2052.7m → TVD 1862.5-1984.9m (correction: 61.5m)
BLT-01,141577.55,456881.76,1970.005656807982,13.37047,61.92419,2.468485,1862.4921546961325,1984.8676041666665,122.4,2.032828276097129,tvd_corrected,AH 1924.0-2052.7m → TVD 1862.5-1984.9m (correction: 61.5m)
BLT-01,141577.55,456881.76,1970.0781541121708,13.13531,62.11861,2.47429,1862.4921546961325,1984.8676041666665,122.4,2.032828276097129,tvd_corrected,AH 1924.0-2052.7m → TVD 1862.5-1984.9m (correction: 61.5m)
BLT-01,141577.55,456881.76,1970.1506514163593,12.58736,62.4565,2.482437,1862.4921546961325,1984.8676041666665,122.4,2.032828276097129,tvd_corrected,AH 1924.0-2052.7m → TVD 1862.5-1984.9m (correction: 61.5m)
BLT-01,141577.55,456881.76,1970.2231487205481,11.94972,62.74374,2.491786,1862.4921546961325,1984.8676041666665,122.4,2.032828276097129,tvd_corrected,AH 1924.0-2052.7m → TVD 1862.5-1984.9m (correction: 61.5m)
BLT-01,141577.55,456881.76,1970.295646024737,11.44744,62.78748,2.500996,1862.4921546961325,1984.8676041666665,122.4,2.032828276097129,tvd_corrected,AH 1924.0-2052.7m → TVD 1862.5-1984.9m (correction: 61.5m)
BLT-01,141577.55,456881.76,1970.3681433289255,11.24369,62.5167,2.506842,1862.4921546961325,1984.8676041666665,122.4,2.032828276097129,tvd_corrected,AH 1924.0-2052.7m → TVD 1862.5-1984.9m (correction: 61.5m)
BLT-01,141577.55,456881.76,1970.4406406331143,11.05839,62.18308,2.511888,1862.4921546961325,1984.8676041666665,122.4,2.032828276097129,tvd_corrected,AH 1924.0-2052.7m → TVD 1862.5-1984.9m (correction: 61.5m)
BLT-01,141577.55,456881.76,1970.5131379373029,10.86036,61.78225,2.516514,1862.4921546961325,1984.8676041666665,122.4,2.032828276097129,tvd_corrected,AH 1924.0-2052.7m → TVD 1862.5-1984.9m (correction: 61.5m)
BLT-01,141577.55,456881.76,1970.5856352414917,10.64338,61.345,2.520935,1862.4921546961325,1984.8676041666665,122.4,2.032828276097129,tvd_corrected,AH 1924.0-2052.7m → TVD 1862.5-1984.9m (correction: 61.5m)
BLT-01,141577.55,456881.76,1970.6581325456805,10.5042,61.12936,2.525046,1862.4921546961325,1984.8676041666665,122.4,2.032828276097129,tvd_corrected,AH 1924.0-2052.7m → TVD 1862.5-1984.9m (correction: 61.5m)
BLT-01,141577.55,456881.76,1970.730629849869,10.45112,60.86173,2.527886,1862.4921546961325,1984.8676041666665,122.4,2.032828276097129,tvd_corrected,AH 1924.0-2052.7m → TVD 1862.5-1984.9m (correction: 61.5m)
BLT-01,141577.55,456881.76,1970.8031271540578,10.48001,60.44352,2.530471,1862.4921546961325,1984.8676041666665,122.4,2.032828276097129,tvd_corrected,AH 1924.0-2052.7m → TVD 1862.5-1984.9m (correction: 61.5m)
BLT-01,141577.55,456881.76,1970.8756244582464,10.64409,59.83154,2.532547,1862.4921546961325,1984.8676041666665,122.4,2.032828276097129,tvd_corrected,AH 1924.0-2052.7m → TVD 1862.5-1984.9m (correction: 61.5m)
BLT-01,141577.55,456881.76,1970.9481217624352,11.16526,58.99673,2.531584,1862.4921546961325,1984.8676041666665,122.4,2.032828276097129,tvd_corrected,AH 1924.0-2052.7m → TVD 1862.5-1984.9m (correction: 61.5m)
BLT-01,141577.55,456881.76,1971.0206190666238,11.75065,58.42086,2.525488,1862.4921546961325,1984.8676041666665,122.4,2.032828276097129,tvd_corrected,AH 1924.0-2052.7m → TVD 1862.5-1984.9m (correction: 61.5m)
BLT-01,141577.55,456881.76,1971.0931163708126,12.36683,57.9179,2.51431,1862.4921546961325,1984.8676041666665,122.4,2.032828276097129,tvd_corrected,AH 1924.0-2052.7m → TVD 1862.5-1984.9m (correction: 61.5m)
BLT-01,141577.55,456881.76,1971.1656136750012,13.0102,57.27617,2.497591,1862.4921546961325,1984.8676041666665,122.4,2.032828276097129,tvd_corrected,AH 1924.0-2052.7m → TVD 1862.5-1984.9m (correction: 61.5m)
BLT-01,141577.55,456881.76,1971.23811097919,13.68886,56.08342,2.474195,1862.4921546961325,1984.8676041666665,122.4,2.032828276097129,tvd_corrected,AH 1924.0-2052.7m → TVD 1862.5-1984.9m (correction: 61.5m)
BLT-01,141577.55,456881.76,1971.3106082833788,14.94404,53.31421,2.43522,1862.4921546961325,1984.8676041666665,122.4,2.032828276097129,tvd_corrected,AH 1924.0-2052.7m → TVD 1862.5-1984.9m (correction: 61.5m)
BLT-01,141577.55,456881.76,1971.3831055875673,16.04886,50.48494,2.401996,1862.4921546961325,1984.8676041666665,122.4,2.032828276097129,tvd_corrected,AH 1924.0-2052.7m → TVD 1862.5-1984.9m (correction: 61.5m)
BLT-01,141577.55,456881.76,1971.4556028917561,16.75549,48.12956,2.38113,1862.4921546961325,1984.8676041666665,122.4,2.032828276097129,tvd_corrected,AH 1924.0-2052.7m → TVD 1862.5-1984.9m (correction: 61.5m)
BLT-01,141577.55,456881.76,1971.5281001959447,16.81788,46.79236,2.378866,1862.4921546961325,1984.8676041666665,122.4,2.032828276097129,tvd_corrected,AH 1924.0-2052.7m → TVD 1862.5-1984.9m (correction: 61.5m)
BLT-01,141577.55,456881.76,1971.6005975001335,16.08412,46.25455,2.401169,1862.4921546961325,1984.8676041666665,122.4,2.032828276097129,tvd_corrected,AH 1924.0-2052.7m → TVD 1862.5-1984.9m (correction: 61.5m)
BLT-01,141577.55,456881.76,1971.6730948043223,15.137900000000002,46.10751,2.427201,1862.4921546961325,1984.8676041666665,122.4,2.032828276097129,tvd_corrected,AH 1924.0-2052.7m → TVD 1862.5-1984.9m (correction: 61.5m)
BLT-01,141577.55,456881.76,1971.745592108511,14.16417,46.17013,2.450741,1862.4921546961325,1984.8676041666665,122.4,2.032828276097129,tvd_corrected,AH 1924.0-2052.7m → TVD 1862.5-1984.9m (correction: 61.5m)
BLT-01,141577.55,456881.76,1971.8180894126997,13.32956,46.26527,2.466516,1862.4921546961325,1984.8676041666665,122.4,2.032828276097129,tvd_corrected,AH 1924.0-2052.7m → TVD 1862.5-1984.9m (correction: 61.5m)
BLT-01,141577.55,456881.76,1971.8905867168883,12.74883,46.15448,2.47534,1862.4921546961325,1984.8676041666665,122.4,2.032828276097129,tvd_corrected,AH 1924.0-2052.7m → TVD 1862.5-1984.9m (correction: 61.5m)
BLT-01,141577.55,456881.76,1971.963084021077,12.40038,46.0668,2.479954,1862.4921546961325,1984.8676041666665,122.4,2.032828276097129,tvd_corrected,AH 1924.0-2052.7m → TVD 1862.5-1984.9m (correction: 61.5m)
BLT-01,141577.55,456881.76,1972.0355813252659,12.18452,46.06456,2.481668,1862.4921546961325,1984.8676041666665,122.4,2.032828276097129,tvd_corrected,AH 1924.0-2052.7m → TVD 1862.5-1984.9m (correction: 61.5m)
BLT-01,141577.55,456881.76,1972.1080786294544,12.03362,46.16064,2.48151,1862.4921546961325,1984.8676041666665,122.4,2.032828276097129,tvd_corrected,AH 1924.0-2052.7m → TVD 1862.5-1984.9m (correction: 61.5m)
BLT-01,141577.55,456881.76,1972.1805759336432,11.88379,46.17848,2.481348,1862.4921546961325,1984.8676041666665,122.4,2.032828276097129,tvd_corrected,AH 1924.0-2052.7m → TVD 1862.5-1984.9m (correction: 61.5m)
BLT-01,141577.55,456881.76,1972.2530732378318,11.75081,45.82148,2.481614,1862.4921546961325,1984.8676041666665,122.4,2.032828276097129,tvd_corrected,AH 1924.0-2052.7m → TVD 1862.5-1984.9m (correction: 61.5m)
BLT-01,141577.55,456881.76,1972.3255705420206,11.63708,45.21662,2.483835,1862.4921546961325,1984.8676041666665,122.4,2.032828276097129,tvd_corrected,AH 1924.0-2052.7m → TVD 1862.5-1984.9m (correction: 61.5m)
BLT-01,141577.55,456881.76,1972.3980678462092,11.55602,44.55328,2.488082,1862.4921546961325,1984.8676041666665,122.4,2.032828276097129,tvd_corrected,AH 1924.0-2052.7m → TVD 1862.5-1984.9m (correction: 61.5m)
BLT-01,141577.55,456881.76,1972.470565150398,11.55746,44.40433,2.492464,1862.4921546961325,1984.8676041666665,122.4,2.032828276097129,tvd_corrected,AH 1924.0-2052.7m → TVD 1862.5-1984.9m (correction: 61.5m)
BLT-01,141577.55,456881.76,1972.5430624545868,11.51259,45.09176,2.494585,1862.4921546961325,1984.8676041666665,122.4,2.032828276097129,tvd_corrected,AH 1924.0-2052.7m → TVD 1862.5-1984.9m (correction: 61.5m)
BLT-01,141577.55,456881.76,1972.6155597587754,11.50298,46.67049,2.496464,1862.4921546961325,1984.8676041666665,122.4,2.032828276097129,tvd_corrected,AH 1924.0-2052.7m → TVD 1862.5-1984.9m (correction: 61.5m)
BLT-01,141577.55,456881.76,1972.6880570629642,11.53631,48.93207,2.498737,1862.4921546961325,1984.8676041666665,122.4,2.032828276097129,tvd_corrected,AH 1924.0-2052.7m → TVD 1862.5-1984.9m (correction: 61.5m)
BLT-01,141577.55,456881.76,1972.7605543671527,11.59194,51.36616,2.501924,1862.4921546961325,1984.8676041666665,122.4,2.032828276097129,tvd_corrected,AH 1924.0-2052.7m → TVD 1862.5-1984.9m (correction: 61.5m)
BLT-01,141577.55,456881.76,1972.8330516713415,11.69314,55.03325,2.508497,1862.4921546961325,1984.8676041666665,122.4,2.032828276097129,tvd_corrected,AH 1924.0-2052.7m → TVD 1862.5-1984.9m (correction: 61.5m)
BLT-01,141577.55,456881.76,1972.90554897553,11.86902,58.60675,2.513707,1862.4921546961325,1984.8676041666665,122.4,2.032828276097129,tvd_corrected,AH 1924.0-2052.7m → TVD 1862.5-1984.9m (correction: 61.5m)
BLT-01,141577.55,456881.76,1972.978046279719,12.12526,61.65255,2.515585,1862.4921546961325,1984.8676041666665,122.4,2.032828276097129,tvd_corrected,AH 1924.0-2052.7m → TVD 1862.5-1984.9m (correction: 61.5m)
BLT-01,141577.55,456881.76,1973.0505435839077,12.46435,63.74685,2.512047,1862.4921546961325,1984.8676041666665,122.4,2.032828276097129,tvd_corrected,AH 1924.0-2052.7m → TVD 1862.5-1984.9m (correction: 61.5m)
BLT-01,141577.55,456881.76,1973.1230408880963,12.87847,64.89743,2.50496,1862.4921546961325,1984.8676041666665,122.4,2.032828276097129,tvd_corrected,AH 1924.0-2052.7m → TVD 1862.5-1984.9m (correction: 61.5m)
BLT-01,141577.55,456881.76,1973.195538192285,13.20939,65.49145,2.497854,1862.4921546961325,1984.8676041666665,122.4,2.032828276097129,tvd_corrected,AH 1924.0-2052.7m → TVD 1862.5-1984.9m (correction: 61.5m)
BLT-01,141577.55,456881.76,1973.2680354964737,13.59575,65.65053,2.489871,1862.4921546961325,1984.8676041666665,122.4,2.032828276097129,tvd_corrected,AH 1924.0-2052.7m → TVD 1862.5-1984.9m (correction: 61.5m)
BLT-01,141577.55,456881.76,1973.3405328006625,14.16973,65.47857,2.480287,1862.4921546961325,1984.8676041666665,122.4,2.032828276097129,tvd_corrected,AH 1924.0-2052.7m → TVD 1862.5-1984.9m (correction: 61.5m)
BLT-01,141577.55,456881.76,1973.4130301048513,15.00374,64.71926,2.471329,1862.4921546961325,1984.8676041666665,122.4,2.032828276097129,tvd_corrected,AH 1924.0-2052.7m → TVD 1862.5-1984.9m (correction: 61.5m)
BLT-01,141577.55,456881.76,1973.4855274090398,15.71507,63.51713,2.462188,1862.4921546961325,1984.8676041666665,122.4,2.032828276097129,tvd_corrected,AH 1924.0-2052.7m → TVD 1862.5-1984.9m (correction: 61.5m)
BLT-01,141577.55,456881.76,1973.5580247132286,16.29023,62.02697,2.447257,1862.4921546961325,1984.8676041666665,122.4,2.032828276097129,tvd_corrected,AH 1924.0-2052.7m → TVD 1862.5-1984.9m (correction: 61.5m)
BLT-01,141577.55,456881.76,1973.6305220174172,16.73203,60.45044,2.424545,1862.4921546961325,1984.8676041666665,122.4,2.032828276097129,tvd_corrected,AH 1924.0-2052.7m → TVD 1862.5-1984.9m (correction: 61.5m)
BLT-01,141577.55,456881.76,1973.703019321606,17.11427,59.60359,2.402971,1862.4921546961325,1984.8676041666665,122.4,2.032828276097129,tvd_corrected,AH 1924.0-2052.7m → TVD 1862.5-1984.9m (correction: 61.5m)
BLT-01,141577.55,456881.76,1973.7755166257946,17.32893,59.1792,2.390363,1862.4921546961325,1984.8676041666665,122.4,2.032828276097129,tvd_corrected,AH 1924.0-2052.7m → TVD 1862.5-1984.9m (correction: 61.5m)
BLT-01,141577.55,456881.76,1973.8480139299834,17.28548,58.67116,2.383759,1862.4921546961325,1984.8676041666665,122.4,2.032828276097129,tvd_corrected,AH 1924.0-2052.7m → TVD 1862.5-1984.9m (correction: 61.5m)
BLT-01,141577.55,456881.76,1973.9205112341722,17.03024,57.99355,2.381984,1862.4921546961325,1984.8676041666665,122.4,2.032828276097129,tvd_corrected,AH 1924.0-2052.7m → TVD 1862.5-1984.9m (correction: 61.5m)
BLT-01,141577.55,456881.76,1973.9930085383608,16.865550000000002,57.49593,2.384447,1862.4921546961325,1984.8676041666665,122.4,2.032828276097129,tvd_corrected,AH 1924.0-2052.7m → TVD 1862.5-1984.9m (correction: 61.5m)
BLT-01,141577.55,456881.76,1974.0655058425496,17.12023,57.838,2.388552,1862.4921546961325,1984.8676041666665,122.4,2.032828276097129,tvd_corrected,AH 1924.0-2052.7m → TVD 1862.5-1984.9m (correction: 61.5m)
BLT-01,141577.55,456881.76,1974.1380031467381,17.36025,58.45264,2.392667,1862.4921546961325,1984.8676041666665,122.4,2.032828276097129,tvd_corrected,AH 1924.0-2052.7m → TVD 1862.5-1984.9m (correction: 61.5m)
BLT-01,141577.55,456881.76,1974.210500450927,17.471909999999998,59.13227,2.396691,1862.4921546961325,1984.8676041666665,122.4,2.032828276097129,tvd_corrected,AH 1924.0-2052.7m → TVD 1862.5-1984.9m (correction: 61.5m)
BLT-01,141577.55,456881.76,1974.2829977551155,17.39181,59.66003,2.40114,1862.4921546961325,1984.8676041666665,122.4,2.032828276097129,tvd_corrected,AH 1924.0-2052.7m → TVD 1862.5-1984.9m (correction: 61.5m)
BLT-01,141577.55,456881.76,1974.3554950593043,17.12803,60.13379,2.411038,1862.4921546961325,1984.8676041666665,122.4,2.032828276097129,tvd_corrected,AH 1924.0-2052.7m → TVD 1862.5-1984.9m (correction: 61.5m)
BLT-01,141577.55,456881.76,1974.427992363493,16.80046,60.3223,2.420774,1862.4921546961325,1984.8676041666665,122.4,2.032828276097129,tvd_corrected,AH 1924.0-2052.7m → TVD 1862.5-1984.9m (correction: 61.5m)
BLT-01,141577.55,456881.76,1974.5004896676817,16.47503,60.18273,2.428393,1862.4921546961325,1984.8676041666665,122.4,2.032828276097129,tvd_corrected,AH 1924.0-2052.7m → TVD 1862.5-1984.9m (correction: 61.5m)
BLT-01,141577.55,456881.76,1974.5729869718705,16.22801,59.69251,2.431943,1862.4921546961325,1984.8676041666665,122.4,2.032828276097129,tvd_corrected,AH 1924.0-2052.7m → TVD 1862.5-1984.9m (correction: 61.5m)
BLT-01,141577.55,456881.76,1974.645484276059,16.037779999999998,58.64277,2.436678,1862.4921546961325,1984.8676041666665,122.4,2.032828276097129,tvd_corrected,AH 1924.0-2052.7m → TVD 1862.5-1984.9m (correction: 61.5m)
BLT-01,141577.55,456881.76,1974.7179815802479,15.93287,57.7963,2.44287,1862.4921546961325,1984.8676041666665,122.4,2.032828276097129,tvd_corrected,AH 1924.0-2052.7m → TVD 1862.5-1984.9m (correction: 61.5m)
BLT-01,141577.55,456881.76,1974.7904788844367,15.84468,57.35293,2.450142,1862.4921546961325,1984.8676041666665,122.4,2.032828276097129,tvd_corrected,AH 1924.0-2052.7m → TVD 1862.5-1984.9m (correction: 61.5m)
BLT-01,141577.55,456881.76,1974.8629761886252,15.70839,57.45732,2.457987,1862.4921546961325,1984.8676041666665,122.4,2.032828276097129,tvd_corrected,AH 1924.0-2052.7m → TVD 1862.5-1984.9m (correction: 61.5m)
BLT-01,141577.55,456881.76,1974.935473492814,15.48417,57.84792,2.463808,1862.4921546961325,1984.8676041666665,122.4,2.032828276097129,tvd_corrected,AH 1924.0-2052.7m → TVD 1862.5-1984.9m (correction: 61.5m)
BLT-01,141577.55,456881.76,1975.0079707970026,15.51758,58.28691,2.463138,1862.4921546961325,1984.8676041666665,122.4,2.032828276097129,tvd_corrected,AH 1924.0-2052.7m → TVD 1862.5-1984.9m (correction: 61.5m)
BLT-01,141577.55,456881.76,1975.0804681011914,15.73791,58.61853,2.456961,1862.4921546961325,1984.8676041666665,122.4,2.032828276097129,tvd_corrected,AH 1924.0-2052.7m → TVD 1862.5-1984.9m (correction: 61.5m)
BLT-01,141577.55,456881.76,1975.15296540538,16.0522,58.74417,2.445756,1862.4921546961325,1984.8676041666665,122.4,2.032828276097129,tvd_corrected,AH 1924.0-2052.7m → TVD 1862.5-1984.9m (correction: 61.5m)
BLT-01,141577.55,456881.76,1975.2254627095688,16.087509999999998,58.585,2.428875,1862.4921546961325,1984.8676041666665,122.4,2.032828276097129,tvd_corrected,AH 1924.0-2052.7m → TVD 1862.5-1984.9m (correction: 61.5m)
BLT-01,141577.55,456881.76,1975.2979600137576,15.918589999999998,58.12857,2.417476,1862.4921546961325,1984.8676041666665,122.4,2.032828276097129,tvd_corrected,AH 1924.0-2052.7m → TVD 1862.5-1984.9m (correction: 61.5m)
BLT-01,141577.55,456881.76,1975.3704573179461,15.70968,57.32417,2.414768,1862.4921546961325,1984.8676041666665,122.4,2.032828276097129,tvd_corrected,AH 1924.0-2052.7m → TVD 1862.5-1984.9m (correction: 61.5m)
BLT-01,141577.55,456881.76,1975.442954622135,15.513189999999998,56.28845,2.420622,1862.4921546961325,1984.8676041666665,122.4,2.032828276097129,tvd_corrected,AH 1924.0-2052.7m → TVD 1862.5-1984.9m (correction: 61.5m)
BLT-01,141577.55,456881.76,1975.5154519263235,15.31608,55.52913,2.430391,1862.4921546961325,1984.8676041666665,122.4,2.032828276097129,tvd_corrected,AH 1924.0-2052.7m → TVD 1862.5-1984.9m (correction: 61.5m)
BLT-01,141577.55,456881.76,1975.5879492305123,15.04635,55.31689,2.438897,1862.4921546961325,1984.8676041666665,122.4,2.032828276097129,tvd_corrected,AH 1924.0-2052.7m → TVD 1862.5-1984.9m (correction: 61.5m)
BLT-01,141577.55,456881.76,1975.660446534701,14.63116,55.43051,2.447729,1862.4921546961325,1984.8676041666665,122.4,2.032828276097129,tvd_corrected,AH 1924.0-2052.7m → TVD 1862.5-1984.9m (correction: 61.5m)
BLT-01,141577.55,456881.76,1975.7329438388897,14.14775,55.716,2.456051,1862.4921546961325,1984.8676041666665,122.4,2.032828276097129,tvd_corrected,AH 1924.0-2052.7m → TVD 1862.5-1984.9m (correction: 61.5m)
BLT-01,141577.55,456881.76,1975.8054411430785,13.80022,55.9249,2.4613,1862.4921546961325,1984.8676041666665,122.4,2.032828276097129,tvd_corrected,AH 1924.0-2052.7m → TVD 1862.5-1984.9m (correction: 61.5m)
BLT-01,141577.55,456881.76,1975.877938447267,13.70265,55.74851,2.46261,1862.4921546961325,1984.8676041666665,122.4,2.032828276097129,tvd_corrected,AH 1924.0-2052.7m → TVD 1862.5-1984.9m (correction: 61.5m)
BLT-01,141577.55,456881.76,1975.9504357514559,13.71305,55.22594,2.461786,1862.4921546961325,1984.8676041666665,122.4,2.032828276097129,tvd_corrected,AH 1924.0-2052.7m → TVD 1862.5-1984.9m (correction: 61.5m)
BLT-01,141577.55,456881.76,1976.0229330556444,13.80347,54.62197,2.459195,1862.4921546961325,1984.8676041666665,122.4,2.032828276097129,tvd_corrected,AH 1924.0-2052.7m → TVD 1862.5-1984.9m (correction: 61.5m)
BLT-01,141577.55,456881.76,1976.0954303598332,13.95137,54.29602,2.45516,1862.4921546961325,1984.8676041666665,122.4,2.032828276097129,tvd_corrected,AH 1924.0-2052.7m → TVD 1862.5-1984.9m (correction: 61.5m)
BLT-01,141577.55,456881.76,1976.167927664022,14.10343,54.55229,2.450362,1862.4921546961325,1984.8676041666665,122.4,2.032828276097129,tvd_corrected,AH 1924.0-2052.7m → TVD 1862.5-1984.9m (correction: 61.5m)
BLT-01,141577.55,456881.76,1976.2404249682106,14.50151,54.35035,2.442561,1862.4921546961325,1984.8676041666665,122.4,2.032828276097129,tvd_corrected,AH 1924.0-2052.7m → TVD 1862.5-1984.9m (correction: 61.5m)
BLT-01,141577.55,456881.76,1976.3129222723994,15.01925,53.64605,2.433567,1862.4921546961325,1984.8676041666665,122.4,2.032828276097129,tvd_corrected,AH 1924.0-2052.7m → TVD 1862.5-1984.9m (correction: 61.5m)
BLT-01,141577.55,456881.76,1976.385419576588,15.524260000000002,52.44881,2.425207,1862.4921546961325,1984.8676041666665,122.4,2.032828276097129,tvd_corrected,AH 1924.0-2052.7m → TVD 1862.5-1984.9m (correction: 61.5m)
BLT-01,141577.55,456881.76,1976.4579168807768,15.7574,51.16873,2.420426,1862.4921546961325,1984.8676041666665,122.4,2.032828276097129,tvd_corrected,AH 1924.0-2052.7m → TVD 1862.5-1984.9m (correction: 61.5m)
BLT-01,141577.55,456881.76,1976.5304141849654,15.69964,49.90757,2.417058,1862.4921546961325,1984.8676041666665,122.4,2.032828276097129,tvd_corrected,AH 1924.0-2052.7m → TVD 1862.5-1984.9m (correction: 61.5m)
BLT-01,141577.55,456881.76,1976.6029114891542,15.479870000000002,48.96175,2.416551,1862.4921546961325,1984.8676041666665,122.4,2.032828276097129,tvd_corrected,AH 1924.0-2052.7m → TVD 1862.5-1984.9m (correction: 61.5m)
BLT-01,141577.55,456881.76,1976.675408793343,15.16786,48.5647,2.420444,1862.4921546961325,1984.8676041666665,122.4,2.032828276097129,tvd_corrected,AH 1924.0-2052.7m → TVD 1862.5-1984.9m (correction: 61.5m)
BLT-01,141577.55,456881.76,1976.7479060975315,14.750650000000002,49.20091,2.433883,1862.4921546961325,1984.8676041666665,122.4,2.032828276097129,tvd_corrected,AH 1924.0-2052.7m → TVD 1862.5-1984.9m (correction: 61.5m)
BLT-01,141577.55,456881.76,1976.8204034017203,14.207439999999998,49.90791,2.447711,1862.4921546961325,1984.8676041666665,122.4,2.032828276097129,tvd_corrected,AH 1924.0-2052.7m → TVD 1862.5-1984.9m (correction: 61.5m)
BLT-01,141577.55,456881.76,1976.892900705909,13.71677,50.49677,2.457711,1862.4921546961325,1984.8676041666665,122.4,2.032828276097129,tvd_corrected,AH 1924.0-2052.7m → TVD 1862.5-1984.9m (correction: 61.5m)
BLT-01,141577.55,456881.76,1976.9653980100977,13.38898,50.91241,2.462793,1862.4921546961325,1984.8676041666665,122.4,2.032828276097129,tvd_corrected,AH 1924.0-2052.7m → TVD 1862.5-1984.9m (correction: 61.5m)
BLT-01,141577.55,456881.76,1977.0378953142863,13.411980000000002,51.1841,2.464143,1862.4921546961325,1984.8676041666665,122.4,2.032828276097129,tvd_corrected,AH 1924.0-2052.7m → TVD 1862.5-1984.9m (correction: 61.5m)
BLT-01,141577.55,456881.76,1977.110392618475,13.61145,51.15598,2.464167,1862.4921546961325,1984.8676041666665,122.4,2.032828276097129,tvd_corrected,AH 1924.0-2052.7m → TVD 1862.5-1984.9m (correction: 61.5m)
BLT-01,141577.55,456881.76,1977.182889922664,13.712840000000002,51.0479,2.464824,1862.4921546961325,1984.8676041666665,122.4,2.032828276097129,tvd_corrected,AH 1924.0-2052.7m → TVD 1862.5-1984.9m (correction: 61.5m)
BLT-01,141577.55,456881.76,1977.2553872268525,13.65166,50.83391,2.466468,1862.4921546961325,1984.8676041666665,122.4,2.032828276097129,tvd_corrected,AH 1924.0-2052.7m → TVD 1862.5-1984.9m (correction: 61.5m)
BLT-01,141577.55,456881.76,1977.3278845310413,13.39957,50.36609,2.469074,1862.4921546961325,1984.8676041666665,122.4,2.032828276097129,tvd_corrected,AH 1924.0-2052.7m → TVD 1862.5-1984.9m (correction: 61.5m)
BLT-01,141577.55,456881.76,1977.4003818352298,13.06631,50.05708,2.469641,1862.4921546961325,1984.8676041666665,122.4,2.032828276097129,tvd_corrected,AH 1924.0-2052.7m → TVD 1862.5-1984.9m (correction: 61.5m)
BLT-01,141577.55,456881.76,1977.4728791394186,12.75528,49.93394,2.469144,1862.4921546961325,1984.8676041666665,122.4,2.032828276097129,tvd_corrected,AH 1924.0-2052.7m → TVD 1862.5-1984.9m (correction: 61.5m)
BLT-01,141577.55,456881.76,1977.5453764436074,12.49892,50.21833,2.468982,1862.4921546961325,1984.8676041666665,122.4,2.032828276097129,tvd_corrected,AH 1924.0-2052.7m → TVD 1862.5-1984.9m (correction: 61.5m)
BLT-01,141577.55,456881.76,1977.617873747796,12.32734,51.19444,2.470906,1862.4921546961325,1984.8676041666665,122.4,2.032828276097129,tvd_corrected,AH 1924.0-2052.7m → TVD 1862.5-1984.9m (correction: 61.5m)
BLT-01,141577.55,456881.76,1977.6903710519848,12.37927,52.47153,2.475871,1862.4921546961325,1984.8676041666665,122.4,2.032828276097129,tvd_corrected,AH 1924.0-2052.7m → TVD 1862.5-1984.9m (correction: 61.5m)
BLT-01,141577.55,456881.76,1977.7628683561734,12.39211,53.36376,2.480986,1862.4921546961325,1984.8676041666665,122.4,2.032828276097129,tvd_corrected,AH 1924.0-2052.7m → TVD 1862.5-1984.9m (correction: 61.5m)
BLT-01,141577.55,456881.76,1977.8353656603622,12.29114,53.6593,2.485568,1862.4921546961325,1984.8676041666665,122.4,2.032828276097129,tvd_corrected,AH 1924.0-2052.7m → TVD 1862.5-1984.9m (correction: 61.5m)
BLT-01,141577.55,456881.76,1977.9078629645508,12.02952,53.21209,2.488948,1862.4921546961325,1984.8676041666665,122.4,2.032828276097129,tvd_corrected,AH 1924.0-2052.7m → TVD 1862.5-1984.9m (correction: 61.5m)
BLT-01,141577.55,456881.76,1977.9803602687396,11.82607,52.30148,2.489163,1862.4921546961325,1984.8676041666665,122.4,2.032828276097129,tvd_corrected,AH 1924.0-2052.7m → TVD 1862.5-1984.9m (correction: 61.5m)
BLT-01,141577.55,456881.76,1978.0528575729284,11.77057,51.66462,2.486628,1862.4921546961325,1984.8676041666665,122.4,2.032828276097129,tvd_corrected,AH 1924.0-2052.7m → TVD 1862.5-1984.9m (correction: 61.5m)
BLT-01,141577.55,456881.76,1978.125354877117,11.77693,51.23224,2.483273,1862.4921546961325,1984.8676041666665,122.4,2.032828276097129,tvd_corrected,AH 1924.0-2052.7m → TVD 1862.5-1984.9m (correction: 61.5m)
BLT-01,141577.55,456881.76,1978.1978521813057,11.78346,50.98097,2.480248,1862.4921546961325,1984.8676041666665,122.4,2.032828276097129,tvd_corrected,AH 1924.0-2052.7m → TVD 1862.5-1984.9m (correction: 61.5m)
BLT-01,141577.55,456881.76,1978.2703494854943,11.6904,51.00785,2.478258,1862.4921546961325,1984.8676041666665,122.4,2.032828276097129,tvd_corrected,AH 1924.0-2052.7m → TVD 1862.5-1984.9m (correction: 61.5m)
BLT-01,141577.55,456881.76,1978.342846789683,11.62309,51.78788,2.47548,1862.4921546961325,1984.8676041666665,122.4,2.032828276097129,tvd_corrected,AH 1924.0-2052.7m → TVD 1862.5-1984.9m (correction: 61.5m)
BLT-01,141577.55,456881.76,1978.4153440938717,11.66151,52.88707,2.472881,1862.4921546961325,1984.8676041666665,122.4,2.032828276097129,tvd_corrected,AH 1924.0-2052.7m → TVD 1862.5-1984.9m (correction: 61.5m)
BLT-01,141577.55,456881.76,1978.4878413980605,11.79754,53.99116,2.470832,1862.4921546961325,1984.8676041666665,122.4,2.032828276097129,tvd_corrected,AH 1924.0-2052.7m → TVD 1862.5-1984.9m (correction: 61.5m)
BLT-01,141577.55,456881.76,1978.5603387022493,11.90757,54.47481,2.469536,1862.4921546961325,1984.8676041666665,122.4,2.032828276097129,tvd_corrected,AH 1924.0-2052.7m → TVD 1862.5-1984.9m (correction: 61.5m)
BLT-01,141577.55,456881.76,1978.6328360064379,11.94214,53.88772,2.469706,1862.4921546961325,1984.8676041666665,122.4,2.032828276097129,tvd_corrected,AH 1924.0-2052.7m → TVD 1862.5-1984.9m (correction: 61.5m)
BLT-01,141577.55,456881.76,1978.7053333106267,12.02148,53.09307,2.47139,1862.4921546961325,1984.8676041666665,122.4,2.032828276097129,tvd_corrected,AH 1924.0-2052.7m → TVD 1862.5-1984.9m (correction: 61.5m)
BLT-01,141577.55,456881.76,1978.7778306148152,12.14293,52.42931,2.474616,1862.4921546961325,1984.8676041666665,122.4,2.032828276097129,tvd_corrected,AH 1924.0-2052.7m → TVD 1862.5-1984.9m (correction: 61.5m)
BLT-01,141577.55,456881.76,1978.850327919004,12.25348,52.28308,2.479417,1862.4921546961325,1984.8676041666665,122.4,2.032828276097129,tvd_corrected,AH 1924.0-2052.7m → TVD 1862.5-1984.9m (correction: 61.5m)
BLT-01,141577.55,456881.76,1978.9228252231928,12.61193,52.56285,2.483378,1862.4921546961325,1984.8676041666665,122.4,2.032828276097129,tvd_corrected,AH 1924.0-2052.7m → TVD 1862.5-1984.9m (correction: 61.5m)
BLT-01,141577.55,456881.76,1978.9953225273814,13.15497,52.77296,2.481698,1862.4921546961325,1984.8676041666665,122.4,2.032828276097129,tvd_corrected,AH 1924.0-2052.7m → TVD 1862.5-1984.9m (correction: 61.5m)
BLT-01,141577.55,456881.76,1979.0678198315702,13.8437,52.80581,2.473295,1862.4921546961325,1984.8676041666665,122.4,2.032828276097129,tvd_corrected,AH 1924.0-2052.7m → TVD 1862.5-1984.9m (correction: 61.5m)
BLT-01,141577.55,456881.76,1979.1403171357588,14.63005,52.57872,2.457453,1862.4921546961325,1984.8676041666665,122.4,2.032828276097129,tvd_corrected,AH 1924.0-2052.7m → TVD 1862.5-1984.9m (correction: 61.5m)
BLT-01,141577.55,456881.76,1979.2128144399476,16.325319999999998,51.52654,2.418872,1862.4921546961325,1984.8676041666665,122.4,2.032828276097129,tvd_corrected,AH 1924.0-2052.7m → TVD 1862.5-1984.9m (correction: 61.5m)
BLT-01,141577.55,456881.76,1979.2853117441362,17.86331,50.45461,2.381618,1862.4921546961325,1984.8676041666665,122.4,2.032828276097129,tvd_corrected,AH 1924.0-2052.7m → TVD 1862.5-1984.9m (correction: 61.5m)
BLT-01,141577.55,456881.76,1979.357809048325,19.09888,49.53667,2.349761,1862.4921546961325,1984.8676041666665,122.4,2.032828276097129,tvd_corrected,AH 1924.0-2052.7m → TVD 1862.5-1984.9m (correction: 61.5m)
BLT-01,141577.55,456881.76,1979.4303063525138,19.93081,48.92579,2.326704,1862.4921546961325,1984.8676041666665,122.4,2.032828276097129,tvd_corrected,AH 1924.0-2052.7m → TVD 1862.5-1984.9m (correction: 61.5m)
BLT-01,141577.55,456881.76,1979.5028036567023,20.480970000000003,48.85085,2.316181,1862.4921546961325,1984.8676041666665,122.4,2.032828276097129,tvd_corrected,AH 1924.0-2052.7m → TVD 1862.5-1984.9m (correction: 61.5m)
BLT-01,141577.55,456881.76,1979.5753009608911,20.66165,49.03492,2.315272,1862.4921546961325,1984.8676041666665,122.4,2.032828276097129,tvd_corrected,AH 1924.0-2052.7m → TVD 1862.5-1984.9m (correction: 61.5m)
BLT-01,141577.55,456881.76,1979.6477982650797,20.74832,49.36395,2.319415,1862.4921546961325,1984.8676041666665,122.4,2.032828276097129,tvd_corrected,AH 1924.0-2052.7m → TVD 1862.5-1984.9m (correction: 61.5m)
BLT-01,141577.55,456881.76,1979.7202955692685,20.87723,49.75737,2.325486,1862.4921546961325,1984.8676041666665,122.4,2.032828276097129,tvd_corrected,AH 1924.0-2052.7m → TVD 1862.5-1984.9m (correction: 61.5m)
BLT-01,141577.55,456881.76,1979.792792873457,20.98337,50.08612,2.328956,1862.4921546961325,1984.8676041666665,122.4,2.032828276097129,tvd_corrected,AH 1924.0-2052.7m → TVD 1862.5-1984.9m (correction: 61.5m)
BLT-01,141577.55,456881.76,1979.8652901776459,21.04278,50.28948,2.328312,1862.4921546961325,1984.8676041666665,122.4,2.032828276097129,tvd_corrected,AH 1924.0-2052.7m → TVD 1862.5-1984.9m (correction: 61.5m)
BLT-01,141577.55,456881.76,1979.9377874818347,21.2112,50.26865,2.323452,1862.4921546961325,1984.8676041666665,122.4,2.032828276097129,tvd_corrected,AH 1924.0-2052.7m → TVD 1862.5-1984.9m (correction: 61.5m)
BLT-01,141577.55,456881.76,1980.0102847860232,21.51925,49.99463,2.314997,1862.4921546961325,1984.8676041666665,122.4,2.032828276097129,tvd_corrected,AH 1924.0-2052.7m → TVD 1862.5-1984.9m (correction: 61.5m)
BLT-01,141577.55,456881.76,1980.082782090212,21.89974,49.47663,2.305254,1862.4921546961325,1984.8676041666665,122.4,2.032828276097129,tvd_corrected,AH 1924.0-2052.7m → TVD 1862.5-1984.9m (correction: 61.5m)
BLT-01,141577.55,456881.76,1980.1552793944006,22.09639,49.19759,2.297516,1862.4921546961325,1984.8676041666665,122.4,2.032828276097129,tvd_corrected,AH 1924.0-2052.7m → TVD 1862.5-1984.9m (correction: 61.5m)
BLT-01,141577.55,456881.76,1980.2277766985894,22.15025,48.79144,2.290021,1862.4921546961325,1984.8676041666665,122.4,2.032828276097129,tvd_corrected,AH 1924.0-2052.7m → TVD 1862.5-1984.9m (correction: 61.5m)
BLT-01,141577.55,456881.76,1980.3002740027782,22.09496,48.26962,2.283592,1862.4921546961325,1984.8676041666665,122.4,2.032828276097129,tvd_corrected,AH 1924.0-2052.7m → TVD 1862.5-1984.9m (correction: 61.5m)
BLT-01,141577.55,456881.76,1980.3727713069668,21.9857,47.79328,2.280627,1862.4921546961325,1984.8676041666665,122.4,2.032828276097129,tvd_corrected,AH 1924.0-2052.7m → TVD 1862.5-1984.9m (correction: 61.5m)
BLT-01,141577.55,456881.76,1980.4452686111556,21.84675,47.65697,2.282655,1862.4921546961325,1984.8676041666665,122.4,2.032828276097129,tvd_corrected,AH 1924.0-2052.7m → TVD 1862.5-1984.9m (correction: 61.5m)
BLT-01,141577.55,456881.76,1980.5177659153442,21.61535,48.32189,2.291644,1862.4921546961325,1984.8676041666665,122.4,2.032828276097129,tvd_corrected,AH 1924.0-2052.7m → TVD 1862.5-1984.9m (correction: 61.5m)
BLT-01,141577.55,456881.76,1980.590263219533,21.29142,49.6342,2.305365,1862.4921546961325,1984.8676041666665,122.4,2.032828276097129,tvd_corrected,AH 1924.0-2052.7m → TVD 1862.5-1984.9m (correction: 61.5m)
BLT-01,141577.55,456881.76,1980.6627605237215,20.88392,51.33031,2.320612,1862.4921546961325,1984.8676041666665,122.4,2.032828276097129,tvd_corrected,AH 1924.0-2052.7m → TVD 1862.5-1984.9m (correction: 61.5m)
BLT-01,141577.55,456881.76,1980.7352578279103,20.22886,51.76757,2.330081,1862.4921546961325,1984.8676041666665,122.4,2.032828276097129,tvd_corrected,AH 1924.0-2052.7m → TVD 1862.5-1984.9m (correction: 61.5m)
BLT-01,141577.55,456881.76,1980.8077551320991,19.7714,51.3403,2.3333,1862.4921546961325,1984.8676041666665,122.4,2.032828276097129,tvd_corrected,AH 1924.0-2052.7m → TVD 1862.5-1984.9m (correction: 61.5m)
BLT-01,141577.55,456881.76,1980.8802524362877,19.58317,50.28307,2.330836,1862.4921546961325,1984.8676041666665,122.4,2.032828276097129,tvd_corrected,AH 1924.0-2052.7m → TVD 1862.5-1984.9m (correction: 61.5m)
BLT-01,141577.55,456881.76,1980.9527497404765,19.72199,48.81942,2.32346,1862.4921546961325,1984.8676041666665,122.4,2.032828276097129,tvd_corrected,AH 1924.0-2052.7m → TVD 1862.5-1984.9m (correction: 61.5m)
BLT-01,141577.55,456881.76,1981.025247044665,20.29126,47.1274,2.313381,1862.4921546961325,1984.8676041666665,122.4,2.032828276097129,tvd_corrected,AH 1924.0-2052.7m → TVD 1862.5-1984.9m (correction: 61.5m)
BLT-01,141577.55,456881.76,1981.097744348854,20.81124,46.21655,2.306757,1862.4921546961325,1984.8676041666665,122.4,2.032828276097129,tvd_corrected,AH 1924.0-2052.7m → TVD 1862.5-1984.9m (correction: 61.5m)
BLT-01,141577.55,456881.76,1981.1702416530425,21.15302,46.03577,2.303762,1862.4921546961325,1984.8676041666665,122.4,2.032828276097129,tvd_corrected,AH 1924.0-2052.7m → TVD 1862.5-1984.9m (correction: 61.5m)
BLT-01,141577.55,456881.76,1981.2427389572313,21.26921,46.46232,2.304274,1862.4921546961325,1984.8676041666665,122.4,2.032828276097129,tvd_corrected,AH 1924.0-2052.7m → TVD 1862.5-1984.9m (correction: 61.5m)
BLT-01,141577.55,456881.76,1981.31523626142,21.282300000000003,46.89376,2.306982,1862.4921546961325,1984.8676041666665,122.4,2.032828276097129,tvd_corrected,AH 1924.0-2052.7m → TVD 1862.5-1984.9m (correction: 61.5m)
BLT-01,141577.55,456881.76,1981.3877335656086,21.20752,46.89706,2.309107,1862.4921546961325,1984.8676041666665,122.4,2.032828276097129,tvd_corrected,AH 1924.0-2052.7m → TVD 1862.5-1984.9m (correction: 61.5m)
BLT-01,141577.55,456881.76,1981.4602308697974,21.1414,46.57501,2.310153,1862.4921546961325,1984.8676041666665,122.4,2.032828276097129,tvd_corrected,AH 1924.0-2052.7m → TVD 1862.5-1984.9m (correction: 61.5m)
BLT-01,141577.55,456881.76,1981.532728173986,21.10808,46.07238,2.309658,1862.4921546961325,1984.8676041666665,122.4,2.032828276097129,tvd_corrected,AH 1924.0-2052.7m → TVD 1862.5-1984.9m (correction: 61.5m)
BLT-01,141577.55,456881.76,1981.6052254781748,21.08698,45.77865,2.306552,1862.4921546961325,1984.8676041666665,122.4,2.032828276097129,tvd_corrected,AH 1924.0-2052.7m → TVD 1862.5-1984.9m (correction: 61.5m)
BLT-01,141577.55,456881.76,1981.6777227823636,21.08579,45.96903,2.303151,1862.4921546961325,1984.8676041666665,122.4,2.032828276097129,tvd_corrected,AH 1924.0-2052.7m → TVD 1862.5-1984.9m (correction: 61.5m)
BLT-01,141577.55,456881.76,1981.7502200865522,21.19984,46.45253,2.300603,1862.4921546961325,1984.8676041666665,122.4,2.032828276097129,tvd_corrected,AH 1924.0-2052.7m → TVD 1862.5-1984.9m (correction: 61.5m)
BLT-01,141577.55,456881.76,1981.822717390741,21.46079,47.14403,2.298967,1862.4921546961325,1984.8676041666665,122.4,2.032828276097129,tvd_corrected,AH 1924.0-2052.7m → TVD 1862.5-1984.9m (correction: 61.5m)
BLT-01,141577.55,456881.76,1981.8952146949296,21.89972,47.93678,2.297954,1862.4921546961325,1984.8676041666665,122.4,2.032828276097129,tvd_corrected,AH 1924.0-2052.7m → TVD 1862.5-1984.9m (correction: 61.5m)
BLT-01,141577.55,456881.76,1981.9677119991184,22.1014,47.94511,2.296628,1862.4921546961325,1984.8676041666665,122.4,2.032828276097129,tvd_corrected,AH 1924.0-2052.7m → TVD 1862.5-1984.9m (correction: 61.5m)
BLT-01,141577.55,456881.76,1982.040209303307,22.1264,47.40212,2.29479,1862.4921546961325,1984.8676041666665,122.4,2.032828276097129,tvd_corrected,AH 1924.0-2052.7m → TVD 1862.5-1984.9m (correction: 61.5m)
BLT-01,141577.55,456881.76,1982.1127066074957,22.03271,46.42165,2.292557,1862.4921546961325,1984.8676041666665,122.4,2.032828276097129,tvd_corrected,AH 1924.0-2052.7m → TVD 1862.5-1984.9m (correction: 61.5m)
BLT-01,141577.55,456881.76,1982.1852039116845,21.891260000000003,45.13815,2.290107,1862.4921546961325,1984.8676041666665,122.4,2.032828276097129,tvd_corrected,AH 1924.0-2052.7m → TVD 1862.5-1984.9m (correction: 61.5m)
BLT-01,141577.55,456881.76,1982.257701215873,21.81955,44.51538,2.290343,1862.4921546961325,1984.8676041666665,122.4,2.032828276097129,tvd_corrected,AH 1924.0-2052.7m → TVD 1862.5-1984.9m (correction: 61.5m)
BLT-01,141577.55,456881.76,1982.330198520062,21.69316,44.23349,2.293681,1862.4921546961325,1984.8676041666665,122.4,2.032828276097129,tvd_corrected,AH 1924.0-2052.7m → TVD 1862.5-1984.9m (correction: 61.5m)
BLT-01,141577.55,456881.76,1982.4026958242505,21.39106,44.11074,2.298466,1862.4921546961325,1984.8676041666665,122.4,2.032828276097129,tvd_corrected,AH 1924.0-2052.7m → TVD 1862.5-1984.9m (correction: 61.5m)
BLT-01,141577.55,456881.76,1982.4751931284393,20.8451,44.00988,2.303174,1862.4921546961325,1984.8676041666665,122.4,2.032828276097129,tvd_corrected,AH 1924.0-2052.7m → TVD 1862.5-1984.9m (correction: 61.5m)
BLT-01,141577.55,456881.76,1982.5476904326279,20.45088,44.17047,2.306047,1862.4921546961325,1984.8676041666665,122.4,2.032828276097129,tvd_corrected,AH 1924.0-2052.7m → TVD 1862.5-1984.9m (correction: 61.5m)
BLT-01,141577.55,456881.76,1982.6201877368167,19.88857,45.06331,2.311542,1862.4921546961325,1984.8676041666665,122.4,2.032828276097129,tvd_corrected,AH 1924.0-2052.7m → TVD 1862.5-1984.9m (correction: 61.5m)
BLT-01,141577.55,456881.76,1982.6926850410055,19.13537,46.17017,2.318685,1862.4921546961325,1984.8676041666665,122.4,2.032828276097129,tvd_corrected,AH 1924.0-2052.7m → TVD 1862.5-1984.9m (correction: 61.5m)
BLT-01,141577.55,456881.76,1982.765182345194,18.23435,47.1231,2.326931,1862.4921546961325,1984.8676041666665,122.4,2.032828276097129,tvd_corrected,AH 1924.0-2052.7m → TVD 1862.5-1984.9m (correction: 61.5m)
BLT-01,141577.55,456881.76,1982.8376796493828,17.5201,47.28474,2.335969,1862.4921546961325,1984.8676041666665,122.4,2.032828276097129,tvd_corrected,AH 1924.0-2052.7m → TVD 1862.5-1984.9m (correction: 61.5m)
BLT-01,141577.55,456881.76,1982.9101769535714,16.65767,46.89609,2.35082,1862.4921546961325,1984.8676041666665,122.4,2.032828276097129,tvd_corrected,AH 1924.0-2052.7m → TVD 1862.5-1984.9m (correction: 61.5m)
BLT-01,141577.55,456881.76,1982.9826742577602,15.83822,46.41709,2.366201,1862.4921546961325,1984.8676041666665,122.4,2.032828276097129,tvd_corrected,AH 1924.0-2052.7m → TVD 1862.5-1984.9m (correction: 61.5m)
BLT-01,141577.55,456881.76,1983.055171561949,15.16949,46.03598,2.379772,1862.4921546961325,1984.8676041666665,122.4,2.032828276097129,tvd_corrected,AH 1924.0-2052.7m → TVD 1862.5-1984.9m (correction: 61.5m)
BLT-01,141577.55,456881.76,1983.1276688661376,14.81863,45.91523,2.389064,1862.4921546961325,1984.8676041666665,122.4,2.032828276097129,tvd_corrected,AH 1924.0-2052.7m → TVD 1862.5-1984.9m (correction: 61.5m)
BLT-01,141577.55,456881.76,1983.2001661703264,13.85661,46.22111,2.407187,1862.4921546961325,1984.8676041666665,122.4,2.032828276097129,tvd_corrected,AH 1924.0-2052.7m → TVD 1862.5-1984.9m (correction: 61.5m)
BLT-01,141577.55,456881.76,1983.272663474515,12.641240000000002,46.91085,2.428567,1862.4921546961325,1984.8676041666665,122.4,2.032828276097129,tvd_corrected,AH 1924.0-2052.7m → TVD 1862.5-1984.9m (correction: 61.5m)
BLT-01,141577.55,456881.76,1983.3451607787038,11.41766,48.07743,2.451295,1862.4921546961325,1984.8676041666665,122.4,2.032828276097129,tvd_corrected,AH 1924.0-2052.7m → TVD 1862.5-1984.9m (correction: 61.5m)
BLT-01,141577.55,456881.76,1983.4176580828923,10.55808,49.92283,2.473415,1862.4921546961325,1984.8676041666665,122.4,2.032828276097129,tvd_corrected,AH 1924.0-2052.7m → TVD 1862.5-1984.9m (correction: 61.5m)
BLT-01,141577.55,456881.76,1983.4901553870811,9.606232,54.15632,2.511043,1862.4921546961325,1984.8676041666665,122.4,2.032828276097129,tvd_corrected,AH 1924.0-2052.7m → TVD 1862.5-1984.9m (correction: 61.5m)
BLT-01,141577.55,456881.76,1983.56265269127,8.862558,58.38028,2.546234,1862.4921546961325,1984.8676041666665,122.4,2.032828276097129,tvd_corrected,AH 1924.0-2052.7m → TVD 1862.5-1984.9m (correction: 61.5m)
BLT-01,141577.55,456881.76,1983.6351499954585,8.423722,61.80613,2.573594,1862.4921546961325,1984.8676041666665,122.4,2.032828276097129,tvd_corrected,AH 1924.0-2052.7m → TVD 1862.5-1984.9m (correction: 61.5m)
BLT-01,141577.55,456881.76,1983.7076472996473,8.372599,63.69896,2.588312,1862.4921546961325,1984.8676041666665,122.4,2.032828276097129,tvd_corrected,AH 1924.0-2052.7m → TVD 1862.5-1984.9m (correction: 61.5m)
BLT-01,141577.55,456881.76,1983.7801446038359,8.658892999999999,64.15057,2.594384,1862.4921546961325,1984.8676041666665,122.4,2.032828276097129,tvd_corrected,AH 1924.0-2052.7m → TVD 1862.5-1984.9m (correction: 61.5m)
BLT-01,141577.55,456881.76,1983.8526419080247,9.119534,63.16526,2.59281,1862.4921546961325,1984.8676041666665,122.4,2.032828276097129,tvd_corrected,AH 1924.0-2052.7m → TVD 1862.5-1984.9m (correction: 61.5m)
BLT-01,141577.55,456881.76,1983.9251392122133,9.59224,61.56976,2.586711,1862.4921546961325,1984.8676041666665,122.4,2.032828276097129,tvd_corrected,AH 1924.0-2052.7m → TVD 1862.5-1984.9m (correction: 61.5m)
BLT-01,141577.55,456881.76,1983.997636516402,9.940284,60.16199,2.579107,1862.4921546961325,1984.8676041666665,122.4,2.032828276097129,tvd_corrected,AH 1924.0-2052.7m → TVD 1862.5-1984.9m (correction: 61.5m)
BLT-01,141577.55,456881.76,1984.0701338205909,10.09889,60.48404,2.575055,1862.4921546961325,1984.8676041666665,122.4,2.032828276097129,tvd_corrected,AH 1924.0-2052.7m → TVD 1862.5-1984.9m (correction: 61.5m)
BLT-01,141577.55,456881.76,1984.1426311247794,10.17088,62.03361,2.573407,1862.4921546961325,1984.8676041666665,122.4,2.032828276097129,tvd_corrected,AH 1924.0-2052.7m → TVD 1862.5-1984.9m (correction: 61.5m)
BLT-01,141577.55,456881.76,1984.2151284289682,10.17069,64.97662,2.575475,1862.4921546961325,1984.8676041666665,122.4,2.032828276097129,tvd_corrected,AH 1924.0-2052.7m → TVD 1862.5-1984.9m (correction: 61.5m)
BLT-01,141577.55,456881.76,1984.2876257331568,10.121,69.03358,2.581376,1862.4921546961325,1984.8676041666665,122.4,2.032828276097129,tvd_corrected,AH 1924.0-2052.7m → TVD 1862.5-1984.9m (correction: 61.5m)
BLT-01,141577.55,456881.76,1984.3601230373456,10.11386,72.04713,2.587909,1862.4921546961325,1984.8676041666665,122.4,2.032828276097129,tvd_corrected,AH 1924.0-2052.7m → TVD 1862.5-1984.9m (correction: 61.5m)
BLT-01,141577.55,456881.76,1984.4326203415344,10.1081,72.94167,2.590906,1862.4921546961325,1984.8676041666665,122.4,2.032828276097129,tvd_corrected,AH 1924.0-2052.7m → TVD 1862.5-1984.9m (correction: 61.5m)
BLT-01,141577.55,456881.76,1984.505117645723,9.836465,72.67194,2.591921,1862.4921546961325,1984.8676041666665,122.4,2.032828276097129,tvd_corrected,AH 1924.0-2052.7m → TVD 1862.5-1984.9m (correction: 61.5m)
BLT-01,141577.55,456881.76,1984.5776149499118,9.293016,71.85477,2.592332,1862.4921546961325,1984.8676041666665,122.4,2.032828276097129,tvd_corrected,AH 1924.0-2052.7m → TVD 1862.5-1984.9m (correction: 61.5m)
BLT-01,141577.55,456881.76,1984.6501122541003,8.720844,71.58733,2.59516,1862.4921546961325,1984.8676041666665,122.4,2.032828276097129,tvd_corrected,AH 1924.0-2052.7m → TVD 1862.5-1984.9m (correction: 61.5m)
BLT-01,141577.55,456881.76,1984.7226095582892,8.552382999999999,73.46318,2.603098,1862.4921546961325,1984.8676041666665,122.4,2.032828276097129,tvd_corrected,AH 1924.0-2052.7m → TVD 1862.5-1984.9m (correction: 61.5m)
BLT-01,141577.55,456881.76,1984.7951068624777,8.525792000000001,77.00587,2.613833,1862.4921546961325,1984.8676041666665,122.4,2.032828276097129,tvd_corrected,AH 1924.0-2052.7m → TVD 1862.5-1984.9m (correction: 61.5m)
BLT-01,141577.55,456881.76,1984.8676041666665,8.783811,83.38913,2.627311,1862.4921546961325,1984.8676041666665,122.4,2.032828276097129,tvd_corrected,AH 1924.0-2052.7m → TVD 1862.5-1984.9m (correction: 61.5m)
